{
  "logger": {
    "currentLogLevel": 20,
    "name": "root.bean.benchmarks.Defects4JBug"
  },
  "d4jCmd": "/home/liumengjiao/Desktop/defects4j/framework/bin/defects4j",
  "dataDir": "data/changesInfo/",
  "properties": {
    "trigger.tests": "org.apache.commons.compress.archivers.tar.TarUtilsTest::testRoundTripNames",
    "test.dir": "src/test/java",
    "clz.modified": "org.apache.commons.compress.archivers.tar.TarUtils",
    "src.dir": "src/main/java"
  },
  "timeoutSecond": 100,
  "proj": "Compress",
  "id": "7",
  "workingDir": "../bugs/Compress_7_tmp",
  "bug_name": "Compress_7",
  "derive": "defects4j",
  "trigger_tests": [
    {
      "test_class": "org.apache.commons.compress.archivers.tar.TarUtilsTest",
      "test_function": "testRoundTripNames",
      "assertion_line": "126",
      "exception": "junit.framework.ComparisonFailure",
      "message": "expected:\u003c0302-0601-3[±±±F06±W220±ZB±LALALA±±±±±±±±±±CAN±±DC±±±04±060302±]MOE.model\u003e but was:\u003c0302-0601-3[ﾱﾱﾱF06ﾱW220ﾱZBﾱLALALAﾱﾱﾱﾱﾱﾱﾱﾱﾱﾱCANﾱﾱDCﾱﾱﾱ04ﾱ060302ﾱ]MOE.model\u003e"
    }
  ],
  "fixing_changes": [
    {
      "changed_type": "UPDATE",
      "changed_class": [
        "src/main/java/org/apache/commons/compress/archivers/tar/TarUtils.java",
        "src/main/java/org/apache/commons/compress/archivers/tar/TarUtils.java"
      ],
      "changed_functions": [
        {
          "qualified_names": [
            "org.apache.commons.compress.archivers.tar.TarUtils:parseName:[byte[] buffer, final int offset, final int length]:String"
          ],
          "num": 1
        },
        {
          "qualified_names": [
            "org.apache.commons.compress.archivers.tar.TarUtils:parseName:[byte[] buffer, final int offset, final int length]:String"
          ],
          "num": 1
        }
      ],
      "changed_lines": [
        {
          "qualified_names": [
            "98",
            "99",
            "102"
          ],
          "num": 3
        },
        {
          "qualified_names": [
            "98",
            "101"
          ],
          "num": 2
        }
      ],
      "diff": "diff --git a/src/main/java/org/apache/commons/compress/archivers/tar/TarUtils.java b/src/main/java/org/apache/commons/compress/archivers/tar/TarUtils.java\nindex 8aba2e2..bca115f 100644\n--- a/src/main/java/org/apache/commons/compress/archivers/tar/TarUtils.java\n+++ b/src/main/java/org/apache/commons/compress/archivers/tar/TarUtils.java\n@@ -95,11 +95,10 @@\n         int          end \u003d offset + length;\n \n         for (int i \u003d offset; i \u003c end; ++i) {\n-            byte b \u003d buffer[i];\n-            if (b \u003d\u003d 0) { // Trailing null\n+            if (buffer[i] \u003d\u003d 0) {\n                 break;\n             }\n-            result.append((char) (b \u0026 0xFF)); // Allow for sign-extension\n+            result.append((char) buffer[i]);\n         }\n \n         return result.toString();\n",
      "operations": [
        {
          "type": "move-tree",
          "from": "",
          "to": ""
        },
        {
          "type": "insert-tree",
          "from": "",
          "to": "ArrayAccess [3619,3628]"
        },
        {
          "type": "delete-node",
          "from": "PrimitiveType: byte [3527,3531]",
          "to": ""
        },
        {
          "type": "delete-node",
          "from": "SimpleName: b [3532,3533]",
          "to": ""
        },
        {
          "type": "delete-node",
          "from": "VariableDeclarationFragment [3532,3545]",
          "to": ""
        },
        {
          "type": "delete-node",
          "from": "VariableDeclarationStatement [3527,3546]",
          "to": ""
        },
        {
          "type": "delete-node",
          "from": "SimpleName: b [3563,3564]",
          "to": ""
        },
        {
          "type": "delete-tree",
          "from": "ParenthesizedExpression [3660,3670]",
          "to": ""
        }
      ]
    }
  ],
  "fixing_type": {
    "add_classes": {
      "qualified_names": [],
      "num": 0
    },
    "delete_classes": {
      "qualified_names": [],
      "num": 0
    },
    "add_functions": {
      "qualified_names": [],
      "num": 0
    },
    "delete_functions": {
      "qualified_names": [],
      "num": 0
    }
  }
}