{
  "logger": {
    "currentLogLevel": 20,
    "name": "root.bean.benchmarks.Defects4JBug"
  },
  "d4jCmd": "/home/liumengjiao/Desktop/defects4j/framework/bin/defects4j",
  "dataDir": "data/changesInfo/",
  "properties": {
    "trigger.tests": "org.mockito.internal.stubbing.answers.AnswersValidatorTest::shouldFailWhenCallingRealMethodOnIterface,org.mockitousage.spies.SpyingOnInterfacesTest::shouldFailFastWhenCallingRealMethodOnInterface",
    "test.dir": "test",
    "clz.modified": "org.mockito.internal.stubbing.answers.AnswersValidator",
    "src.dir": "src"
  },
  "timeoutSecond": 100,
  "proj": "Mockito",
  "id": "37",
  "workingDir": "../bugs/Mockito_37_tmp",
  "bug_name": "Mockito_37",
  "derive": "defects4j",
  "trigger_tests": [
    {
      "test_class": "org.mockito.internal.stubbing.answers.AnswersValidatorTest",
      "test_function": "shouldFailWhenCallingRealMethodOnIterface",
      "assertion_line": "99",
      "exception": "junit.framework.AssertionFailedError",
      "message": ""
    },
    {
      "test_class": "org.mockitousage.spies.SpyingOnInterfacesTest",
      "test_function": "shouldFailFastWhenCallingRealMethodOnInterface",
      "assertion_line": "28",
      "exception": "junit.framework.AssertionFailedError",
      "message": ""
    }
  ],
  "fixing_changes": [
    {
      "changed_type": "UPDATE",
      "changed_class": [
        "src/org/mockito/internal/stubbing/answers/AnswersValidator.java",
        "src/org/mockito/internal/stubbing/answers/AnswersValidator.java"
      ],
      "changed_functions": [
        {
          "qualified_names": [
            "org.mockito.internal.stubbing.answers.AnswersValidator:validate:[Answer\u003c?\u003e answer, Invocation invocation]:void",
            "org.mockito.internal.stubbing.answers.AnswersValidator:validateMockingConcreteClass:[CallsRealMethods answer, Invocation invocation]:void"
          ],
          "num": 2
        },
        {
          "qualified_names": [
            "org.mockito.internal.stubbing.answers.AnswersValidator:validate:[Answer\u003c?\u003e answer, Invocation invocation]:void"
          ],
          "num": 1
        }
      ],
      "changed_lines": [
        {
          "qualified_names": [
            "28",
            "29",
            "30",
            "33",
            "34",
            "35",
            "36",
            "37"
          ],
          "num": 8
        },
        {
          "qualified_names": [
            "27"
          ],
          "num": 1
        }
      ],
      "diff": "diff --git a/src/org/mockito/internal/stubbing/answers/AnswersValidator.java b/src/org/mockito/internal/stubbing/answers/AnswersValidator.java\nindex afaf14a..5d80578 100644\n--- a/src/org/mockito/internal/stubbing/answers/AnswersValidator.java\n+++ b/src/org/mockito/internal/stubbing/answers/AnswersValidator.java\n@@ -25,16 +25,8 @@\n             validateDoNothing((DoesNothing) answer, invocation);\r\n         }\r\n         \r\n-        if (answer instanceof CallsRealMethods) {\r\n-            validateMockingConcreteClass((CallsRealMethods) answer, invocation);\r\n-        }\r\n     }\r\n \r\n-    private void validateMockingConcreteClass(CallsRealMethods answer, Invocation invocation) {\r\n-        if (invocation.getMethod().getDeclaringClass().isInterface()) {\r\n-            reporter.cannotCallRealMethodOnInterface();\r\n-        }\r\n-    }\r\n \r\n     private void validateDoNothing(DoesNothing answer, Invocation invocation) {\r\n         if (!invocation.isVoid()) {\r\n",
      "operations": [
        {
          "type": "delete-tree",
          "from": "IfStatement [874,1008]",
          "to": ""
        },
        {
          "type": "delete-tree",
          "from": "MethodDeclaration [1023,1262]",
          "to": ""
        }
      ]
    }
  ],
  "fixing_type": {
    "add_classes": {
      "qualified_names": [],
      "num": 0
    },
    "delete_classes": {
      "qualified_names": [],
      "num": 0
    },
    "add_functions": {
      "qualified_names": [],
      "num": 0
    },
    "delete_functions": {
      "qualified_names": [
        "org.mockito.internal.stubbing.answers.AnswersValidator:validateMockingConcreteClass:[CallsRealMethods answer, Invocation invocation]:void"
      ],
      "num": 1
    }
  }
}