{
  "logger": {
    "currentLogLevel": 20,
    "name": "root.bean.benchmarks.Defects4JBug"
  },
  "d4jCmd": "/home/liumengjiao/Desktop/defects4j/framework/bin/defects4j",
  "dataDir": "data/changesInfo/",
  "properties": {
    "trigger.tests": "org.apache.commons.cli.PosixParserTest::testUnrecognizedOption2",
    "test.dir": "src/test",
    "clz.modified": "org.apache.commons.cli.PosixParser",
    "src.dir": "src/java"
  },
  "timeoutSecond": 100,
  "proj": "Cli",
  "id": "19",
  "workingDir": "../bugs/Cli_19_tmp",
  "bug_name": "Cli_19",
  "derive": "defects4j",
  "trigger_tests": [
    {
      "test_class": "org.apache.commons.cli.PosixParserTest",
      "test_function": "testUnrecognizedOption2",
      "assertion_line": "110",
      "exception": "junit.framework.AssertionFailedError",
      "message": "UnrecognizedOptionException wasn\u0027t thrown"
    }
  ],
  "fixing_changes": [
    {
      "changed_type": "UPDATE",
      "changed_class": [
        "src/java/org/apache/commons/cli/PosixParser.java",
        "src/java/org/apache/commons/cli/PosixParser.java"
      ],
      "changed_functions": [
        {
          "qualified_names": [
            "org.apache.commons.cli.PosixParser:processOptionToken:[String token, boolean stopAtNonOption]:void"
          ],
          "num": 1
        },
        {
          "qualified_names": [
            "org.apache.commons.cli.PosixParser:processOptionToken:[String token, boolean stopAtNonOption]:void"
          ],
          "num": 1
        }
      ],
      "changed_lines": [
        {
          "qualified_names": [
            "237",
            "238"
          ],
          "num": 2
        },
        {
          "qualified_names": [
            "232",
            "237"
          ],
          "num": 2
        }
      ],
      "diff": "diff --git a/src/java/org/apache/commons/cli/PosixParser.java b/src/java/org/apache/commons/cli/PosixParser.java\nindex fe01ceb..08a9280 100644\n--- a/src/java/org/apache/commons/cli/PosixParser.java\n+++ b/src/java/org/apache/commons/cli/PosixParser.java\n@@ -229,13 +229,13 @@\n         if (options.hasOption(token))\n         {\n             currentOption \u003d options.getOption(token);\n+            tokens.add(token);\n         }\n         else if (stopAtNonOption)\n         {\n             eatTheRest \u003d true;\n+            tokens.add(token);\n         }\n-\n-        tokens.add(token);\n     }\n \n     /**\n",
      "operations": [
        {
          "type": "move-tree",
          "from": "",
          "to": ""
        },
        {
          "type": "insert-tree",
          "from": "",
          "to": "ExpressionStatement [8099,8117]"
        }
      ]
    }
  ],
  "fixing_type": {
    "add_classes": {
      "qualified_names": [],
      "num": 0
    },
    "delete_classes": {
      "qualified_names": [],
      "num": 0
    },
    "add_functions": {
      "qualified_names": [],
      "num": 0
    },
    "delete_functions": {
      "qualified_names": [],
      "num": 0
    }
  }
}