{
  "logger": {
    "currentLogLevel": 20,
    "name": "root.bean.benchmarks.Defects4JBug"
  },
  "d4jCmd": "/home/liumengjiao/Desktop/defects4j/framework/bin/defects4j",
  "dataDir": "data/changesInfo/",
  "properties": {
    "trigger.tests": "org.apache.commons.compress.ArchiveUtilsTest::sanitizeShortensString",
    "test.dir": "src/test/java",
    "clz.modified": "org.apache.commons.compress.utils.ArchiveUtils",
    "src.dir": "src/main/java"
  },
  "timeoutSecond": 100,
  "proj": "Compress",
  "id": "39",
  "workingDir": "../bugs/Compress_39_tmp",
  "bug_name": "Compress_39",
  "derive": "defects4j",
  "trigger_tests": [
    {
      "test_class": "org.apache.commons.compress.ArchiveUtilsTest",
      "test_function": "sanitizeShortensString",
      "assertion_line": "82",
      "exception": "junit.framework.AssertionFailedError",
      "message": "expected:\u003c...23456789012345678901[...]\u003e but was:\u003c...23456789012345678901[234567890123456789012345678901234567890123456789]\u003e"
    }
  ],
  "fixing_changes": [
    {
      "changed_type": "UPDATE",
      "changed_class": [
        "src/main/java/org/apache/commons/compress/utils/ArchiveUtils.java",
        "src/main/java/org/apache/commons/compress/utils/ArchiveUtils.java"
      ],
      "changed_functions": [
        {
          "qualified_names": [
            "org.apache.commons.compress.utils.ArchiveUtils:sanitize:[String s]:String"
          ],
          "num": 1
        },
        {
          "qualified_names": [
            "org.apache.commons.compress.utils.ArchiveUtils:sanitize:[String s]:String"
          ],
          "num": 1
        }
      ],
      "changed_lines": [
        {
          "qualified_names": [
            "31",
            "274",
            "275",
            "276",
            "277",
            "278",
            "279",
            "280"
          ],
          "num": 8
        },
        {
          "qualified_names": [
            "30",
            "273"
          ],
          "num": 2
        }
      ],
      "diff": "diff --git a/src/main/java/org/apache/commons/compress/utils/ArchiveUtils.java b/src/main/java/org/apache/commons/compress/utils/ArchiveUtils.java\nindex cd0165f..0a755ce 100644\n--- a/src/main/java/org/apache/commons/compress/utils/ArchiveUtils.java\n+++ b/src/main/java/org/apache/commons/compress/utils/ArchiveUtils.java\n@@ -28,7 +28,6 @@\n  */\n public class ArchiveUtils {\n \n-    private static final int MAX_SANITIZED_NAME_LENGTH \u003d 255;\n \n     /** Private constructor to prevent instantiation of this utility class. */\n     private ArchiveUtils(){\n@@ -271,13 +270,7 @@\n      * @since Compress 1.12\n      */\n     public static String sanitize(String s) {\n-        final char[] cs \u003d s.toCharArray();\n-        final char[] chars \u003d cs.length \u003c\u003d MAX_SANITIZED_NAME_LENGTH ? cs : Arrays.copyOf(cs, MAX_SANITIZED_NAME_LENGTH);\n-        if (cs.length \u003e MAX_SANITIZED_NAME_LENGTH) {\n-            for (int i \u003d MAX_SANITIZED_NAME_LENGTH - 3; i \u003c MAX_SANITIZED_NAME_LENGTH; i++) {\n-                chars[i] \u003d \u0027.\u0027;\n-            }\n-        }\n+        final char[] chars \u003d s.toCharArray();\n         final int len \u003d chars.length;\n         final StringBuilder sb \u003d new StringBuilder();\n         for (int i \u003d 0; i \u003c len; i++) {\n",
      "operations": [
        {
          "type": "update-node",
          "from": "",
          "to": ""
        },
        {
          "type": "delete-tree",
          "from": "FieldDeclaration [1050,1107]",
          "to": ""
        },
        {
          "type": "delete-tree",
          "from": "VariableDeclarationStatement [9761,9873]",
          "to": ""
        },
        {
          "type": "delete-tree",
          "from": "IfStatement [9882,10076]",
          "to": ""
        }
      ]
    }
  ],
  "fixing_type": {
    "add_classes": {
      "qualified_names": [],
      "num": 0
    },
    "delete_classes": {
      "qualified_names": [],
      "num": 0
    },
    "add_functions": {
      "qualified_names": [],
      "num": 0
    },
    "delete_functions": {
      "qualified_names": [],
      "num": 0
    }
  }
}