{
  "logger": {
    "currentLogLevel": 20,
    "name": "root.bean.benchmarks.Defects4JBug"
  },
  "d4jCmd": "/home/liumengjiao/Desktop/defects4j/framework/bin/defects4j",
  "dataDir": "data/changesInfo/",
  "properties": {
    "trigger.tests": "org.jsoup.nodes.ElementTest::appendMustCorrectlyMoveChildrenInsideOneParentElement",
    "test.dir": "src/test/java",
    "clz.modified": "org.jsoup.nodes.Node",
    "src.dir": "src/main/java"
  },
  "timeoutSecond": 100,
  "proj": "Jsoup",
  "id": "49",
  "workingDir": "../bugs/Jsoup_49_tmp",
  "bug_name": "Jsoup_49",
  "derive": "defects4j",
  "trigger_tests": [
    {
      "test_class": "org.jsoup.nodes.ElementTest",
      "test_function": "appendMustCorrectlyMoveChildrenInsideOneParentElement",
      "assertion_line": "878",
      "exception": "junit.framework.AssertionFailedError",
      "message": "expected:\u003c...\u003e\u003cdiv3\u003eCheck\u003c/div3\u003e\u003c[div4\u003e\u003c/div4\u003e\u003cdiv1\u003e\u003c/div1\u003e\u003cdiv2\u003e\u003c/div2\u003e\u003c]/body\u003e\u003e but was:\u003c...\u003e\u003cdiv3\u003eCheck\u003c/div3\u003e\u003c[]/body\u003e\u003e"
    }
  ],
  "fixing_changes": [
    {
      "changed_type": "UPDATE",
      "changed_class": [
        "src/main/java/org/jsoup/nodes/Node.java",
        "src/main/java/org/jsoup/nodes/Node.java"
      ],
      "changed_functions": [
        {
          "qualified_names": [
            "org.jsoup.nodes.Node:addChildren:[int index, Node... children]:void"
          ],
          "num": 1
        },
        {
          "qualified_names": [
            "org.jsoup.nodes.Node:addChildren:[int index, Node... children]:void"
          ],
          "num": 1
        }
      ],
      "changed_lines": [
        {
          "qualified_names": [
            "445"
          ],
          "num": 1
        },
        {
          "qualified_names": [
            "446"
          ],
          "num": 1
        }
      ],
      "diff": "diff --git a/src/main/java/org/jsoup/nodes/Node.java b/src/main/java/org/jsoup/nodes/Node.java\nindex b6bdb93..01a4cd1 100644\n--- a/src/main/java/org/jsoup/nodes/Node.java\n+++ b/src/main/java/org/jsoup/nodes/Node.java\n@@ -442,8 +442,8 @@\n             Node in \u003d children[i];\n             reparentChild(in);\n             childNodes.add(index, in);\n-            reindexChildren(index);\n         }\n+        reindexChildren(index);\n     }\n \n     protected void ensureChildNodes() {\n",
      "operations": [
        {
          "type": "move-tree",
          "from": "",
          "to": ""
        }
      ]
    }
  ],
  "fixing_type": {
    "add_classes": {
      "qualified_names": [],
      "num": 0
    },
    "delete_classes": {
      "qualified_names": [],
      "num": 0
    },
    "add_functions": {
      "qualified_names": [],
      "num": 0
    },
    "delete_functions": {
      "qualified_names": [],
      "num": 0
    }
  }
}