{
  "logger": {
    "currentLogLevel": 20,
    "name": "root.bean.benchmarks.Defects4JBug"
  },
  "d4jCmd": "/home/liumengjiao/Desktop/defects4j/framework/bin/defects4j",
  "dataDir": "data/changesInfo/",
  "properties": {
    "trigger.tests": "org.jsoup.parser.AttributeParseTest::dropsSlashFromAttributeName",
    "test.dir": "src/test/java",
    "clz.modified": "org.jsoup.parser.TokeniserState",
    "src.dir": "src/main/java"
  },
  "timeoutSecond": 100,
  "proj": "Jsoup",
  "id": "55",
  "workingDir": "../bugs/Jsoup_55_tmp",
  "bug_name": "Jsoup_55",
  "derive": "defects4j",
  "trigger_tests": [
    {
      "test_class": "org.jsoup.parser.AttributeParseTest",
      "test_function": "dropsSlashFromAttributeName",
      "assertion_line": "97",
      "exception": "junit.framework.AssertionFailedError",
      "message": "SelfClosingStartTag ignores last character"
    }
  ],
  "fixing_changes": [
    {
      "changed_type": "UPDATE",
      "changed_class": [
        "src/main/java/org/jsoup/parser/TokeniserState.java",
        "src/main/java/org/jsoup/parser/TokeniserState.java"
      ],
      "changed_functions": [
        {
          "qualified_names": [],
          "num": 0
        },
        {
          "qualified_names": [],
          "num": 0
        }
      ],
      "changed_lines": [
        {
          "qualified_names": [
            "883"
          ],
          "num": 1
        },
        {
          "qualified_names": [
            "882"
          ],
          "num": 1
        }
      ],
      "diff": "diff --git a/src/main/java/org/jsoup/parser/TokeniserState.java b/src/main/java/org/jsoup/parser/TokeniserState.java\nindex 2e998d5..3a2ac1f 100644\n--- a/src/main/java/org/jsoup/parser/TokeniserState.java\n+++ b/src/main/java/org/jsoup/parser/TokeniserState.java\n@@ -880,7 +880,6 @@\n                     break;\n                 default:\n                     t.error(this);\n-                    r.unconsume();\n                     t.transition(BeforeAttributeName);\n             }\n         }\n",
      "operations": [
        {
          "type": "delete-tree",
          "from": "ExpressionStatement [29722,29736]",
          "to": ""
        }
      ]
    }
  ],
  "fixing_type": {
    "add_classes": {
      "qualified_names": [],
      "num": 0
    },
    "delete_classes": {
      "qualified_names": [],
      "num": 0
    },
    "add_functions": {
      "qualified_names": [],
      "num": 0
    },
    "delete_functions": {
      "qualified_names": [],
      "num": 0
    }
  }
}