{
  "logger": {
    "currentLogLevel": 20,
    "name": "root.bean.benchmarks.Defects4JBug"
  },
  "d4jCmd": "/home/liumengjiao/Desktop/defects4j/framework/bin/defects4j",
  "dataDir": "data/changesInfo/",
  "properties": {
    "trigger.tests": "org.apache.commons.cli.BasicParserTest::testOptionGroupLong,org.apache.commons.cli.GnuParserTest::testOptionGroupLong,org.apache.commons.cli.PosixParserTest::testOptionGroupLong",
    "test.dir": "src/test",
    "clz.modified": "org.apache.commons.cli.OptionGroup",
    "src.dir": "src/java"
  },
  "timeoutSecond": 100,
  "proj": "Cli",
  "id": "27",
  "workingDir": "../bugs/Cli_27_tmp",
  "bug_name": "Cli_27",
  "derive": "defects4j",
  "trigger_tests": [
    {
      "test_class": "org.apache.commons.cli.BasicParserTest",
      "test_function": "testOptionGroupLong",
      "exception": "junit.framework.ComparisonFailure",
      "message": "selected option expected:\u003cbar\u003e but was:\u003cnull\u003e"
    }
  ],
  "fixing_changes": [
    {
      "changed_type": "UPDATE",
      "changed_class": [
        "src/java/org/apache/commons/cli/OptionGroup.java",
        "src/java/org/apache/commons/cli/OptionGroup.java"
      ],
      "changed_functions": [
        {
          "qualified_names": [
            "org.apache.commons.cli.OptionGroup:setSelected:[Option option]:void"
          ],
          "num": 1
        },
        {
          "qualified_names": [
            "org.apache.commons.cli.OptionGroup:setSelected:[Option option]:void"
          ],
          "num": 1
        }
      ],
      "changed_lines": [
        {
          "qualified_names": [
            "98",
            "100"
          ],
          "num": 2
        },
        {
          "qualified_names": [
            "98",
            "100"
          ],
          "num": 2
        }
      ],
      "diff": "diff --git a/src/java/org/apache/commons/cli/OptionGroup.java b/src/java/org/apache/commons/cli/OptionGroup.java\nindex 67cd5e2..dd474cc 100644\n--- a/src/java/org/apache/commons/cli/OptionGroup.java\n+++ b/src/java/org/apache/commons/cli/OptionGroup.java\n@@ -95,9 +95,9 @@\n         // if no option has already been selected or the \n         // same option is being reselected then set the\n         // selected member variable\n-        if (selected \u003d\u003d null || selected.equals(option.getKey()))\n+        if (selected \u003d\u003d null || selected.equals(option.getOpt()))\n         {\n-            selected \u003d option.getKey();\n+            selected \u003d option.getOpt();\n         }\n         else\n         {\n",
      "operations": [
        {
          "type": "update-node",
          "from": "",
          "to": ""
        },
        {
          "type": "update-node",
          "from": "",
          "to": ""
        }
      ]
    }
  ],
  "fixing_type": {
    "add_classes": {
      "qualified_names": [],
      "num": 0
    },
    "delete_classes": {
      "qualified_names": [],
      "num": 0
    },
    "add_functions": {
      "qualified_names": [],
      "num": 0
    },
    "delete_functions": {
      "qualified_names": [],
      "num": 0
    }
  }
}