{
  "logger": {
    "currentLogLevel": 20,
    "name": "root.bean.benchmarks.Defects4JBug"
  },
  "d4jCmd": "/home/liumengjiao/Desktop/defects4j/framework/bin/defects4j",
  "dataDir": "data/changesInfo/",
  "properties": {
    "trigger.tests": "org.apache.commons.compress.archivers.zip.ZipArchiveInputStreamTest::winzipBackSlashWorkaround,org.apache.commons.compress.archivers.zip.ZipFileTest::testWinzipBackSlashWorkaround",
    "test.dir": "src/test/java",
    "clz.modified": "org.apache.commons.compress.archivers.zip.ZipArchiveEntry",
    "src.dir": "src/main/java"
  },
  "timeoutSecond": 100,
  "proj": "Compress",
  "id": "13",
  "workingDir": "../bugs/Compress_13_tmp",
  "bug_name": "Compress_13",
  "derive": "defects4j",
  "trigger_tests": [
    {
      "test_class": "org.apache.commons.compress.archivers.zip.ZipArchiveInputStreamTest",
      "test_function": "winzipBackSlashWorkaround",
      "assertion_line": "43",
      "exception": "junit.framework.AssertionFailedError",
      "message": "expected:\u003cä[/]\u003e but was:\u003cä[\\]\u003e"
    },
    {
      "test_class": "org.apache.commons.compress.archivers.zip.ZipFileTest",
      "test_function": "testWinzipBackSlashWorkaround",
      "assertion_line": "149",
      "exception": "junit.framework.AssertionFailedError",
      "message": "Expected: \u003cnull\u003e but was: ä\\ü.txt"
    }
  ],
  "fixing_changes": [
    {
      "changed_type": "UPDATE",
      "changed_class": [
        "src/main/java/org/apache/commons/compress/archivers/zip/ZipArchiveEntry.java",
        "src/main/java/org/apache/commons/compress/archivers/zip/ZipArchiveEntry.java"
      ],
      "changed_functions": [
        {
          "qualified_names": [
            "org.apache.commons.compress.archivers.zip.ZipArchiveEntry:setName:[String name]:void"
          ],
          "num": 1
        },
        {
          "qualified_names": [
            "org.apache.commons.compress.archivers.zip.ZipArchiveEntry:setName:[String name]:void"
          ],
          "num": 1
        }
      ],
      "changed_lines": [
        {
          "qualified_names": [
            "512",
            "513",
            "514",
            "515"
          ],
          "num": 4
        },
        {
          "qualified_names": [
            "511"
          ],
          "num": 1
        }
      ],
      "diff": "diff --git a/src/main/java/org/apache/commons/compress/archivers/zip/ZipArchiveEntry.java b/src/main/java/org/apache/commons/compress/archivers/zip/ZipArchiveEntry.java\nindex db07960..88cf183 100644\n--- a/src/main/java/org/apache/commons/compress/archivers/zip/ZipArchiveEntry.java\n+++ b/src/main/java/org/apache/commons/compress/archivers/zip/ZipArchiveEntry.java\n@@ -509,10 +509,6 @@\n      * @param name the name to use\n      */\n     protected void setName(String name) {\n-        if (name !\u003d null \u0026\u0026 getPlatform() \u003d\u003d PLATFORM_FAT\n-            \u0026\u0026 name.indexOf(\"/\") \u003d\u003d -1) {\n-            name \u003d name.replace(\u0027\\\\\u0027, \u0027/\u0027);\n-        }\n         this.name \u003d name;\n     }\n \n",
      "operations": [
        {
          "type": "delete-tree",
          "from": "IfStatement [16579,16724]",
          "to": ""
        }
      ]
    }
  ],
  "fixing_type": {
    "add_classes": {
      "qualified_names": [],
      "num": 0
    },
    "delete_classes": {
      "qualified_names": [],
      "num": 0
    },
    "add_functions": {
      "qualified_names": [],
      "num": 0
    },
    "delete_functions": {
      "qualified_names": [],
      "num": 0
    }
  }
}