{
  "logger": {
    "currentLogLevel": 20,
    "name": "root.bean.benchmarks.Defects4JBug"
  },
  "d4jCmd": "/home/liumengjiao/Desktop/defects4j/framework/bin/defects4j",
  "dataDir": "data/changesInfo/",
  "properties": {
    "trigger.tests": "org.apache.commons.cli.OptionsTest::testMissingOptionsException,org.apache.commons.cli.OptionsTest::testMissingOptionException",
    "test.dir": "src/test",
    "clz.modified": "org.apache.commons.cli.Parser",
    "src.dir": "src/java"
  },
  "timeoutSecond": 100,
  "proj": "Cli",
  "id": "4",
  "workingDir": "../bugs/Cli_4_tmp",
  "bug_name": "Cli_4",
  "derive": "defects4j",
  "trigger_tests": [
    {
      "test_class": "org.apache.commons.cli.OptionsTest",
      "test_function": "testMissingOptionsException",
      "assertion_line": "116",
      "exception": "junit.framework.ComparisonFailure",
      "message": "expected:\u003c[Missing required options: ]fx\u003e but was:\u003c[]fx\u003e"
    },
    {
      "test_class": "org.apache.commons.cli.OptionsTest",
      "test_function": "testMissingOptionException",
      "assertion_line": "104",
      "exception": "junit.framework.ComparisonFailure",
      "message": "expected:\u003c[Missing required option: ]f\u003e but was:\u003c[]f\u003e"
    }
  ],
  "fixing_changes": [
    {
      "changed_type": "UPDATE",
      "changed_class": [
        "src/java/org/apache/commons/cli/Parser.java",
        "src/java/org/apache/commons/cli/Parser.java"
      ],
      "changed_functions": [
        {
          "qualified_names": [
            "org.apache.commons.cli.Parser:checkRequiredOptions:[]:void"
          ],
          "num": 1
        },
        {
          "qualified_names": [
            "org.apache.commons.cli.Parser:checkRequiredOptions:[]:void"
          ],
          "num": 1
        }
      ],
      "changed_lines": [
        {
          "qualified_names": [
            "298",
            "299",
            "300"
          ],
          "num": 3
        },
        {
          "qualified_names": [
            "298"
          ],
          "num": 1
        }
      ],
      "diff": "diff --git a/src/java/org/apache/commons/cli/Parser.java b/src/java/org/apache/commons/cli/Parser.java\nindex 2843ef1..35b025e 100644\n--- a/src/java/org/apache/commons/cli/Parser.java\n+++ b/src/java/org/apache/commons/cli/Parser.java\n@@ -295,9 +295,7 @@\n         if (requiredOptions.size() \u003e 0)\n         {\n             Iterator iter \u003d requiredOptions.iterator();\n-            StringBuffer buff \u003d new StringBuffer(\"Missing required option\");\n-            buff.append(requiredOptions.size() \u003d\u003d 1 ? \"\" : \"s\");\n-            buff.append(\": \");\n+            StringBuffer buff \u003d new StringBuffer();\n \n \n             // loop through the required options\n",
      "operations": [
        {
          "type": "delete-node",
          "from": "StringLiteral: \"Missing required option\" [9467,9492]",
          "to": ""
        },
        {
          "type": "delete-tree",
          "from": "ExpressionStatement [9507,9559]",
          "to": ""
        },
        {
          "type": "delete-tree",
          "from": "ExpressionStatement [9572,9590]",
          "to": ""
        }
      ]
    }
  ],
  "fixing_type": {
    "add_classes": {
      "qualified_names": [],
      "num": 0
    },
    "delete_classes": {
      "qualified_names": [],
      "num": 0
    },
    "add_functions": {
      "qualified_names": [],
      "num": 0
    },
    "delete_functions": {
      "qualified_names": [],
      "num": 0
    }
  }
}