{
  "logger": {
    "currentLogLevel": 20,
    "name": "root.bean.benchmarks.Defects4JBug"
  },
  "d4jCmd": "/home/liumengjiao/Desktop/defects4j/framework/bin/defects4j",
  "dataDir": "data/changesInfo/",
  "properties": {
    "trigger.tests": "com.fasterxml.jackson.databind.interop.IllegalTypesCheckTest::testJDKTypes1872",
    "test.dir": "src/test/java",
    "clz.modified": "com.fasterxml.jackson.databind.jsontype.impl.SubTypeValidator",
    "src.dir": "src/main/java"
  },
  "timeoutSecond": 100,
  "proj": "JacksonDatabind",
  "id": "93",
  "workingDir": "../bugs/JacksonDatabind_93_tmp",
  "bug_name": "JacksonDatabind_93",
  "derive": "defects4j",
  "trigger_tests": [
    {
      "test_class": "com.fasterxml.jackson.databind.interop.IllegalTypesCheckTest",
      "test_function": "testJDKTypes1872",
      "assertion_line": "112",
      "exception": "java.lang.NullPointerException",
      "message": ""
    }
  ],
  "fixing_changes": [
    {
      "changed_type": "UPDATE",
      "changed_class": [
        "src/main/java/com/fasterxml/jackson/databind/jsontype/impl/SubTypeValidator.java",
        "src/main/java/com/fasterxml/jackson/databind/jsontype/impl/SubTypeValidator.java"
      ],
      "changed_functions": [
        {
          "qualified_names": [
            "com.fasterxml.jackson.databind.jsontype.impl.SubTypeValidator:validateSubType:[DeserializationContext ctxt, JavaType type]:void"
          ],
          "num": 1
        },
        {
          "qualified_names": [
            "com.fasterxml.jackson.databind.jsontype.impl.SubTypeValidator:validateSubType:[DeserializationContext ctxt, JavaType type]:void"
          ],
          "num": 1
        }
      ],
      "changed_lines": [
        {
          "qualified_names": [
            "83",
            "84"
          ],
          "num": 2
        },
        {
          "qualified_names": [
            "83",
            "84"
          ],
          "num": 2
        }
      ],
      "diff": "diff --git a/src/main/java/com/fasterxml/jackson/databind/jsontype/impl/SubTypeValidator.java b/src/main/java/com/fasterxml/jackson/databind/jsontype/impl/SubTypeValidator.java\nindex 42273e0..afc7c45 100644\n--- a/src/main/java/com/fasterxml/jackson/databind/jsontype/impl/SubTypeValidator.java\n+++ b/src/main/java/com/fasterxml/jackson/databind/jsontype/impl/SubTypeValidator.java\n@@ -80,8 +80,8 @@\n             // 18-Dec-2017, tatu: As per [databind#1855], need bit more sophisticated handling\n             //    for some Spring framework types\n             // 05-Jan-2017, tatu: ... also, only applies to classes, not interfaces\n-            if (!raw.isInterface() \u0026\u0026 full.startsWith(PREFIX_STRING)) {\n-                for (Class\u003c?\u003e cls \u003d raw; (cls !\u003d null) \u0026\u0026 (cls !\u003d Object.class); cls \u003d cls.getSuperclass()) {\n+            if (full.startsWith(PREFIX_STRING)) {\n+                for (Class\u003c?\u003e cls \u003d raw; cls !\u003d Object.class; cls \u003d cls.getSuperclass()) {\n                     String name \u003d cls.getSimpleName();\n                     // looking for \"AbstractBeanFactoryPointcutAdvisor\" but no point to allow any is there?\n                     if (\"AbstractPointcutAdvisor\".equals(name)\n",
      "operations": [
        {
          "type": "move-tree",
          "from": "",
          "to": ""
        },
        {
          "type": "move-tree",
          "from": "",
          "to": ""
        },
        {
          "type": "delete-tree",
          "from": "PrefixExpression [3603,3621]",
          "to": ""
        },
        {
          "type": "delete-node",
          "from": "INFIX_EXPRESSION_OPERATOR: \u0026\u0026 [3622,3624]",
          "to": ""
        },
        {
          "type": "delete-node",
          "from": "InfixExpression [3603,3655]",
          "to": ""
        },
        {
          "type": "delete-tree",
          "from": "ParenthesizedExpression [3700,3713]",
          "to": ""
        },
        {
          "type": "delete-node",
          "from": "INFIX_EXPRESSION_OPERATOR: \u0026\u0026 [3714,3716]",
          "to": ""
        },
        {
          "type": "delete-node",
          "from": "ParenthesizedExpression [3717,3738]",
          "to": ""
        },
        {
          "type": "delete-node",
          "from": "InfixExpression [3700,3738]",
          "to": ""
        }
      ]
    }
  ],
  "fixing_type": {
    "add_classes": {
      "qualified_names": [],
      "num": 0
    },
    "delete_classes": {
      "qualified_names": [],
      "num": 0
    },
    "add_functions": {
      "qualified_names": [],
      "num": 0
    },
    "delete_functions": {
      "qualified_names": [],
      "num": 0
    }
  }
}