{
  "logger": {
    "currentLogLevel": 20,
    "name": "root.bean.benchmarks.Defects4JBug"
  },
  "d4jCmd": "/home/liumengjiao/Desktop/defects4j/framework/bin/defects4j",
  "dataDir": "data/changesInfo/",
  "properties": {
    "trigger.tests": "org.jsoup.parser.ParserTest::handles0CharacterAsText",
    "test.dir": "src/test/java",
    "clz.modified": "org.jsoup.parser.TreeBuilderState",
    "src.dir": "src/main/java"
  },
  "timeoutSecond": 100,
  "proj": "Jsoup",
  "id": "17",
  "workingDir": "../bugs/Jsoup_17_tmp",
  "bug_name": "Jsoup_17",
  "derive": "defects4j",
  "trigger_tests": [
    {
      "test_class": "org.jsoup.parser.ParserTest",
      "test_function": "handles0CharacterAsText",
      "assertion_line": "609",
      "exception": "junit.framework.AssertionFailedError",
      "message": "expected:\u003c[0"
    }
  ],
  "fixing_changes": [
    {
      "changed_type": "UPDATE",
      "changed_class": [
        "src/main/java/org/jsoup/parser/TreeBuilderState.java",
        "src/main/java/org/jsoup/parser/TreeBuilderState.java"
      ],
      "changed_functions": [
        {
          "qualified_names": [],
          "num": 0
        },
        {
          "qualified_names": [],
          "num": 0
        }
      ],
      "changed_lines": [
        {
          "qualified_names": [
            "1451"
          ],
          "num": 1
        },
        {
          "qualified_names": [
            "1451"
          ],
          "num": 1
        }
      ],
      "diff": "diff --git a/src/main/java/org/jsoup/parser/TreeBuilderState.java b/src/main/java/org/jsoup/parser/TreeBuilderState.java\nindex 9fd235c..4ae01e1 100644\n--- a/src/main/java/org/jsoup/parser/TreeBuilderState.java\n+++ b/src/main/java/org/jsoup/parser/TreeBuilderState.java\n@@ -1448,7 +1448,7 @@\n         }\n     };\n \n-    private static String nullString \u003d String.valueOf(\u0027\\u0000\u0027);\n+    private static String nullString \u003d String.valueOf(0x0000);\n \n     abstract boolean process(Token t, TreeBuilder tb);\n \n",
      "operations": [
        {
          "type": "insert-node",
          "from": "",
          "to": "NumberLiteral: 0x0000 [67093,67099]"
        },
        {
          "type": "delete-node",
          "from": "CharacterLiteral: \u0027\\u0000\u0027 [67093,67101]",
          "to": ""
        }
      ]
    }
  ],
  "fixing_type": {
    "add_classes": {
      "qualified_names": [],
      "num": 0
    },
    "delete_classes": {
      "qualified_names": [],
      "num": 0
    },
    "add_functions": {
      "qualified_names": [],
      "num": 0
    },
    "delete_functions": {
      "qualified_names": [],
      "num": 0
    }
  }
}