{
  "logger": {
    "currentLogLevel": 20,
    "name": "root.bean.benchmarks.Defects4JBug"
  },
  "d4jCmd": "/home/liumengjiao/Desktop/defects4j/framework/bin/defects4j",
  "dataDir": "data/changesInfo/",
  "properties": {
    "trigger.tests": "com.fasterxml.jackson.databind.introspect.TestMixinMerging::testDisappearingMixins515",
    "test.dir": "src/test/java",
    "clz.modified": "com.fasterxml.jackson.databind.introspect.AnnotatedClass",
    "src.dir": "src/main/java"
  },
  "timeoutSecond": 100,
  "proj": "JacksonDatabind",
  "id": "5",
  "workingDir": "../bugs/JacksonDatabind_5_tmp",
  "bug_name": "JacksonDatabind_5",
  "derive": "defects4j",
  "trigger_tests": [
    {
      "test_class": "com.fasterxml.jackson.databind.introspect.TestMixinMerging",
      "test_function": "testDisappearingMixins515",
      "assertion_line": "48",
      "exception": "com.fasterxml.jackson.databind.JsonMappingException",
      "message": "No serializer found for class com.fasterxml.jackson.databind.introspect.TestMixinMerging$PersonImpl and no properties discovered to create BeanSerializer (to avoid exception, disable SerializationFeature.FAIL_ON_EMPTY_BEANS) )"
    }
  ],
  "fixing_changes": [
    {
      "changed_type": "UPDATE",
      "changed_class": [
        "src/main/java/com/fasterxml/jackson/databind/introspect/AnnotatedClass.java",
        "src/main/java/com/fasterxml/jackson/databind/introspect/AnnotatedClass.java"
      ],
      "changed_functions": [
        {
          "qualified_names": [
            "com.fasterxml.jackson.databind.introspect.AnnotatedClass:_addMethodMixIns:[Class\u003c?\u003e targetClass, AnnotatedMethodMap methods, Class\u003c?\u003e mixInCls, AnnotatedMethodMap mixIns]:void"
          ],
          "num": 1
        },
        {
          "qualified_names": [
            "com.fasterxml.jackson.databind.introspect.AnnotatedClass:_addMethodMixIns:[Class\u003c?\u003e targetClass, AnnotatedMethodMap methods, Class\u003c?\u003e mixInCls, AnnotatedMethodMap mixIns]:void"
          ],
          "num": 1
        }
      ],
      "changed_lines": [
        {
          "qualified_names": [
            "658",
            "659",
            "660",
            "661",
            "663"
          ],
          "num": 5
        },
        {
          "qualified_names": [
            "657"
          ],
          "num": 1
        }
      ],
      "diff": "diff --git a/src/main/java/com/fasterxml/jackson/databind/introspect/AnnotatedClass.java b/src/main/java/com/fasterxml/jackson/databind/introspect/AnnotatedClass.java\nindex fa379b1..d6e44ab 100644\n--- a/src/main/java/com/fasterxml/jackson/databind/introspect/AnnotatedClass.java\n+++ b/src/main/java/com/fasterxml/jackson/databind/introspect/AnnotatedClass.java\n@@ -655,12 +655,7 @@\n                      */\n                 } else {\n                     // Well, or, as per [Issue#515], multi-level merge within mixins...\n-                    am \u003d mixIns.find(m);\n-                    if (am !\u003d null) {\n-                        _addMixUnders(m, am);\n-                    } else {\n                         mixIns.add(_constructMethod(m));\n-                    }\n                 }\n             }\n         }\n",
      "operations": [
        {
          "type": "move-tree",
          "from": "",
          "to": ""
        },
        {
          "type": "delete-tree",
          "from": "ExpressionStatement [23248,23268]",
          "to": ""
        },
        {
          "type": "delete-tree",
          "from": "InfixExpression [23293,23303]",
          "to": ""
        },
        {
          "type": "delete-tree",
          "from": "Block [23305,23374]",
          "to": ""
        },
        {
          "type": "delete-node",
          "from": "Block [23380,23460]",
          "to": ""
        },
        {
          "type": "delete-node",
          "from": "IfStatement [23289,23460]",
          "to": ""
        }
      ]
    }
  ],
  "fixing_type": {
    "add_classes": {
      "qualified_names": [],
      "num": 0
    },
    "delete_classes": {
      "qualified_names": [],
      "num": 0
    },
    "add_functions": {
      "qualified_names": [],
      "num": 0
    },
    "delete_functions": {
      "qualified_names": [],
      "num": 0
    }
  }
}