{
  "logger": {
    "currentLogLevel": 20,
    "name": "root.bean.benchmarks.Defects4JBug"
  },
  "d4jCmd": "/home/liumengjiao/Desktop/defects4j/framework/bin/defects4j",
  "dataDir": "data/changesInfo/",
  "properties": {
    "trigger.tests": "org.mockito.internal.matchers.EqualityTest::shouldKnowIfObjectsAreEqual",
    "test.dir": "test",
    "clz.modified": "org.mockito.internal.matchers.Equality",
    "src.dir": "src"
  },
  "timeoutSecond": 100,
  "proj": "Mockito",
  "id": "22",
  "workingDir": "../bugs/Mockito_22_tmp",
  "bug_name": "Mockito_22",
  "derive": "defects4j",
  "trigger_tests": [
    {
      "test_class": "org.mockito.internal.matchers.EqualityTest",
      "test_function": "shouldKnowIfObjectsAreEqual",
      "assertion_line": "34",
      "exception": "java.lang.RuntimeException",
      "message": ""
    }
  ],
  "fixing_changes": [
    {
      "changed_type": "UPDATE",
      "changed_class": [
        "src/org/mockito/internal/matchers/Equality.java",
        "src/org/mockito/internal/matchers/Equality.java"
      ],
      "changed_functions": [
        {
          "qualified_names": [
            "org.mockito.internal.matchers.Equality:areEqual:[Object o1, Object o2]:boolean"
          ],
          "num": 1
        },
        {
          "qualified_names": [
            "org.mockito.internal.matchers.Equality:areEqual:[Object o1, Object o2]:boolean"
          ],
          "num": 1
        }
      ],
      "changed_lines": [
        {
          "qualified_names": [
            "13",
            "14",
            "15"
          ],
          "num": 3
        },
        {
          "qualified_names": [
            "13"
          ],
          "num": 1
        }
      ],
      "diff": "diff --git a/src/org/mockito/internal/matchers/Equality.java b/src/org/mockito/internal/matchers/Equality.java\nindex 0791441..43e11fc 100644\n--- a/src/org/mockito/internal/matchers/Equality.java\n+++ b/src/org/mockito/internal/matchers/Equality.java\n@@ -10,9 +10,7 @@\n public class Equality {\r\n \r\n     public static boolean areEqual(Object o1, Object o2) {\r\n-        if (o1 \u003d\u003d o2 ) {\r\n-            return true;\r\n-\t} else if (o1 \u003d\u003d null || o2 \u003d\u003d null) {\r\n+        if (o1 \u003d\u003d null || o2 \u003d\u003d null) {\r\n             return o1 \u003d\u003d null \u0026\u0026 o2 \u003d\u003d null;\r\n         } else if (isArray(o1)) {\r\n             return isArray(o2) \u0026\u0026 areArraysEqual(o1, o2);\r\n",
      "operations": [
        {
          "type": "move-tree",
          "from": "",
          "to": ""
        },
        {
          "type": "delete-tree",
          "from": "InfixExpression [386,394]",
          "to": ""
        },
        {
          "type": "delete-tree",
          "from": "Block [397,428]",
          "to": ""
        },
        {
          "type": "delete-node",
          "from": "IfStatement [382,669]",
          "to": ""
        }
      ]
    }
  ],
  "fixing_type": {
    "add_classes": {
      "qualified_names": [],
      "num": 0
    },
    "delete_classes": {
      "qualified_names": [],
      "num": 0
    },
    "add_functions": {
      "qualified_names": [],
      "num": 0
    },
    "delete_functions": {
      "qualified_names": [],
      "num": 0
    }
  }
}