{
  "logger": {
    "currentLogLevel": 20,
    "name": "root.bean.benchmarks.Defects4JBug"
  },
  "d4jCmd": "/home/liumengjiao/Desktop/defects4j/framework/bin/defects4j",
  "dataDir": "data/changesInfo/",
  "properties": {
    "trigger.tests": "com.fasterxml.jackson.dataformat.xml.MapperCopyTest::testCopyWith",
    "test.dir": "src/test/java",
    "clz.modified": "com.fasterxml.jackson.dataformat.xml.ser.XmlSerializerProvider",
    "src.dir": "src/main/java"
  },
  "timeoutSecond": 100,
  "proj": "JacksonXml",
  "id": "5",
  "workingDir": "../bugs/JacksonXml_5_tmp",
  "bug_name": "JacksonXml_5",
  "derive": "defects4j",
  "trigger_tests": [
    {
      "test_class": "com.fasterxml.jackson.dataformat.xml.MapperCopyTest",
      "test_function": "testCopyWith",
      "assertion_line": "89",
      "exception": "junit.framework.AssertionFailedError",
      "message": "Should NOT use name \u0027AnnotatedName\u0027 but \u0027Pojo282\u0027, xml \u003d \u003cAnnotatedName\u003e\u003ca\u003e3\u003c/a\u003e\u003c/AnnotatedName\u003e"
    }
  ],
  "fixing_changes": [
    {
      "changed_type": "UPDATE",
      "changed_class": [
        "src/main/java/com/fasterxml/jackson/dataformat/xml/ser/XmlSerializerProvider.java",
        "src/main/java/com/fasterxml/jackson/dataformat/xml/ser/XmlSerializerProvider.java"
      ],
      "changed_functions": [
        {
          "qualified_names": [
            "com.fasterxml.jackson.dataformat.xml.ser.XmlSerializerProvider:XmlSerializerProvider:[XmlSerializerProvider src]:null"
          ],
          "num": 1
        },
        {
          "qualified_names": [
            "com.fasterxml.jackson.dataformat.xml.ser.XmlSerializerProvider:XmlSerializerProvider:[XmlSerializerProvider src]:null"
          ],
          "num": 1
        }
      ],
      "changed_lines": [
        {
          "qualified_names": [
            "59"
          ],
          "num": 1
        },
        {
          "qualified_names": [
            "59"
          ],
          "num": 1
        }
      ],
      "diff": "diff --git a/src/main/java/com/fasterxml/jackson/dataformat/xml/ser/XmlSerializerProvider.java b/src/main/java/com/fasterxml/jackson/dataformat/xml/ser/XmlSerializerProvider.java\nindex a50e1a8..b139d09 100644\n--- a/src/main/java/com/fasterxml/jackson/dataformat/xml/ser/XmlSerializerProvider.java\n+++ b/src/main/java/com/fasterxml/jackson/dataformat/xml/ser/XmlSerializerProvider.java\n@@ -56,7 +56,7 @@\n         super(src);\n         // 21-May-2018, tatu: As per [dataformat-xml#282], should NOT really copy\n         //    root name lookup as that may link back to diff version, configuration\n-        _rootNameLookup \u003d new XmlRootNameLookup();\n+        _rootNameLookup \u003d src._rootNameLookup;\n     }\n \n     /*\n",
      "operations": [
        {
          "type": "insert-tree",
          "from": "",
          "to": "ExpressionStatement [2108,2146]"
        },
        {
          "type": "delete-tree",
          "from": "ExpressionStatement [2108,2150]",
          "to": ""
        }
      ]
    }
  ],
  "fixing_type": {
    "add_classes": {
      "qualified_names": [],
      "num": 0
    },
    "delete_classes": {
      "qualified_names": [],
      "num": 0
    },
    "add_functions": {
      "qualified_names": [],
      "num": 0
    },
    "delete_functions": {
      "qualified_names": [],
      "num": 0
    }
  }
}