{
  "logger": {
    "currentLogLevel": 20,
    "name": "root.bean.benchmarks.Defects4JBug"
  },
  "d4jCmd": "/home/liumengjiao/Desktop/defects4j/framework/bin/defects4j",
  "dataDir": "data/changesInfo/",
  "properties": {
    "trigger.tests": "org.apache.commons.cli.HelpFormatterTest::testPrintWrapped",
    "test.dir": "src/test",
    "clz.modified": "org.apache.commons.cli.HelpFormatter",
    "src.dir": "src/java"
  },
  "timeoutSecond": 100,
  "proj": "Cli",
  "id": "8",
  "workingDir": "../bugs/Cli_8_tmp",
  "bug_name": "Cli_8",
  "derive": "defects4j",
  "trigger_tests": [
    {
      "test_class": "org.apache.commons.cli.HelpFormatterTest",
      "test_function": "testPrintWrapped",
      "assertion_line": "96",
      "exception": "junit.framework.ComparisonFailure",
      "message": "single line padded text 2 expected:\u003c...TE[-DATE] where DATE["
    }
  ],
  "fixing_changes": [
    {
      "changed_type": "UPDATE",
      "changed_class": [
        "src/java/org/apache/commons/cli/HelpFormatter.java",
        "src/java/org/apache/commons/cli/HelpFormatter.java"
      ],
      "changed_functions": [
        {
          "qualified_names": [
            "org.apache.commons.cli.HelpFormatter:renderWrappedText:[StringBuffer sb, int width, int nextLineTabStop, String text]:StringBuffer"
          ],
          "num": 1
        },
        {
          "qualified_names": [
            "org.apache.commons.cli.HelpFormatter:renderWrappedText:[StringBuffer sb, int width, int nextLineTabStop, String text]:StringBuffer"
          ],
          "num": 1
        }
      ],
      "changed_lines": [
        {
          "qualified_names": [
            "812"
          ],
          "num": 1
        },
        {
          "qualified_names": [
            "812"
          ],
          "num": 1
        }
      ],
      "diff": "diff --git a/src/java/org/apache/commons/cli/HelpFormatter.java b/src/java/org/apache/commons/cli/HelpFormatter.java\nindex 40873f5..639b9d5 100644\n--- a/src/java/org/apache/commons/cli/HelpFormatter.java\n+++ b/src/java/org/apache/commons/cli/HelpFormatter.java\n@@ -809,7 +809,7 @@\n         while (true)\n         {\n             text \u003d padding + text.substring(pos).trim();\n-            pos \u003d findWrapPos(text, width, 0);\n+            pos \u003d findWrapPos(text, width, nextLineTabStop);\n \n             if (pos \u003d\u003d -1)\n             {\n",
      "operations": [
        {
          "type": "insert-node",
          "from": "",
          "to": "SimpleName: nextLineTabStop [25273,25288]"
        },
        {
          "type": "delete-node",
          "from": "NumberLiteral: 0 [25273,25274]",
          "to": ""
        }
      ]
    }
  ],
  "fixing_type": {
    "add_classes": {
      "qualified_names": [],
      "num": 0
    },
    "delete_classes": {
      "qualified_names": [],
      "num": 0
    },
    "add_functions": {
      "qualified_names": [],
      "num": 0
    },
    "delete_functions": {
      "qualified_names": [],
      "num": 0
    }
  }
}