{
  "logger": {
    "currentLogLevel": 20,
    "name": "root.bean.benchmarks.Defects4JBug"
  },
  "d4jCmd": "/home/liumengjiao/Desktop/defects4j/framework/bin/defects4j",
  "dataDir": "data/changesInfo/",
  "properties": {
    "trigger.tests": "org.apache.commons.jxpath.ri.compiler.CoreOperationTest::testNan",
    "test.dir": "src/test",
    "clz.modified": "org.apache.commons.jxpath.ri.compiler.CoreOperationRelationalExpression",
    "src.dir": "src/java"
  },
  "timeoutSecond": 100,
  "proj": "JxPath",
  "id": "8",
  "workingDir": "../bugs/JxPath_8_tmp",
  "bug_name": "JxPath_8",
  "derive": "defects4j",
  "trigger_tests": [
    {
      "test_class": "org.apache.commons.jxpath.ri.compiler.CoreOperationTest",
      "test_function": "testNan",
      "assertion_line": "116",
      "exception": "junit.framework.AssertionFailedError",
      "message": "Evaluating \u003c$nan \u003e $nan\u003e expected:\u003cfalse\u003e but was:\u003ctrue\u003e"
    }
  ],
  "fixing_changes": [
    {
      "changed_type": "UPDATE",
      "changed_class": [
        "src/java/org/apache/commons/jxpath/ri/compiler/CoreOperationRelationalExpression.java",
        "src/java/org/apache/commons/jxpath/ri/compiler/CoreOperationRelationalExpression.java"
      ],
      "changed_functions": [
        {
          "qualified_names": [
            "org.apache.commons.jxpath.ri.compiler.CoreOperationRelationalExpression:compute:[Object left, Object right]:boolean"
          ],
          "num": 1
        },
        {
          "qualified_names": [
            "org.apache.commons.jxpath.ri.compiler.CoreOperationRelationalExpression:compute:[Object left, Object right]:boolean"
          ],
          "num": 1
        }
      ],
      "changed_lines": [
        {
          "qualified_names": [
            "76",
            "77",
            "78",
            "80",
            "81",
            "82"
          ],
          "num": 6
        },
        {
          "qualified_names": [
            "75"
          ],
          "num": 1
        }
      ],
      "diff": "diff --git a/src/java/org/apache/commons/jxpath/ri/compiler/CoreOperationRelationalExpression.java b/src/java/org/apache/commons/jxpath/ri/compiler/CoreOperationRelationalExpression.java\nindex 3711fb9..c6e0041 100644\n--- a/src/java/org/apache/commons/jxpath/ri/compiler/CoreOperationRelationalExpression.java\n+++ b/src/java/org/apache/commons/jxpath/ri/compiler/CoreOperationRelationalExpression.java\n@@ -73,13 +73,7 @@\n             return containsMatch((Iterator) right, left);\n         }\n         double ld \u003d InfoSetUtil.doubleValue(left);\n-        if (Double.isNaN(ld)) {\n-            return false;\n-        }\n         double rd \u003d InfoSetUtil.doubleValue(right);\n-        if (Double.isNaN(rd)) {\n-            return false;\n-        }\n         return evaluateCompare(ld \u003d\u003d rd ? 0 : ld \u003c rd ? -1 : 1);\n     }\n \n",
      "operations": [
        {
          "type": "delete-tree",
          "from": "IfStatement [2641,2700]",
          "to": ""
        },
        {
          "type": "delete-tree",
          "from": "IfStatement [2761,2820]",
          "to": ""
        }
      ]
    }
  ],
  "fixing_type": {
    "add_classes": {
      "qualified_names": [],
      "num": 0
    },
    "delete_classes": {
      "qualified_names": [],
      "num": 0
    },
    "add_functions": {
      "qualified_names": [],
      "num": 0
    },
    "delete_functions": {
      "qualified_names": [],
      "num": 0
    }
  }
}