{
  "logger": {
    "currentLogLevel": 20,
    "name": "root.bean.benchmarks.Defects4JBug"
  },
  "d4jCmd": "/home/liumengjiao/Desktop/defects4j/framework/bin/defects4j",
  "dataDir": "data/changesInfo/",
  "properties": {
    "trigger.tests": "org.jsoup.nodes.ElementTest::booleanAttributeOutput",
    "test.dir": "src/test/java",
    "clz.modified": "org.jsoup.nodes.Attributes",
    "src.dir": "src/main/java"
  },
  "timeoutSecond": 100,
  "proj": "Jsoup",
  "id": "75",
  "workingDir": "../bugs/Jsoup_75_tmp",
  "bug_name": "Jsoup_75",
  "derive": "defects4j",
  "trigger_tests": [
    {
      "test_class": "org.jsoup.nodes.ElementTest",
      "test_function": "booleanAttributeOutput",
      "assertion_line": "1318",
      "exception": "junit.framework.AssertionFailedError",
      "message": "expected:\u003c...mg src\u003d\"foo\" noshade[] nohref async autofo...\u003e but was:\u003c...mg src\u003d\"foo\" noshade[\u003d\"\"] nohref async autofo...\u003e"
    }
  ],
  "fixing_changes": [
    {
      "changed_type": "UPDATE",
      "changed_class": [
        "src/main/java/org/jsoup/nodes/Attributes.java",
        "src/main/java/org/jsoup/nodes/Attributes.java"
      ],
      "changed_functions": [
        {
          "qualified_names": [
            "org.jsoup.nodes.Attributes:html:[final Appendable accum, final Document.OutputSettings out]:void"
          ],
          "num": 1
        },
        {
          "qualified_names": [
            "org.jsoup.nodes.Attributes:html:[final Appendable accum, final Document.OutputSettings out]:void"
          ],
          "num": 1
        }
      ],
      "changed_lines": [
        {
          "qualified_names": [
            "319"
          ],
          "num": 1
        },
        {
          "qualified_names": [
            "319",
            "320"
          ],
          "num": 2
        }
      ],
      "diff": "diff --git a/src/main/java/org/jsoup/nodes/Attributes.java b/src/main/java/org/jsoup/nodes/Attributes.java\nindex 1f74bf3..1f4d812 100644\n--- a/src/main/java/org/jsoup/nodes/Attributes.java\n+++ b/src/main/java/org/jsoup/nodes/Attributes.java\n@@ -316,7 +316,8 @@\n             accum.append(\u0027 \u0027).append(key);\n \n             // collapse checked\u003dnull, checked\u003d\"\", checked\u003dchecked; write out others\n-            if (!Attribute.shouldCollapseAttribute(key, val, out)) {\n+            if (!(out.syntax() \u003d\u003d Document.OutputSettings.Syntax.html\n+                \u0026\u0026 (val \u003d\u003d null || val.equals(key) \u0026\u0026 Attribute.isBooleanAttribute(key)))) {\n                 accum.append(\"\u003d\\\"\");\n                 Entities.escape(accum, val \u003d\u003d null ? EmptyString : val, out, true, false, false);\n                 accum.append(\u0027\"\u0027);\n",
      "operations": [
        {
          "type": "insert-node",
          "from": "",
          "to": "ParenthesizedExpression [9856,9998]"
        },
        {
          "type": "insert-node",
          "from": "",
          "to": "InfixExpression [9857,9997]"
        },
        {
          "type": "insert-node",
          "from": "",
          "to": "InfixExpression [9857,9908]"
        },
        {
          "type": "insert-node",
          "from": "",
          "to": "INFIX_EXPRESSION_OPERATOR: \u0026\u0026 [9925,9927]"
        },
        {
          "type": "insert-node",
          "from": "",
          "to": "ParenthesizedExpression [9928,9997]"
        },
        {
          "type": "insert-node",
          "from": "",
          "to": "MethodInvocation [9857,9869]"
        },
        {
          "type": "insert-node",
          "from": "",
          "to": "INFIX_EXPRESSION_OPERATOR: \u003d\u003d [9870,9872]"
        },
        {
          "type": "insert-node",
          "from": "",
          "to": "QualifiedName: Document.OutputSettings.Syntax.html [9873,9908]"
        },
        {
          "type": "insert-node",
          "from": "",
          "to": "InfixExpression [9929,9996]"
        },
        {
          "type": "insert-node",
          "from": "",
          "to": "METHOD_INVOCATION_RECEIVER [9857,9860]"
        },
        {
          "type": "insert-node",
          "from": "",
          "to": "SimpleName: syntax [9861,9867]"
        },
        {
          "type": "insert-tree",
          "from": "",
          "to": "InfixExpression [9929,9940]"
        },
        {
          "type": "insert-node",
          "from": "",
          "to": "INFIX_EXPRESSION_OPERATOR: || [9941,9943]"
        },
        {
          "type": "insert-node",
          "from": "",
          "to": "InfixExpression [9944,9996]"
        },
        {
          "type": "move-tree",
          "from": "",
          "to": ""
        },
        {
          "type": "insert-node",
          "from": "",
          "to": "MethodInvocation [9944,9959]"
        },
        {
          "type": "insert-node",
          "from": "",
          "to": "INFIX_EXPRESSION_OPERATOR: \u0026\u0026 [9960,9962]"
        },
        {
          "type": "move-tree",
          "from": "",
          "to": ""
        },
        {
          "type": "insert-node",
          "from": "",
          "to": "METHOD_INVOCATION_RECEIVER [9944,9947]"
        },
        {
          "type": "insert-node",
          "from": "",
          "to": "SimpleName: equals [9948,9954]"
        },
        {
          "type": "insert-tree",
          "from": "",
          "to": "METHOD_INVOCATION_ARGUMENTS [9955,9958]"
        },
        {
          "type": "update-node",
          "from": "",
          "to": ""
        },
        {
          "type": "move-tree",
          "from": "",
          "to": ""
        }
      ]
    }
  ],
  "fixing_type": {
    "add_classes": {
      "qualified_names": [],
      "num": 0
    },
    "delete_classes": {
      "qualified_names": [],
      "num": 0
    },
    "add_functions": {
      "qualified_names": [],
      "num": 0
    },
    "delete_functions": {
      "qualified_names": [],
      "num": 0
    }
  }
}