{
  "logger": {
    "currentLogLevel": 20,
    "name": "root.bean.benchmarks.Defects4JBug"
  },
  "d4jCmd": "/home/liumengjiao/Desktop/defects4j/framework/bin/defects4j",
  "dataDir": "data/changesInfo/",
  "properties": {
    "trigger.tests": "org.jsoup.nodes.DocumentTest::testTitles",
    "test.dir": "src/test/java",
    "clz.modified": "org.jsoup.nodes.Document",
    "src.dir": "src/main/java"
  },
  "timeoutSecond": 100,
  "proj": "Jsoup",
  "id": "29",
  "workingDir": "../bugs/Jsoup_29_tmp",
  "bug_name": "Jsoup_29",
  "derive": "defects4j",
  "trigger_tests": [
    {
      "test_class": "org.jsoup.nodes.DocumentTest",
      "test_function": "testTitles",
      "assertion_line": "37",
      "exception": "junit.framework.AssertionFailedError",
      "message": "expected:\u003cHello[ there] now\u003e but was:\u003cHello["
    }
  ],
  "fixing_changes": [
    {
      "changed_type": "UPDATE",
      "changed_class": [
        "src/main/java/org/jsoup/nodes/Document.java",
        "src/main/java/org/jsoup/nodes/Document.java"
      ],
      "changed_functions": [
        {
          "qualified_names": [
            "org.jsoup.nodes.Document:title:[]:String"
          ],
          "num": 1
        },
        {
          "qualified_names": [
            "org.jsoup.nodes.Document:title:[]:String"
          ],
          "num": 1
        }
      ],
      "changed_lines": [
        {
          "qualified_names": [
            "3",
            "70"
          ],
          "num": 2
        },
        {
          "qualified_names": [
            "2",
            "69"
          ],
          "num": 2
        }
      ],
      "diff": "diff --git a/src/main/java/org/jsoup/nodes/Document.java b/src/main/java/org/jsoup/nodes/Document.java\nindex d1d0dfd..c5814af 100644\n--- a/src/main/java/org/jsoup/nodes/Document.java\n+++ b/src/main/java/org/jsoup/nodes/Document.java\n@@ -1,6 +1,5 @@\n package org.jsoup.nodes;\n \n-import org.jsoup.helper.StringUtil;\n import org.jsoup.helper.Validate;\n import org.jsoup.parser.Tag;\n import org.jsoup.select.Elements;\n@@ -67,7 +66,7 @@\n     public String title() {\n         // title is a preserve whitespace tag (for document output), but normalised here\n         Element titleEl \u003d getElementsByTag(\"title\").first();\n-        return titleEl !\u003d null ? StringUtil.normaliseWhitespace(titleEl.text()).trim() : \"\";\n+        return titleEl !\u003d null ? titleEl.text().trim() : \"\";\n     }\n \n     /**\n",
      "operations": [
        {
          "type": "move-tree",
          "from": "",
          "to": ""
        },
        {
          "type": "move-tree",
          "from": "",
          "to": ""
        },
        {
          "type": "move-tree",
          "from": "",
          "to": ""
        },
        {
          "type": "delete-tree",
          "from": "ImportDeclaration [26,61]",
          "to": ""
        },
        {
          "type": "delete-node",
          "from": "SimpleName: StringUtil [1976,1986]",
          "to": ""
        },
        {
          "type": "delete-node",
          "from": "SimpleName: normaliseWhitespace [1987,2006]",
          "to": ""
        },
        {
          "type": "delete-node",
          "from": "METHOD_INVOCATION_ARGUMENTS [2007,2021]",
          "to": ""
        },
        {
          "type": "delete-node",
          "from": "METHOD_INVOCATION_RECEIVER [1976,2022]",
          "to": ""
        },
        {
          "type": "delete-node",
          "from": "MethodInvocation [1976,2029]",
          "to": ""
        }
      ]
    }
  ],
  "fixing_type": {
    "add_classes": {
      "qualified_names": [],
      "num": 0
    },
    "delete_classes": {
      "qualified_names": [],
      "num": 0
    },
    "add_functions": {
      "qualified_names": [],
      "num": 0
    },
    "delete_functions": {
      "qualified_names": [],
      "num": 0
    }
  }
}