{
  "logger": {
    "currentLogLevel": 20,
    "name": "root.bean.benchmarks.Defects4JBug"
  },
  "d4jCmd": "/home/liumengjiao/Desktop/defects4j/framework/bin/defects4j",
  "dataDir": "data/changesInfo/",
  "properties": {
    "trigger.tests": "com.fasterxml.jackson.core.json.async.AsyncLocationTest::testLocationOffsets",
    "test.dir": "src/test/java",
    "clz.modified": "com.fasterxml.jackson.core.json.async.NonBlockingJsonParser",
    "src.dir": "src/main/java"
  },
  "timeoutSecond": 100,
  "proj": "JacksonCore",
  "id": "26",
  "workingDir": "../bugs/JacksonCore_26_tmp",
  "bug_name": "JacksonCore_26",
  "derive": "defects4j",
  "trigger_tests": [
    {
      "test_class": "com.fasterxml.jackson.core.json.async.AsyncLocationTest",
      "test_function": "testLocationOffsets",
      "assertion_line": "21",
      "exception": "junit.framework.AssertionFailedError",
      "message": "expected:\u003c1\u003e but was:\u003c3\u003e"
    }
  ],
  "fixing_changes": [
    {
      "changed_type": "UPDATE",
      "changed_class": [
        "src/main/java/com/fasterxml/jackson/core/json/async/NonBlockingJsonParser.java",
        "src/main/java/com/fasterxml/jackson/core/json/async/NonBlockingJsonParser.java"
      ],
      "changed_functions": [
        {
          "qualified_names": [
            "com.fasterxml.jackson.core.json.async.NonBlockingJsonParser:feedInput:[byte[] buf, int start, int end]:void"
          ],
          "num": 1
        },
        {
          "qualified_names": [
            "com.fasterxml.jackson.core.json.async.NonBlockingJsonParser:feedInput:[byte[] buf, int start, int end]:void"
          ],
          "num": 1
        }
      ],
      "changed_lines": [
        {
          "qualified_names": [
            "108"
          ],
          "num": 1
        },
        {
          "qualified_names": [
            "107"
          ],
          "num": 1
        }
      ],
      "diff": "diff --git a/src/main/java/com/fasterxml/jackson/core/json/async/NonBlockingJsonParser.java b/src/main/java/com/fasterxml/jackson/core/json/async/NonBlockingJsonParser.java\nindex c2817af..5046b37 100644\n--- a/src/main/java/com/fasterxml/jackson/core/json/async/NonBlockingJsonParser.java\n+++ b/src/main/java/com/fasterxml/jackson/core/json/async/NonBlockingJsonParser.java\n@@ -105,7 +105,6 @@\n         _currInputRowStart \u003d start - (_inputEnd - _currInputRowStart);\n \n         // And then update buffer settings\n-        _currBufferStart \u003d start;\n         _inputBuffer \u003d buf;\n         _inputPtr \u003d start;\n         _inputEnd \u003d end;\n",
      "operations": [
        {
          "type": "delete-tree",
          "from": "ExpressionStatement [4109,4134]",
          "to": ""
        }
      ]
    }
  ],
  "fixing_type": {
    "add_classes": {
      "qualified_names": [],
      "num": 0
    },
    "delete_classes": {
      "qualified_names": [],
      "num": 0
    },
    "add_functions": {
      "qualified_names": [],
      "num": 0
    },
    "delete_functions": {
      "qualified_names": [],
      "num": 0
    }
  }
}