{
  "logger": {
    "currentLogLevel": 20,
    "name": "root.bean.benchmarks.Defects4JBug"
  },
  "d4jCmd": "/home/liumengjiao/Desktop/defects4j/framework/bin/defects4j",
  "dataDir": "data/changesInfo/",
  "properties": {
    "trigger.tests": "org.apache.commons.cli.UtilTest::testStripLeadingAndTrailingQuotes",
    "test.dir": "src/test",
    "clz.modified": "org.apache.commons.cli.Util",
    "src.dir": "src/java"
  },
  "timeoutSecond": 100,
  "proj": "Cli",
  "id": "29",
  "workingDir": "../bugs/Cli_29_tmp",
  "bug_name": "Cli_29",
  "derive": "defects4j",
  "trigger_tests": [
    {
      "test_class": "org.apache.commons.cli.UtilTest",
      "test_function": "testStripLeadingAndTrailingQuotes",
      "assertion_line": "38",
      "exception": "junit.framework.ComparisonFailure",
      "message": "expected:\u003cfoo \"bar[\"]\u003e but was:\u003cfoo \"bar[]\u003e"
    }
  ],
  "fixing_changes": [
    {
      "changed_type": "UPDATE",
      "changed_class": [
        "src/java/org/apache/commons/cli/Util.java",
        "src/java/org/apache/commons/cli/Util.java"
      ],
      "changed_functions": [
        {
          "qualified_names": [
            "org.apache.commons.cli.Util:stripLeadingAndTrailingQuotes:[String str]:String"
          ],
          "num": 1
        },
        {
          "qualified_names": [
            "org.apache.commons.cli.Util:stripLeadingAndTrailingQuotes:[String str]:String"
          ],
          "num": 1
        }
      ],
      "changed_lines": [
        {
          "qualified_names": [
            "65",
            "66",
            "68"
          ],
          "num": 3
        },
        {
          "qualified_names": [
            "65",
            "67",
            "68",
            "69",
            "70",
            "71",
            "72"
          ],
          "num": 7
        }
      ],
      "diff": "diff --git a/src/java/org/apache/commons/cli/Util.java b/src/java/org/apache/commons/cli/Util.java\nindex bceee25..40f66f1 100644\n--- a/src/java/org/apache/commons/cli/Util.java\n+++ b/src/java/org/apache/commons/cli/Util.java\n@@ -62,10 +62,14 @@\n      */\n     static String stripLeadingAndTrailingQuotes(String str)\n     {\n-        int length \u003d str.length();\n-        if (length \u003e 1 \u0026\u0026 str.startsWith(\"\\\"\") \u0026\u0026 str.endsWith(\"\\\"\") \u0026\u0026 str.substring(1, length - 1).indexOf(\u0027\"\u0027) \u003d\u003d -1)\n+        if (str.startsWith(\"\\\"\"))\n         {\n-            str \u003d str.substring(1, length - 1);\n+            str \u003d str.substring(1, str.length());\n+        }\n+        int length \u003d str.length();\n+        if (str.endsWith(\"\\\"\"))\n+        {\n+            str \u003d str.substring(0, length - 1);\n         }\n         \n         return str;\n",
      "operations": [
        {
          "type": "insert-tree",
          "from": "",
          "to": "IfStatement [2009,2104]"
        },
        {
          "type": "move-tree",
          "from": "",
          "to": ""
        },
        {
          "type": "update-node",
          "from": "",
          "to": ""
        },
        {
          "type": "delete-tree",
          "from": "InfixExpression [2048,2082]",
          "to": ""
        },
        {
          "type": "delete-node",
          "from": "INFIX_EXPRESSION_OPERATOR: \u0026\u0026 [2083,2085]",
          "to": ""
        },
        {
          "type": "delete-node",
          "from": "InfixExpression [2048,2104]",
          "to": ""
        },
        {
          "type": "delete-node",
          "from": "INFIX_EXPRESSION_OPERATOR: \u0026\u0026 [2105,2107]",
          "to": ""
        },
        {
          "type": "delete-tree",
          "from": "InfixExpression [2108,2155]",
          "to": ""
        },
        {
          "type": "delete-node",
          "from": "InfixExpression [2048,2155]",
          "to": ""
        }
      ]
    }
  ],
  "fixing_type": {
    "add_classes": {
      "qualified_names": [],
      "num": 0
    },
    "delete_classes": {
      "qualified_names": [],
      "num": 0
    },
    "add_functions": {
      "qualified_names": [],
      "num": 0
    },
    "delete_functions": {
      "qualified_names": [],
      "num": 0
    }
  }
}