{
  "logger": {
    "currentLogLevel": 20,
    "name": "root.bean.benchmarks.Defects4JBug"
  },
  "d4jCmd": "/home/liumengjiao/Desktop/defects4j/framework/bin/defects4j",
  "dataDir": "data/changesInfo/",
  "properties": {
    "trigger.tests": "org.apache.commons.cli.CommandLineTest::testGetParsedOptionValue,org.apache.commons.cli.OptionBuilderTest::testTwoCompleteOptions",
    "test.dir": "src/test/java",
    "clz.modified": "org.apache.commons.cli.Option,org.apache.commons.cli.OptionBuilder",
    "src.dir": "src/main/java"
  },
  "timeoutSecond": 100,
  "proj": "Cli",
  "id": "34",
  "workingDir": "../bugs/Cli_34_tmp",
  "bug_name": "Cli_34",
  "derive": "defects4j",
  "trigger_tests": [
    {
      "test_class": "org.apache.commons.cli.CommandLineTest",
      "test_function": "testGetParsedOptionValue",
      "assertion_line": "74",
      "exception": "junit.framework.AssertionFailedError",
      "message": "expected:\u003cfoo\u003e but was:\u003cnull\u003e"
    },
    {
      "test_class": "org.apache.commons.cli.OptionBuilderTest",
      "test_function": "testTwoCompleteOptions",
      "assertion_line": "67",
      "exception": "junit.framework.AssertionFailedError",
      "message": "expected:\u003cclass java.lang.String\u003e but was:\u003cnull\u003e"
    }
  ],
  "fixing_changes": [
    {
      "changed_type": "UPDATE",
      "changed_class": [
        "src/main/java/org/apache/commons/cli/Option.java",
        "src/main/java/org/apache/commons/cli/Option.java"
      ],
      "changed_functions": [
        {
          "qualified_names": [],
          "num": 0
        },
        {
          "qualified_names": [],
          "num": 0
        }
      ],
      "changed_lines": [
        {
          "qualified_names": [
            "72"
          ],
          "num": 1
        },
        {
          "qualified_names": [
            "72"
          ],
          "num": 1
        }
      ],
      "diff": "diff --git a/src/main/java/org/apache/commons/cli/Option.java b/src/main/java/org/apache/commons/cli/Option.java\nindex 66c7ef9..11a3685 100644\n--- a/src/main/java/org/apache/commons/cli/Option.java\n+++ b/src/main/java/org/apache/commons/cli/Option.java\n@@ -69,7 +69,7 @@\n     private int numberOfArgs \u003d UNINITIALIZED;\n \n     /** the type of this Option */\n-    private Class type \u003d String.class;\n+    private Class type;\n \n     /** the list of argument values **/\n     private List values \u003d new ArrayList();\n",
      "operations": [
        {
          "type": "delete-tree",
          "from": "TypeLiteral [2606,2618]",
          "to": ""
        }
      ]
    },
    {
      "changed_type": "UPDATE",
      "changed_class": [
        "src/main/java/org/apache/commons/cli/OptionBuilder.java",
        "src/main/java/org/apache/commons/cli/OptionBuilder.java"
      ],
      "changed_functions": [
        {
          "qualified_names": [
            "org.apache.commons.cli.OptionBuilder:reset:[]:void"
          ],
          "num": 1
        },
        {
          "qualified_names": [
            "org.apache.commons.cli.OptionBuilder:reset:[]:void"
          ],
          "num": 1
        }
      ],
      "changed_lines": [
        {
          "qualified_names": [
            "84"
          ],
          "num": 1
        },
        {
          "qualified_names": [
            "84"
          ],
          "num": 1
        }
      ],
      "diff": "diff --git a/src/main/java/org/apache/commons/cli/OptionBuilder.java b/src/main/java/org/apache/commons/cli/OptionBuilder.java\nindex 6fd1b43..f9eb13a 100644\n--- a/src/main/java/org/apache/commons/cli/OptionBuilder.java\n+++ b/src/main/java/org/apache/commons/cli/OptionBuilder.java\n@@ -81,7 +81,7 @@\n         description \u003d null;\n         argName \u003d null;\n         longopt \u003d null;\n-        type \u003d String.class;\n+        type \u003d null;\n         required \u003d false;\n         numberOfArgs \u003d Option.UNINITIALIZED;\n         optionalArg \u003d false;\n",
      "operations": [
        {
          "type": "insert-tree",
          "from": "",
          "to": "ExpressionStatement [2466,2478]"
        },
        {
          "type": "delete-tree",
          "from": "ExpressionStatement [2466,2486]",
          "to": ""
        }
      ]
    }
  ],
  "fixing_type": {
    "add_classes": {
      "qualified_names": [],
      "num": 0
    },
    "delete_classes": {
      "qualified_names": [],
      "num": 0
    },
    "add_functions": {
      "qualified_names": [],
      "num": 0
    },
    "delete_functions": {
      "qualified_names": [],
      "num": 0
    }
  }
}