{
  "logger": {
    "currentLogLevel": 20,
    "name": "root.bean.benchmarks.Defects4JBug"
  },
  "d4jCmd": "/home/liumengjiao/Desktop/defects4j/framework/bin/defects4j",
  "dataDir": "data/changesInfo/",
  "properties": {
    "trigger.tests": "org.jsoup.nodes.DocumentTypeTest::constructorValidationOkWithBlankName,org.jsoup.parser.HtmlParserTest::handlesInvalidDoctypes",
    "test.dir": "src/test/java",
    "clz.modified": "org.jsoup.nodes.DocumentType",
    "src.dir": "src/main/java"
  },
  "timeoutSecond": 100,
  "proj": "Jsoup",
  "id": "40",
  "workingDir": "../bugs/Jsoup_40_tmp",
  "bug_name": "Jsoup_40",
  "derive": "defects4j",
  "trigger_tests": [
    {
      "test_class": "org.jsoup.nodes.DocumentTypeTest",
      "test_function": "constructorValidationOkWithBlankName",
      "assertion_line": "15",
      "exception": "java.lang.IllegalArgumentException",
      "message": "String must not be empty"
    },
    {
      "test_class": "org.jsoup.parser.HtmlParserTest",
      "test_function": "handlesInvalidDoctypes",
      "assertion_line": "812",
      "exception": "java.lang.IllegalArgumentException",
      "message": "String must not be empty"
    }
  ],
  "fixing_changes": [
    {
      "changed_type": "UPDATE",
      "changed_class": [
        "src/main/java/org/jsoup/nodes/DocumentType.java",
        "src/main/java/org/jsoup/nodes/DocumentType.java"
      ],
      "changed_functions": [
        {
          "qualified_names": [
            "org.jsoup.nodes.DocumentType:DocumentType:[String name, String publicId, String systemId, String baseUri]:null"
          ],
          "num": 1
        },
        {
          "qualified_names": [
            "org.jsoup.nodes.DocumentType:DocumentType:[String name, String publicId, String systemId, String baseUri]:null"
          ],
          "num": 1
        }
      ],
      "changed_lines": [
        {
          "qualified_names": [
            "21"
          ],
          "num": 1
        },
        {
          "qualified_names": [
            "22"
          ],
          "num": 1
        }
      ],
      "diff": "diff --git a/src/main/java/org/jsoup/nodes/DocumentType.java b/src/main/java/org/jsoup/nodes/DocumentType.java\nindex fc1ca23..4b4a5e9 100644\n--- a/src/main/java/org/jsoup/nodes/DocumentType.java\n+++ b/src/main/java/org/jsoup/nodes/DocumentType.java\n@@ -19,6 +19,7 @@\n     public DocumentType(String name, String publicId, String systemId, String baseUri) {\n         super(baseUri);\n \n+        Validate.notEmpty(name);\n         attr(\"name\", name);\n         attr(\"publicId\", publicId);\n         attr(\"systemId\", systemId);\n",
      "operations": [
        {
          "type": "insert-tree",
          "from": "",
          "to": "ExpressionStatement [580,604]"
        }
      ]
    }
  ],
  "fixing_type": {
    "add_classes": {
      "qualified_names": [],
      "num": 0
    },
    "delete_classes": {
      "qualified_names": [],
      "num": 0
    },
    "add_functions": {
      "qualified_names": [],
      "num": 0
    },
    "delete_functions": {
      "qualified_names": [],
      "num": 0
    }
  }
}