{
  "logger": {
    "currentLogLevel": 20,
    "name": "root.bean.benchmarks.Defects4JBug"
  },
  "d4jCmd": "/home/liumengjiao/Desktop/defects4j/framework/bin/defects4j",
  "dataDir": "data/changesInfo/",
  "properties": {
    "trigger.tests": "org.jsoup.nodes.EntitiesTest::escapesGtInXmlAttributesButNotInHtml",
    "test.dir": "src/test/java",
    "clz.modified": "org.jsoup.nodes.Entities",
    "src.dir": "src/main/java"
  },
  "timeoutSecond": 100,
  "proj": "Jsoup",
  "id": "47",
  "workingDir": "../bugs/Jsoup_47_tmp",
  "bug_name": "Jsoup_47",
  "derive": "defects4j",
  "trigger_tests": [
    {
      "test_class": "org.jsoup.nodes.EntitiesTest",
      "test_function": "escapesGtInXmlAttributesButNotInHtml",
      "assertion_line": "102",
      "exception": "junit.framework.AssertionFailedError",
      "message": "expected:\u003c\u003ca title\u003d\"[\u0026lt;p\u003eOne\u0026lt;]/p\u003e\"\u003eOne\u003c/a\u003e\u003e but was:\u003c\u003ca title\u003d\"[\u003cp\u003eOne\u003c]/p\u003e\"\u003eOne\u003c/a\u003e\u003e"
    }
  ],
  "fixing_changes": [
    {
      "changed_type": "UPDATE",
      "changed_class": [
        "src/main/java/org/jsoup/nodes/Entities.java",
        "src/main/java/org/jsoup/nodes/Entities.java"
      ],
      "changed_functions": [
        {
          "qualified_names": [
            "org.jsoup.nodes.Entities:escape:[StringBuilder accum, String string, Document.OutputSettings out, boolean inAttribute, boolean normaliseWhite, boolean stripLeadingWhite]:void"
          ],
          "num": 1
        },
        {
          "qualified_names": [
            "org.jsoup.nodes.Entities:escape:[StringBuilder accum, String string, Document.OutputSettings out, boolean inAttribute, boolean normaliseWhite, boolean stripLeadingWhite]:void"
          ],
          "num": 1
        }
      ],
      "changed_lines": [
        {
          "qualified_names": [
            "122"
          ],
          "num": 1
        },
        {
          "qualified_names": [
            "122"
          ],
          "num": 1
        }
      ],
      "diff": "diff --git a/src/main/java/org/jsoup/nodes/Entities.java b/src/main/java/org/jsoup/nodes/Entities.java\nindex aa1f946..08cf311 100644\n--- a/src/main/java/org/jsoup/nodes/Entities.java\n+++ b/src/main/java/org/jsoup/nodes/Entities.java\n@@ -119,7 +119,7 @@\n                         break;\n                     case \u0027\u003c\u0027:\n                         // escape when in character data or when in a xml attribue val; not needed in html attr val\n-                        if (!inAttribute || escapeMode \u003d\u003d EscapeMode.xhtml)\n+                        if (!inAttribute)\n                             accum.append(\"\u0026lt;\");\n                         else\n                             accum.append(c);\n",
      "operations": [
        {
          "type": "move-tree",
          "from": "",
          "to": ""
        },
        {
          "type": "delete-node",
          "from": "INFIX_EXPRESSION_OPERATOR: || [4632,4634]",
          "to": ""
        },
        {
          "type": "delete-tree",
          "from": "InfixExpression [4635,4665]",
          "to": ""
        },
        {
          "type": "delete-node",
          "from": "InfixExpression [4619,4665]",
          "to": ""
        }
      ]
    }
  ],
  "fixing_type": {
    "add_classes": {
      "qualified_names": [],
      "num": 0
    },
    "delete_classes": {
      "qualified_names": [],
      "num": 0
    },
    "add_functions": {
      "qualified_names": [],
      "num": 0
    },
    "delete_functions": {
      "qualified_names": [],
      "num": 0
    }
  }
}