{
  "logger": {
    "currentLogLevel": 20,
    "name": "root.bean.benchmarks.Defects4JBug"
  },
  "d4jCmd": "/home/liumengjiao/Desktop/defects4j/framework/bin/defects4j",
  "dataDir": "data/changesInfo/",
  "properties": {
    "trigger.tests": "org.apache.commons.csv.CSVRecordTest::testToMapWithShortRecord",
    "test.dir": "src/test/java",
    "clz.modified": "org.apache.commons.csv.CSVRecord",
    "src.dir": "src/main/java"
  },
  "timeoutSecond": 100,
  "proj": "Csv",
  "id": "6",
  "workingDir": "../bugs/Csv_6_tmp",
  "bug_name": "Csv_6",
  "derive": "defects4j",
  "trigger_tests": [
    {
      "test_class": "org.apache.commons.csv.CSVRecordTest",
      "test_function": "testToMapWithShortRecord",
      "assertion_line": "167",
      "exception": "java.lang.ArrayIndexOutOfBoundsException",
      "message": "2"
    }
  ],
  "fixing_changes": [
    {
      "changed_type": "UPDATE",
      "changed_class": [
        "src/main/java/org/apache/commons/csv/CSVRecord.java",
        "src/main/java/org/apache/commons/csv/CSVRecord.java"
      ],
      "changed_functions": [
        {
          "qualified_names": [
            "org.apache.commons.csv.CSVRecord:putIn:[final M map]:M"
          ],
          "num": 1
        },
        {
          "qualified_names": [
            "org.apache.commons.csv.CSVRecord:putIn:[final M map]:M"
          ],
          "num": 1
        }
      ],
      "changed_lines": [
        {
          "qualified_names": [
            "182",
            "184"
          ],
          "num": 2
        },
        {
          "qualified_names": [
            "181"
          ],
          "num": 1
        }
      ],
      "diff": "diff --git a/src/main/java/org/apache/commons/csv/CSVRecord.java b/src/main/java/org/apache/commons/csv/CSVRecord.java\nindex ae7762d..7380d9f 100644\n--- a/src/main/java/org/apache/commons/csv/CSVRecord.java\n+++ b/src/main/java/org/apache/commons/csv/CSVRecord.java\n@@ -179,9 +179,7 @@\n     \u003cM extends Map\u003cString, String\u003e\u003e M putIn(final M map) {\n         for (final Entry\u003cString, Integer\u003e entry : mapping.entrySet()) {\n             final int col \u003d entry.getValue().intValue();\n-            if (col \u003c values.length) {\n                 map.put(entry.getKey(), values[col]);\n-            }\n         }\n         return map;\n     }\n",
      "operations": [
        {
          "type": "move-tree",
          "from": "",
          "to": ""
        },
        {
          "type": "delete-tree",
          "from": "InfixExpression [5901,5920]",
          "to": ""
        },
        {
          "type": "delete-node",
          "from": "Block [5922,5991]",
          "to": ""
        },
        {
          "type": "delete-node",
          "from": "IfStatement [5897,5991]",
          "to": ""
        }
      ]
    }
  ],
  "fixing_type": {
    "add_classes": {
      "qualified_names": [],
      "num": 0
    },
    "delete_classes": {
      "qualified_names": [],
      "num": 0
    },
    "add_functions": {
      "qualified_names": [],
      "num": 0
    },
    "delete_functions": {
      "qualified_names": [],
      "num": 0
    }
  }
}