{
  "logger": {
    "currentLogLevel": 20,
    "name": "root.bean.benchmarks.Defects4JBug"
  },
  "d4jCmd": "/home/liumengjiao/Desktop/defects4j/framework/bin/defects4j",
  "dataDir": "data/changesInfo/",
  "properties": {
    "trigger.tests": "org.apache.commons.cli.bug.BugCLI51Test::test",
    "test.dir": "src/test",
    "clz.modified": "org.apache.commons.cli.PosixParser",
    "src.dir": "src/java"
  },
  "timeoutSecond": 100,
  "proj": "Cli",
  "id": "2",
  "workingDir": "../bugs/Cli_2_tmp",
  "bug_name": "Cli_2",
  "derive": "defects4j",
  "trigger_tests": [
    {
      "test_class": "org.apache.commons.cli.bug.BugCLI51Test",
      "test_function": "test",
      "assertion_line": "40",
      "exception": "org.apache.commons.cli.UnrecognizedOptionException",
      "message": "Unrecognized option: -o"
    }
  ],
  "fixing_changes": [
    {
      "changed_type": "UPDATE",
      "changed_class": [
        "src/java/org/apache/commons/cli/PosixParser.java",
        "src/java/org/apache/commons/cli/PosixParser.java"
      ],
      "changed_functions": [
        {
          "qualified_names": [
            "org.apache.commons.cli.PosixParser:burstToken:[String token, boolean stopAtNonOption]:void"
          ],
          "num": 1
        },
        {
          "qualified_names": [
            "org.apache.commons.cli.PosixParser:burstToken:[String token, boolean stopAtNonOption]:void"
          ],
          "num": 1
        }
      ],
      "changed_lines": [
        {
          "qualified_names": [
            "305",
            "306",
            "310"
          ],
          "num": 3
        },
        {
          "qualified_names": [
            "305"
          ],
          "num": 1
        }
      ],
      "diff": "diff --git a/src/java/org/apache/commons/cli/PosixParser.java b/src/java/org/apache/commons/cli/PosixParser.java\nindex 12d3146..2590de7 100644\n--- a/src/java/org/apache/commons/cli/PosixParser.java\n+++ b/src/java/org/apache/commons/cli/PosixParser.java\n@@ -302,9 +302,8 @@\n             }\n             else\n             {\n-                tokens.add(token);\n-                break;\n+                tokens.add(\"-\" + ch);\n             }\n         }\n     }\n-}\n\\ No newline at end of file\n+}\n",
      "operations": [
        {
          "type": "insert-tree",
          "from": "",
          "to": "InfixExpression [10469,10477]"
        },
        {
          "type": "delete-node",
          "from": "SimpleName: token [10469,10474]",
          "to": ""
        },
        {
          "type": "delete-node",
          "from": "BreakStatement [10493,10499]",
          "to": ""
        }
      ]
    }
  ],
  "fixing_type": {
    "add_classes": {
      "qualified_names": [],
      "num": 0
    },
    "delete_classes": {
      "qualified_names": [],
      "num": 0
    },
    "add_functions": {
      "qualified_names": [],
      "num": 0
    },
    "delete_functions": {
      "qualified_names": [],
      "num": 0
    }
  }
}