{
  "logger": {
    "currentLogLevel": 20,
    "name": "root.bean.benchmarks.Defects4JBug"
  },
  "d4jCmd": "/home/liumengjiao/Desktop/defects4j/framework/bin/defects4j",
  "dataDir": "data/changesInfo/",
  "properties": {
    "trigger.tests": "org.apache.commons.compress.archivers.tar.TarArchiveInputStreamTest::survivesBlankLinesInPaxHeader",
    "test.dir": "src/test/java",
    "clz.modified": "org.apache.commons.compress.archivers.tar.TarArchiveInputStream",
    "src.dir": "src/main/java"
  },
  "timeoutSecond": 100,
  "proj": "Compress",
  "id": "37",
  "workingDir": "../bugs/Compress_37_tmp",
  "bug_name": "Compress_37",
  "derive": "defects4j",
  "trigger_tests": [
    {
      "test_class": "org.apache.commons.compress.archivers.tar.TarArchiveInputStreamTest",
      "test_function": "survivesBlankLinesInPaxHeader",
      "assertion_line": "308",
      "exception": "java.lang.NegativeArraySizeException",
      "message": ""
    }
  ],
  "fixing_changes": [
    {
      "changed_type": "UPDATE",
      "changed_class": [
        "src/main/java/org/apache/commons/compress/archivers/tar/TarArchiveInputStream.java",
        "src/main/java/org/apache/commons/compress/archivers/tar/TarArchiveInputStream.java"
      ],
      "changed_functions": [
        {
          "qualified_names": [
            "org.apache.commons.compress.archivers.tar.TarArchiveInputStream:parsePaxHeaders:[final InputStream i]:Map\u003cString,String\u003e"
          ],
          "num": 1
        },
        {
          "qualified_names": [
            "org.apache.commons.compress.archivers.tar.TarArchiveInputStream:parsePaxHeaders:[final InputStream i]:Map\u003cString,String\u003e"
          ],
          "num": 1
        }
      ],
      "changed_lines": [
        {
          "qualified_names": [
            "462",
            "463",
            "464"
          ],
          "num": 3
        },
        {
          "qualified_names": [
            "462"
          ],
          "num": 1
        }
      ],
      "diff": "diff --git a/src/main/java/org/apache/commons/compress/archivers/tar/TarArchiveInputStream.java b/src/main/java/org/apache/commons/compress/archivers/tar/TarArchiveInputStream.java\nindex f0d60cb..7a409d6 100644\n--- a/src/main/java/org/apache/commons/compress/archivers/tar/TarArchiveInputStream.java\n+++ b/src/main/java/org/apache/commons/compress/archivers/tar/TarArchiveInputStream.java\n@@ -459,9 +459,7 @@\n             int read \u003d 0;\n             while((ch \u003d i.read()) !\u003d -1) {\n                 read++;\n-                if (ch \u003d\u003d \u0027\\n\u0027) { // blank line in header\n-                    break;\n-                } else if (ch \u003d\u003d \u0027 \u0027){ // End of length string\n+                if (ch \u003d\u003d \u0027 \u0027){\n                     // Get keyword\n                     final ByteArrayOutputStream coll \u003d new ByteArrayOutputStream();\n                     while((ch \u003d i.read()) !\u003d -1) {\n",
      "operations": [
        {
          "type": "move-tree",
          "from": "",
          "to": ""
        },
        {
          "type": "delete-tree",
          "from": "InfixExpression [15577,15587]",
          "to": ""
        },
        {
          "type": "delete-tree",
          "from": "Block [15589,15659]",
          "to": ""
        },
        {
          "type": "delete-node",
          "from": "IfStatement [15573,17426]",
          "to": ""
        }
      ]
    }
  ],
  "fixing_type": {
    "add_classes": {
      "qualified_names": [],
      "num": 0
    },
    "delete_classes": {
      "qualified_names": [],
      "num": 0
    },
    "add_functions": {
      "qualified_names": [],
      "num": 0
    },
    "delete_functions": {
      "qualified_names": [],
      "num": 0
    }
  }
}