{
  "logger": {
    "currentLogLevel": 20,
    "name": "root.bean.benchmarks.Defects4JBug"
  },
  "d4jCmd": "/home/liumengjiao/Desktop/defects4j/framework/bin/defects4j",
  "dataDir": "data/changesInfo/",
  "properties": {
    "trigger.tests": "org.jsoup.nodes.DocumentTypeTest::testRoundTrip",
    "test.dir": "src/test/java",
    "clz.modified": "org.jsoup.nodes.DocumentType,org.jsoup.parser.HtmlTreeBuilderState,org.jsoup.parser.Token,org.jsoup.parser.TokeniserState,org.jsoup.parser.XmlTreeBuilder",
    "src.dir": "src/main/java"
  },
  "timeoutSecond": 100,
  "proj": "Jsoup",
  "id": "56",
  "workingDir": "../bugs/Jsoup_56_tmp",
  "bug_name": "Jsoup_56",
  "derive": "defects4j",
  "trigger_tests": [
    {
      "test_class": "org.jsoup.nodes.DocumentTypeTest",
      "test_function": "testRoundTrip",
      "assertion_line": "54",
      "exception": "junit.framework.AssertionFailedError",
      "message": "expected:\u003c\u003c!DOCTYPE html [SYSTEM ]\"exampledtdfile.dtd\"...\u003e but was:\u003c\u003c!DOCTYPE html []\"exampledtdfile.dtd\"...\u003e"
    }
  ],
  "fixing_changes": [
    {
      "changed_type": "UPDATE",
      "changed_class": [
        "src/main/java/org/jsoup/nodes/DocumentType.java",
        "src/main/java/org/jsoup/nodes/DocumentType.java"
      ],
      "changed_functions": [
        {
          "qualified_names": [
            "org.jsoup.nodes.DocumentType:outerHtmlHead:[Appendable accum, int depth, Document.OutputSettings out]:void",
            "org.jsoup.nodes.DocumentType:DocumentType:[String name, String pubSysKey, String publicId, String systemId, String baseUri]:null",
            "org.jsoup.nodes.DocumentType:DocumentType:[String name, String publicId, String systemId, String baseUri]:null"
          ],
          "num": 3
        },
        {
          "qualified_names": [
            "org.jsoup.nodes.DocumentType:outerHtmlHead:[Appendable accum, int depth, Document.OutputSettings out]:void",
            "org.jsoup.nodes.DocumentType:DocumentType:[String name, String publicId, String systemId, String baseUri]:null"
          ],
          "num": 2
        }
      ],
      "changed_lines": [
        {
          "qualified_names": [
            "15",
            "32",
            "33",
            "34",
            "45",
            "46",
            "48",
            "49",
            "50",
            "51",
            "52",
            "53",
            "54",
            "71",
            "72",
            "74"
          ],
          "num": 16
        },
        {
          "qualified_names": [
            "14",
            "32",
            "48",
            "59"
          ],
          "num": 4
        }
      ],
      "diff": "diff --git a/src/main/java/org/jsoup/nodes/DocumentType.java b/src/main/java/org/jsoup/nodes/DocumentType.java\nindex 4e7730b..cd0c8df 100644\n--- a/src/main/java/org/jsoup/nodes/DocumentType.java\n+++ b/src/main/java/org/jsoup/nodes/DocumentType.java\n@@ -12,7 +12,6 @@\n     public static final String PUBLIC_KEY \u003d \"PUBLIC\";\n     public static final String SYSTEM_KEY \u003d \"SYSTEM\";\n     private static final String NAME \u003d \"name\";\n-    private static final String PUB_SYS_KEY \u003d \"pubSysKey\"; // PUBLIC or SYSTEM\n     private static final String PUBLIC_ID \u003d \"publicId\";\n     private static final String SYSTEM_ID \u003d \"systemId\";\n     // todo: quirk mode from publicId and systemId\n@@ -29,9 +28,6 @@\n \n         attr(NAME, name);\n         attr(PUBLIC_ID, publicId);\n-        if (has(PUBLIC_ID)) {\n-            attr(PUB_SYS_KEY, PUBLIC_KEY);\n-        }\n         attr(SYSTEM_ID, systemId);\n     }\n \n@@ -42,16 +38,7 @@\n      * @param systemId the doctype\u0027s system ID\n      * @param baseUri the doctype\u0027s base URI\n      */\n-    public DocumentType(String name, String pubSysKey, String publicId, String systemId, String baseUri) {\n-        super(baseUri);\n \n-        attr(NAME, name);\n-        if (pubSysKey !\u003d null) {\n-            attr(PUB_SYS_KEY, pubSysKey);\n-        }\n-        attr(PUBLIC_ID, publicId);\n-        attr(SYSTEM_ID, systemId);\n-    }\n \n     @Override\n     public String nodeName() {\n@@ -68,10 +55,8 @@\n         }\n         if (has(NAME))\n             accum.append(\" \").append(attr(NAME));\n-        if (has(PUB_SYS_KEY))\n-            accum.append(\" \").append(attr(PUB_SYS_KEY));\n         if (has(PUBLIC_ID))\n-            accum.append(\" \\\"\").append(attr(PUBLIC_ID)).append(\u0027\"\u0027);\n+            accum.append(\" PUBLIC \\\"\").append(attr(PUBLIC_ID)).append(\u0027\"\u0027);\n         if (has(SYSTEM_ID))\n             accum.append(\" \\\"\").append(attr(SYSTEM_ID)).append(\u0027\"\u0027);\n         accum.append(\u0027\u003e\u0027);\n",
      "operations": [
        {
          "type": "insert-tree",
          "from": "",
          "to": "Javadoc [991,1216]"
        },
        {
          "type": "update-node",
          "from": "",
          "to": ""
        },
        {
          "type": "delete-tree",
          "from": "FieldDeclaration [380,434]",
          "to": ""
        },
        {
          "type": "delete-tree",
          "from": "IfStatement [1032,1106]",
          "to": ""
        },
        {
          "type": "delete-tree",
          "from": "MethodDeclaration [1153,1697]",
          "to": ""
        },
        {
          "type": "delete-tree",
          "from": "IfStatement [2232,2310]",
          "to": ""
        }
      ]
    },
    {
      "changed_type": "UPDATE",
      "changed_class": [
        "src/main/java/org/jsoup/parser/HtmlTreeBuilderState.java",
        "src/main/java/org/jsoup/parser/HtmlTreeBuilderState.java"
      ],
      "changed_functions": [
        {
          "qualified_names": [],
          "num": 0
        },
        {
          "qualified_names": [],
          "num": 0
        }
      ],
      "changed_lines": [
        {
          "qualified_names": [
            "23"
          ],
          "num": 1
        },
        {
          "qualified_names": [
            "23"
          ],
          "num": 1
        }
      ],
      "diff": "diff --git a/src/main/java/org/jsoup/parser/HtmlTreeBuilderState.java b/src/main/java/org/jsoup/parser/HtmlTreeBuilderState.java\nindex c515462..9a40814 100644\n--- a/src/main/java/org/jsoup/parser/HtmlTreeBuilderState.java\n+++ b/src/main/java/org/jsoup/parser/HtmlTreeBuilderState.java\n@@ -20,7 +20,7 @@\n                 // todo: quirk state check on doctype ids\n                 Token.Doctype d \u003d t.asDoctype();\n                 DocumentType doctype \u003d new DocumentType(\n-                    tb.settings.normalizeTag(d.getName()), d.getPubSysKey(), d.getPublicIdentifier(), d.getSystemIdentifier(), tb.getBaseUri());\n+                    tb.settings.normalizeTag(d.getName()), d.getPublicIdentifier(), d.getSystemIdentifier(), tb.getBaseUri());\n                 tb.getDocument().appendChild(doctype);\n                 if (d.isForceQuirks())\n                     tb.getDocument().quirksMode(Document.QuirksMode.quirks);\n",
      "operations": [
        {
          "type": "delete-tree",
          "from": "MethodInvocation [838,854]",
          "to": ""
        }
      ]
    },
    {
      "changed_type": "UPDATE",
      "changed_class": [
        "src/main/java/org/jsoup/parser/Token.java",
        "src/main/java/org/jsoup/parser/Token.java"
      ],
      "changed_functions": [
        {
          "qualified_names": [
            "org.jsoup.parser.Token\\$Doctype:reset:[]:Token",
            "org.jsoup.parser.Token\\$Doctype:getPubSysKey:[]:String"
          ],
          "num": 2
        },
        {
          "qualified_names": [
            "org.jsoup.parser.Token\\$Doctype:getPublicIdentifier:[]:String",
            "org.jsoup.parser.Token\\$Doctype:reset:[]:Token"
          ],
          "num": 2
        }
      ],
      "changed_lines": [
        {
          "qualified_names": [
            "35",
            "47",
            "58",
            "59",
            "60"
          ],
          "num": 5
        },
        {
          "qualified_names": [
            "34",
            "47",
            "59"
          ],
          "num": 3
        }
      ],
      "diff": "diff --git a/src/main/java/org/jsoup/parser/Token.java b/src/main/java/org/jsoup/parser/Token.java\nindex 34baf19..0eccbbe 100644\n--- a/src/main/java/org/jsoup/parser/Token.java\n+++ b/src/main/java/org/jsoup/parser/Token.java\n@@ -32,7 +32,6 @@\n \n     static final class Doctype extends Token {\n         final StringBuilder name \u003d new StringBuilder();\n-        String pubSysKey \u003d null;\n         final StringBuilder publicIdentifier \u003d new StringBuilder();\n         final StringBuilder systemIdentifier \u003d new StringBuilder();\n         boolean forceQuirks \u003d false;\n@@ -44,7 +43,6 @@\n         @Override\n         Token reset() {\n             reset(name);\n-            pubSysKey \u003d null;\n             reset(publicIdentifier);\n             reset(systemIdentifier);\n             forceQuirks \u003d false;\n@@ -55,9 +53,6 @@\n             return name.toString();\n         }\n \n-        String getPubSysKey() {\n-            return pubSysKey;\n-        }\n \n         String getPublicIdentifier() {\n             return publicIdentifier.toString();\n",
      "operations": [
        {
          "type": "delete-tree",
          "from": "FieldDeclaration [815,839]",
          "to": ""
        },
        {
          "type": "delete-tree",
          "from": "ExpressionStatement [1162,1179]",
          "to": ""
        },
        {
          "type": "delete-tree",
          "from": "MethodDeclaration [1405,1468]",
          "to": ""
        }
      ]
    },
    {
      "changed_type": "UPDATE",
      "changed_class": [
        "src/main/java/org/jsoup/parser/TokeniserState.java",
        "src/main/java/org/jsoup/parser/TokeniserState.java"
      ],
      "changed_functions": [
        {
          "qualified_names": [],
          "num": 0
        },
        {
          "qualified_names": [],
          "num": 0
        }
      ],
      "changed_lines": [
        {
          "qualified_names": [
            "1195",
            "1198"
          ],
          "num": 2
        },
        {
          "qualified_names": [
            "1194"
          ],
          "num": 1
        }
      ],
      "diff": "diff --git a/src/main/java/org/jsoup/parser/TokeniserState.java b/src/main/java/org/jsoup/parser/TokeniserState.java\nindex 6a97238..24c2f89 100644\n--- a/src/main/java/org/jsoup/parser/TokeniserState.java\n+++ b/src/main/java/org/jsoup/parser/TokeniserState.java\n@@ -1192,10 +1192,8 @@\n                 t.emitDoctypePending();\n                 t.advanceTransition(Data);\n             } else if (r.matchConsumeIgnoreCase(DocumentType.PUBLIC_KEY)) {\n-                t.doctypePending.pubSysKey \u003d DocumentType.PUBLIC_KEY;\n                 t.transition(AfterDoctypePublicKeyword);\n             } else if (r.matchConsumeIgnoreCase(DocumentType.SYSTEM_KEY)) {\n-                t.doctypePending.pubSysKey \u003d DocumentType.SYSTEM_KEY;\n                 t.transition(AfterDoctypeSystemKeyword);\n             } else {\n                 t.error(this);\n",
      "operations": [
        {
          "type": "delete-tree",
          "from": "ExpressionStatement [40690,40743]",
          "to": ""
        },
        {
          "type": "delete-tree",
          "from": "ExpressionStatement [40893,40946]",
          "to": ""
        }
      ]
    },
    {
      "changed_type": "UPDATE",
      "changed_class": [
        "src/main/java/org/jsoup/parser/XmlTreeBuilder.java",
        "src/main/java/org/jsoup/parser/XmlTreeBuilder.java"
      ],
      "changed_functions": [
        {
          "qualified_names": [
            "org.jsoup.parser.XmlTreeBuilder:insert:[Token.Doctype d]:void"
          ],
          "num": 1
        },
        {
          "qualified_names": [
            "org.jsoup.parser.XmlTreeBuilder:insert:[Token.Doctype d]:void"
          ],
          "num": 1
        }
      ],
      "changed_lines": [
        {
          "qualified_names": [
            "100"
          ],
          "num": 1
        },
        {
          "qualified_names": [
            "100"
          ],
          "num": 1
        }
      ],
      "diff": "diff --git a/src/main/java/org/jsoup/parser/XmlTreeBuilder.java b/src/main/java/org/jsoup/parser/XmlTreeBuilder.java\nindex cfcb1a3..2ac525f 100644\n--- a/src/main/java/org/jsoup/parser/XmlTreeBuilder.java\n+++ b/src/main/java/org/jsoup/parser/XmlTreeBuilder.java\n@@ -97,7 +97,7 @@\n     }\n \n     void insert(Token.Doctype d) {\n-        DocumentType doctypeNode \u003d new DocumentType(settings.normalizeTag(d.getName()), d.getPubSysKey(), d.getPublicIdentifier(), d.getSystemIdentifier(), baseUri);\n+        DocumentType doctypeNode \u003d new DocumentType(settings.normalizeTag(d.getName()), d.getPublicIdentifier(), d.getSystemIdentifier(), baseUri);\n         insertNode(doctypeNode);\n     }\n \n",
      "operations": [
        {
          "type": "delete-tree",
          "from": "MethodInvocation [3842,3858]",
          "to": ""
        }
      ]
    }
  ],
  "fixing_type": {
    "add_classes": {
      "qualified_names": [],
      "num": 0
    },
    "delete_classes": {
      "qualified_names": [],
      "num": 0
    },
    "add_functions": {
      "qualified_names": [
        "org.jsoup.parser.Token\\$Doctype:getPublicIdentifier:[]:String"
      ],
      "num": 1
    },
    "delete_functions": {
      "qualified_names": [
        "org.jsoup.nodes.DocumentType:DocumentType:[String name, String pubSysKey, String publicId, String systemId, String baseUri]:null",
        "org.jsoup.parser.Token\\$Doctype:getPubSysKey:[]:String"
      ],
      "num": 2
    }
  }
}