{
  "logger": {
    "currentLogLevel": 20,
    "name": "root.bean.benchmarks.Defects4JBug"
  },
  "d4jCmd": "/home/liumengjiao/Desktop/defects4j/framework/bin/defects4j",
  "dataDir": "data/changesInfo/",
  "properties": {
    "trigger.tests": "org.jsoup.select.SelectorTest::attributeWithBrackets",
    "test.dir": "src/test/java",
    "clz.modified": "org.jsoup.parser.TokenQueue",
    "src.dir": "src/main/java"
  },
  "timeoutSecond": 100,
  "proj": "Jsoup",
  "id": "53",
  "workingDir": "../bugs/Jsoup_53_tmp",
  "bug_name": "Jsoup_53",
  "derive": "defects4j",
  "trigger_tests": [
    {
      "test_class": "org.jsoup.select.SelectorTest",
      "test_function": "attributeWithBrackets",
      "assertion_line": "668",
      "exception": "org.jsoup.select.Selector$SelectorParseException",
      "message": "Could not parse query \u0027div[data\u003d\u0027End]\u0027\u0027: unexpected token at \u0027\u0027\u0027"
    }
  ],
  "fixing_changes": [
    {
      "changed_type": "UPDATE",
      "changed_class": [
        "src/main/java/org/jsoup/parser/TokenQueue.java",
        "src/main/java/org/jsoup/parser/TokenQueue.java"
      ],
      "changed_functions": [
        {
          "qualified_names": [
            "org.jsoup.parser.TokenQueue:chompBalanced:[char open, char close]:String"
          ],
          "num": 1
        },
        {
          "qualified_names": [
            "org.jsoup.parser.TokenQueue:chompBalanced:[char open, char close]:String"
          ],
          "num": 1
        }
      ],
      "changed_lines": [
        {
          "qualified_names": [
            "265",
            "271",
            "272",
            "273",
            "274"
          ],
          "num": 5
        },
        {
          "qualified_names": [
            "264"
          ],
          "num": 1
        }
      ],
      "diff": "diff --git a/src/main/java/org/jsoup/parser/TokenQueue.java b/src/main/java/org/jsoup/parser/TokenQueue.java\nindex 47947fa..269a755 100644\n--- a/src/main/java/org/jsoup/parser/TokenQueue.java\n+++ b/src/main/java/org/jsoup/parser/TokenQueue.java\n@@ -262,16 +262,11 @@\n         int end \u003d -1;\n         int depth \u003d 0;\n         char last \u003d 0;\n-        boolean inQuote \u003d false;\n \n         do {\n             if (isEmpty()) break;\n             Character c \u003d consume();\n             if (last \u003d\u003d 0 || last !\u003d ESC) {\n-                if (c.equals(\u0027\\\u0027\u0027) || c.equals(\u0027\"\u0027) \u0026\u0026 c !\u003d open)\n-                    inQuote \u003d !inQuote;\n-                if (inQuote)\n-                    continue;\n                 if (c.equals(open)) {\n                     depth++;\n                     if (start \u003d\u003d -1)\n",
      "operations": [
        {
          "type": "delete-tree",
          "from": "VariableDeclarationStatement [8232,8256]",
          "to": ""
        },
        {
          "type": "delete-tree",
          "from": "IfStatement [8402,8491]",
          "to": ""
        },
        {
          "type": "delete-tree",
          "from": "IfStatement [8508,8550]",
          "to": ""
        }
      ]
    }
  ],
  "fixing_type": {
    "add_classes": {
      "qualified_names": [],
      "num": 0
    },
    "delete_classes": {
      "qualified_names": [],
      "num": 0
    },
    "add_functions": {
      "qualified_names": [],
      "num": 0
    },
    "delete_functions": {
      "qualified_names": [],
      "num": 0
    }
  }
}