{
  "logger": {
    "currentLogLevel": 20,
    "name": "root.bean.benchmarks.Defects4JBug"
  },
  "d4jCmd": "/home/liumengjiao/Desktop/defects4j/framework/bin/defects4j",
  "dataDir": "data/changesInfo/",
  "properties": {
    "trigger.tests": "com.fasterxml.jackson.databind.deser.jdk.JDKAtomicTypesDeserTest::testNullWithinNested",
    "test.dir": "src/test/java",
    "clz.modified": "com.fasterxml.jackson.databind.deser.CreatorProperty,com.fasterxml.jackson.databind.deser.impl.FieldProperty,com.fasterxml.jackson.databind.deser.impl.MethodProperty,com.fasterxml.jackson.databind.deser.impl.ObjectIdReferenceProperty,com.fasterxml.jackson.databind.deser.impl.ObjectIdValueProperty,com.fasterxml.jackson.databind.deser.impl.SetterlessProperty,com.fasterxml.jackson.databind.deser.std.AtomicReferenceDeserializer",
    "src.dir": "src/main/java"
  },
  "timeoutSecond": 100,
  "proj": "JacksonDatabind",
  "id": "111",
  "workingDir": "../bugs/JacksonDatabind_111_tmp",
  "bug_name": "JacksonDatabind_111",
  "derive": "defects4j",
  "trigger_tests": [
    {
      "test_class": "com.fasterxml.jackson.databind.deser.jdk.JDKAtomicTypesDeserTest",
      "test_function": "testNullWithinNested",
      "assertion_line": "298",
      "exception": "junit.framework.AssertionFailedError",
      "message": ""
    }
  ],
  "fixing_changes": [
    {
      "changed_type": "UPDATE",
      "changed_class": [
        "src/main/java/com/fasterxml/jackson/databind/deser/CreatorProperty.java",
        "src/main/java/com/fasterxml/jackson/databind/deser/CreatorProperty.java"
      ],
      "changed_functions": [
        {
          "qualified_names": [
            "com.fasterxml.jackson.databind.deser.CreatorProperty:withValueDeserializer:[JsonDeserializer\u003c?\u003e deser]:SettableBeanProperty"
          ],
          "num": 1
        },
        {
          "qualified_names": [
            "com.fasterxml.jackson.databind.deser.CreatorProperty:withValueDeserializer:[JsonDeserializer\u003c?\u003e deser]:SettableBeanProperty"
          ],
          "num": 1
        }
      ],
      "changed_lines": [
        {
          "qualified_names": [
            "135",
            "136"
          ],
          "num": 2
        },
        {
          "qualified_names": [
            "135"
          ],
          "num": 1
        }
      ],
      "diff": "diff --git a/src/main/java/com/fasterxml/jackson/databind/deser/CreatorProperty.java b/src/main/java/com/fasterxml/jackson/databind/deser/CreatorProperty.java\nindex f9badf8..f93a9db 100644\n--- a/src/main/java/com/fasterxml/jackson/databind/deser/CreatorProperty.java\n+++ b/src/main/java/com/fasterxml/jackson/databind/deser/CreatorProperty.java\n@@ -132,8 +132,7 @@\n             return this;\n         }\n         // 07-May-2019, tatu: As per [databind#2303], must keep VD/NVP in-sync if they were\n-        NullValueProvider nvp \u003d (_valueDeserializer \u003d\u003d _nullProvider) ? deser : _nullProvider;\n-        return new CreatorProperty(this, deser, nvp);\n+        return new CreatorProperty(this, deser, _nullProvider);\n     }\n \n     @Override\n",
      "operations": [
        {
          "type": "delete-tree",
          "from": "SimpleType [5021,5038]",
          "to": ""
        },
        {
          "type": "delete-node",
          "from": "SimpleName: nvp [5039,5042]",
          "to": ""
        },
        {
          "type": "delete-tree",
          "from": "ParenthesizedExpression [5045,5082]",
          "to": ""
        },
        {
          "type": "delete-node",
          "from": "SimpleName: deser [5085,5090]",
          "to": ""
        },
        {
          "type": "delete-node",
          "from": "ConditionalExpression [5045,5106]",
          "to": ""
        },
        {
          "type": "delete-node",
          "from": "VariableDeclarationFragment [5039,5106]",
          "to": ""
        },
        {
          "type": "delete-node",
          "from": "VariableDeclarationStatement [5021,5107]",
          "to": ""
        },
        {
          "type": "multi-move-tree",
          "from": "",
          "to": ""
        },
        {
          "type": "multi-move-tree",
          "from": "",
          "to": ""
        }
      ]
    },
    {
      "changed_type": "UPDATE",
      "changed_class": [
        "src/main/java/com/fasterxml/jackson/databind/deser/impl/FieldProperty.java",
        "src/main/java/com/fasterxml/jackson/databind/deser/impl/FieldProperty.java"
      ],
      "changed_functions": [
        {
          "qualified_names": [
            "com.fasterxml.jackson.databind.deser.impl.FieldProperty:withValueDeserializer:[JsonDeserializer\u003c?\u003e deser]:SettableBeanProperty"
          ],
          "num": 1
        },
        {
          "qualified_names": [
            "com.fasterxml.jackson.databind.deser.impl.FieldProperty:withValueDeserializer:[JsonDeserializer\u003c?\u003e deser]:SettableBeanProperty"
          ],
          "num": 1
        }
      ],
      "changed_lines": [
        {
          "qualified_names": [
            "93",
            "94",
            "218"
          ],
          "num": 3
        },
        {
          "qualified_names": [
            "93",
            "218"
          ],
          "num": 2
        }
      ],
      "diff": "diff --git a/src/main/java/com/fasterxml/jackson/databind/deser/impl/FieldProperty.java b/src/main/java/com/fasterxml/jackson/databind/deser/impl/FieldProperty.java\nindex 973c85b..b51b1ea 100644\n--- a/src/main/java/com/fasterxml/jackson/databind/deser/impl/FieldProperty.java\n+++ b/src/main/java/com/fasterxml/jackson/databind/deser/impl/FieldProperty.java\n@@ -90,8 +90,7 @@\n             return this;\n         }\n         // 07-May-2019, tatu: As per [databind#2303], must keep VD/NVP in-sync if they were\n-        NullValueProvider nvp \u003d (_valueDeserializer \u003d\u003d _nullProvider) ? deser : _nullProvider;\n-        return new FieldProperty(this, deser, nvp);\n+        return new FieldProperty(this, deser, _nullProvider);\n     }\n \n     @Override\n@@ -215,4 +214,4 @@\n     Object readResolve() {\n         return new FieldProperty(this);\n     }\n-}\n\\ No newline at end of file\n+}\n",
      "operations": [
        {
          "type": "delete-tree",
          "from": "SimpleType [3080,3097]",
          "to": ""
        },
        {
          "type": "delete-node",
          "from": "SimpleName: nvp [3098,3101]",
          "to": ""
        },
        {
          "type": "delete-tree",
          "from": "ParenthesizedExpression [3104,3141]",
          "to": ""
        },
        {
          "type": "delete-node",
          "from": "SimpleName: deser [3144,3149]",
          "to": ""
        },
        {
          "type": "delete-node",
          "from": "ConditionalExpression [3104,3165]",
          "to": ""
        },
        {
          "type": "delete-node",
          "from": "VariableDeclarationFragment [3098,3165]",
          "to": ""
        },
        {
          "type": "delete-node",
          "from": "VariableDeclarationStatement [3080,3166]",
          "to": ""
        },
        {
          "type": "multi-move-tree",
          "from": "",
          "to": ""
        },
        {
          "type": "multi-move-tree",
          "from": "",
          "to": ""
        }
      ]
    },
    {
      "changed_type": "UPDATE",
      "changed_class": [
        "src/main/java/com/fasterxml/jackson/databind/deser/impl/MethodProperty.java",
        "src/main/java/com/fasterxml/jackson/databind/deser/impl/MethodProperty.java"
      ],
      "changed_functions": [
        {
          "qualified_names": [
            "com.fasterxml.jackson.databind.deser.impl.MethodProperty:withValueDeserializer:[JsonDeserializer\u003c?\u003e deser]:SettableBeanProperty"
          ],
          "num": 1
        },
        {
          "qualified_names": [
            "com.fasterxml.jackson.databind.deser.impl.MethodProperty:withValueDeserializer:[JsonDeserializer\u003c?\u003e deser]:SettableBeanProperty"
          ],
          "num": 1
        }
      ],
      "changed_lines": [
        {
          "qualified_names": [
            "84",
            "85"
          ],
          "num": 2
        },
        {
          "qualified_names": [
            "84"
          ],
          "num": 1
        }
      ],
      "diff": "diff --git a/src/main/java/com/fasterxml/jackson/databind/deser/impl/MethodProperty.java b/src/main/java/com/fasterxml/jackson/databind/deser/impl/MethodProperty.java\nindex 08111d4..2bad734 100644\n--- a/src/main/java/com/fasterxml/jackson/databind/deser/impl/MethodProperty.java\n+++ b/src/main/java/com/fasterxml/jackson/databind/deser/impl/MethodProperty.java\n@@ -81,8 +81,7 @@\n             return this;\n         }\n         // 07-May-2019, tatu: As per [databind#2303], must keep VD/NVP in-sync if they were\n-        NullValueProvider nvp \u003d (_valueDeserializer \u003d\u003d _nullProvider) ? deser : _nullProvider;\n-        return new MethodProperty(this, deser, nvp);\n+        return new MethodProperty(this, deser, _nullProvider);\n     }\n \n     @Override\n",
      "operations": [
        {
          "type": "delete-tree",
          "from": "SimpleType [2691,2708]",
          "to": ""
        },
        {
          "type": "delete-node",
          "from": "SimpleName: nvp [2709,2712]",
          "to": ""
        },
        {
          "type": "delete-tree",
          "from": "ParenthesizedExpression [2715,2752]",
          "to": ""
        },
        {
          "type": "delete-node",
          "from": "SimpleName: deser [2755,2760]",
          "to": ""
        },
        {
          "type": "delete-node",
          "from": "ConditionalExpression [2715,2776]",
          "to": ""
        },
        {
          "type": "delete-node",
          "from": "VariableDeclarationFragment [2709,2776]",
          "to": ""
        },
        {
          "type": "delete-node",
          "from": "VariableDeclarationStatement [2691,2777]",
          "to": ""
        },
        {
          "type": "multi-move-tree",
          "from": "",
          "to": ""
        },
        {
          "type": "multi-move-tree",
          "from": "",
          "to": ""
        }
      ]
    },
    {
      "changed_type": "UPDATE",
      "changed_class": [
        "src/main/java/com/fasterxml/jackson/databind/deser/impl/ObjectIdReferenceProperty.java",
        "src/main/java/com/fasterxml/jackson/databind/deser/impl/ObjectIdReferenceProperty.java"
      ],
      "changed_functions": [
        {
          "qualified_names": [
            "com.fasterxml.jackson.databind.deser.impl.ObjectIdReferenceProperty:withValueDeserializer:[JsonDeserializer\u003c?\u003e deser]:SettableBeanProperty"
          ],
          "num": 1
        },
        {
          "qualified_names": [
            "com.fasterxml.jackson.databind.deser.impl.ObjectIdReferenceProperty:withValueDeserializer:[JsonDeserializer\u003c?\u003e deser]:SettableBeanProperty"
          ],
          "num": 1
        }
      ],
      "changed_lines": [
        {
          "qualified_names": [
            "54",
            "55"
          ],
          "num": 2
        },
        {
          "qualified_names": [
            "54"
          ],
          "num": 1
        }
      ],
      "diff": "diff --git a/src/main/java/com/fasterxml/jackson/databind/deser/impl/ObjectIdReferenceProperty.java b/src/main/java/com/fasterxml/jackson/databind/deser/impl/ObjectIdReferenceProperty.java\nindex 449cc79..b96ce7a 100644\n--- a/src/main/java/com/fasterxml/jackson/databind/deser/impl/ObjectIdReferenceProperty.java\n+++ b/src/main/java/com/fasterxml/jackson/databind/deser/impl/ObjectIdReferenceProperty.java\n@@ -51,8 +51,7 @@\n             return this;\n         }\n         // 07-May-2019, tatu: As per [databind#2303], must keep VD/NVP in-sync if they were\n-        NullValueProvider nvp \u003d (_valueDeserializer \u003d\u003d _nullProvider) ? deser : _nullProvider;\n-        return new ObjectIdReferenceProperty(this, deser, nvp);\n+        return new ObjectIdReferenceProperty(this, deser, _nullProvider);\n     }\n \n     @Override\n",
      "operations": [
        {
          "type": "delete-tree",
          "from": "SimpleType [1868,1885]",
          "to": ""
        },
        {
          "type": "delete-node",
          "from": "SimpleName: nvp [1886,1889]",
          "to": ""
        },
        {
          "type": "delete-tree",
          "from": "ParenthesizedExpression [1892,1929]",
          "to": ""
        },
        {
          "type": "delete-node",
          "from": "SimpleName: deser [1932,1937]",
          "to": ""
        },
        {
          "type": "delete-node",
          "from": "ConditionalExpression [1892,1953]",
          "to": ""
        },
        {
          "type": "delete-node",
          "from": "VariableDeclarationFragment [1886,1953]",
          "to": ""
        },
        {
          "type": "delete-node",
          "from": "VariableDeclarationStatement [1868,1954]",
          "to": ""
        },
        {
          "type": "multi-move-tree",
          "from": "",
          "to": ""
        },
        {
          "type": "multi-move-tree",
          "from": "",
          "to": ""
        }
      ]
    },
    {
      "changed_type": "UPDATE",
      "changed_class": [
        "src/main/java/com/fasterxml/jackson/databind/deser/impl/ObjectIdValueProperty.java",
        "src/main/java/com/fasterxml/jackson/databind/deser/impl/ObjectIdValueProperty.java"
      ],
      "changed_functions": [
        {
          "qualified_names": [
            "com.fasterxml.jackson.databind.deser.impl.ObjectIdValueProperty:withValueDeserializer:[JsonDeserializer\u003c?\u003e deser]:SettableBeanProperty"
          ],
          "num": 1
        },
        {
          "qualified_names": [
            "com.fasterxml.jackson.databind.deser.impl.ObjectIdValueProperty:withValueDeserializer:[JsonDeserializer\u003c?\u003e deser]:SettableBeanProperty"
          ],
          "num": 1
        }
      ],
      "changed_lines": [
        {
          "qualified_names": [
            "55",
            "56"
          ],
          "num": 2
        },
        {
          "qualified_names": [
            "55"
          ],
          "num": 1
        }
      ],
      "diff": "diff --git a/src/main/java/com/fasterxml/jackson/databind/deser/impl/ObjectIdValueProperty.java b/src/main/java/com/fasterxml/jackson/databind/deser/impl/ObjectIdValueProperty.java\nindex 7fe91fc..206f4ae 100644\n--- a/src/main/java/com/fasterxml/jackson/databind/deser/impl/ObjectIdValueProperty.java\n+++ b/src/main/java/com/fasterxml/jackson/databind/deser/impl/ObjectIdValueProperty.java\n@@ -52,8 +52,7 @@\n             return this;\n         }\n         // 07-May-2019, tatu: As per [databind#2303], must keep VD/NVP in-sync if they were\n-        NullValueProvider nvp \u003d (_valueDeserializer \u003d\u003d _nullProvider) ? deser : _nullProvider;\n-        return new ObjectIdValueProperty(this, deser, nvp);\n+        return new ObjectIdValueProperty(this, deser, _nullProvider);\n     }\n \n     @Override\n",
      "operations": [
        {
          "type": "delete-tree",
          "from": "SimpleType [1820,1837]",
          "to": ""
        },
        {
          "type": "delete-node",
          "from": "SimpleName: nvp [1838,1841]",
          "to": ""
        },
        {
          "type": "delete-tree",
          "from": "ParenthesizedExpression [1844,1881]",
          "to": ""
        },
        {
          "type": "delete-node",
          "from": "SimpleName: deser [1884,1889]",
          "to": ""
        },
        {
          "type": "delete-node",
          "from": "ConditionalExpression [1844,1905]",
          "to": ""
        },
        {
          "type": "delete-node",
          "from": "VariableDeclarationFragment [1838,1905]",
          "to": ""
        },
        {
          "type": "delete-node",
          "from": "VariableDeclarationStatement [1820,1906]",
          "to": ""
        },
        {
          "type": "multi-move-tree",
          "from": "",
          "to": ""
        },
        {
          "type": "multi-move-tree",
          "from": "",
          "to": ""
        }
      ]
    },
    {
      "changed_type": "UPDATE",
      "changed_class": [
        "src/main/java/com/fasterxml/jackson/databind/deser/impl/SetterlessProperty.java",
        "src/main/java/com/fasterxml/jackson/databind/deser/impl/SetterlessProperty.java"
      ],
      "changed_functions": [
        {
          "qualified_names": [
            "com.fasterxml.jackson.databind.deser.impl.SetterlessProperty:withValueDeserializer:[JsonDeserializer\u003c?\u003e deser]:SettableBeanProperty"
          ],
          "num": 1
        },
        {
          "qualified_names": [
            "com.fasterxml.jackson.databind.deser.impl.SetterlessProperty:withValueDeserializer:[JsonDeserializer\u003c?\u003e deser]:SettableBeanProperty"
          ],
          "num": 1
        }
      ],
      "changed_lines": [
        {
          "qualified_names": [
            "68",
            "69",
            "157"
          ],
          "num": 3
        },
        {
          "qualified_names": [
            "68",
            "157"
          ],
          "num": 2
        }
      ],
      "diff": "diff --git a/src/main/java/com/fasterxml/jackson/databind/deser/impl/SetterlessProperty.java b/src/main/java/com/fasterxml/jackson/databind/deser/impl/SetterlessProperty.java\nindex a901f07..f559661 100644\n--- a/src/main/java/com/fasterxml/jackson/databind/deser/impl/SetterlessProperty.java\n+++ b/src/main/java/com/fasterxml/jackson/databind/deser/impl/SetterlessProperty.java\n@@ -65,8 +65,7 @@\n             return this;\n         }\n         // 07-May-2019, tatu: As per [databind#2303], must keep VD/NVP in-sync if they were\n-        NullValueProvider nvp \u003d (_valueDeserializer \u003d\u003d _nullProvider) ? deser : _nullProvider;\n-        return new SetterlessProperty(this, deser, nvp);\n+        return new SetterlessProperty(this, deser, _nullProvider);\n     }\n \n     @Override\n@@ -154,4 +153,4 @@\n         set(instance, value);\n         return instance;\n     }\n-}\n\\ No newline at end of file\n+}\n",
      "operations": [
        {
          "type": "delete-tree",
          "from": "SimpleType [2386,2403]",
          "to": ""
        },
        {
          "type": "delete-node",
          "from": "SimpleName: nvp [2404,2407]",
          "to": ""
        },
        {
          "type": "delete-tree",
          "from": "ParenthesizedExpression [2410,2447]",
          "to": ""
        },
        {
          "type": "delete-node",
          "from": "SimpleName: deser [2450,2455]",
          "to": ""
        },
        {
          "type": "delete-node",
          "from": "ConditionalExpression [2410,2471]",
          "to": ""
        },
        {
          "type": "delete-node",
          "from": "VariableDeclarationFragment [2404,2471]",
          "to": ""
        },
        {
          "type": "delete-node",
          "from": "VariableDeclarationStatement [2386,2472]",
          "to": ""
        },
        {
          "type": "multi-move-tree",
          "from": "",
          "to": ""
        },
        {
          "type": "multi-move-tree",
          "from": "",
          "to": ""
        }
      ]
    },
    {
      "changed_type": "UPDATE",
      "changed_class": [
        "src/main/java/com/fasterxml/jackson/databind/deser/std/AtomicReferenceDeserializer.java",
        "src/main/java/com/fasterxml/jackson/databind/deser/std/AtomicReferenceDeserializer.java"
      ],
      "changed_functions": [
        {
          "qualified_names": [
            "com.fasterxml.jackson.databind.deser.std.AtomicReferenceDeserializer:getNullValue:[DeserializationContext ctxt]:AtomicReference\u003cObject\u003e"
          ],
          "num": 1
        },
        {
          "qualified_names": [
            "com.fasterxml.jackson.databind.deser.std.AtomicReferenceDeserializer:getNullValue:[DeserializationContext ctxt]:AtomicReference\u003cObject\u003e"
          ],
          "num": 1
        }
      ],
      "changed_lines": [
        {
          "qualified_names": [
            "43"
          ],
          "num": 1
        },
        {
          "qualified_names": [
            "43"
          ],
          "num": 1
        }
      ],
      "diff": "diff --git a/src/main/java/com/fasterxml/jackson/databind/deser/std/AtomicReferenceDeserializer.java b/src/main/java/com/fasterxml/jackson/databind/deser/std/AtomicReferenceDeserializer.java\nindex 486106c..9d5c3de 100644\n--- a/src/main/java/com/fasterxml/jackson/databind/deser/std/AtomicReferenceDeserializer.java\n+++ b/src/main/java/com/fasterxml/jackson/databind/deser/std/AtomicReferenceDeserializer.java\n@@ -40,7 +40,7 @@\n \n     @Override\n     public AtomicReference\u003cObject\u003e getNullValue(DeserializationContext ctxt) throws JsonMappingException {\n-        return new AtomicReference\u003cObject\u003e(_valueDeserializer.getNullValue(ctxt));\n+        return new AtomicReference\u003cObject\u003e();\n     }\n \n     @Override\n",
      "operations": [
        {
          "type": "delete-tree",
          "from": "MethodInvocation [1441,1478]",
          "to": ""
        }
      ]
    }
  ],
  "fixing_type": {
    "add_classes": {
      "qualified_names": [],
      "num": 0
    },
    "delete_classes": {
      "qualified_names": [],
      "num": 0
    },
    "add_functions": {
      "qualified_names": [],
      "num": 0
    },
    "delete_functions": {
      "qualified_names": [],
      "num": 0
    }
  }
}