{
  "logger": {
    "currentLogLevel": 20,
    "name": "root.bean.benchmarks.Defects4JBug"
  },
  "d4jCmd": "/home/liumengjiao/Desktop/defects4j/framework/bin/defects4j",
  "dataDir": "data/changesInfo/",
  "properties": {
    "trigger.tests": "org.apache.commons.codec.binary.Base32Test::testCodec200",
    "test.dir": "src/test/java",
    "clz.modified": "org.apache.commons.codec.binary.Base32",
    "src.dir": "src/main/java"
  },
  "timeoutSecond": 100,
  "proj": "Codec",
  "id": "16",
  "workingDir": "../bugs/Codec_16_tmp",
  "bug_name": "Codec_16",
  "derive": "defects4j",
  "trigger_tests": [
    {
      "test_class": "org.apache.commons.codec.binary.Base32Test",
      "test_function": "testCodec200",
      "assertion_line": "158",
      "exception": "java.lang.IllegalArgumentException",
      "message": "pad must not be in alphabet or whitespace"
    }
  ],
  "fixing_changes": [
    {
      "changed_type": "UPDATE",
      "changed_class": [
        "src/main/java/org/apache/commons/codec/binary/Base32.java",
        "src/main/java/org/apache/commons/codec/binary/Base32.java"
      ],
      "changed_functions": [
        {
          "qualified_names": [],
          "num": 0
        },
        {
          "qualified_names": [],
          "num": 0
        }
      ],
      "changed_lines": [
        {
          "qualified_names": [
            "99"
          ],
          "num": 1
        },
        {
          "qualified_names": [
            "99"
          ],
          "num": 1
        }
      ],
      "diff": "diff --git a/src/main/java/org/apache/commons/codec/binary/Base32.java b/src/main/java/org/apache/commons/codec/binary/Base32.java\nindex e40d652..bb28514 100644\n--- a/src/main/java/org/apache/commons/codec/binary/Base32.java\n+++ b/src/main/java/org/apache/commons/codec/binary/Base32.java\n@@ -96,7 +96,7 @@\n             -1, -1, -1, -1, -1, -1, -1, -1, -1, -1, -1, -1, -1, -1, -1, -1, // 20-2f\n              0,  1,  2,  3,  4,  5,  6,  7,  8,  9, -1, -1, -1, -1, -1, -1, // 30-3f 2-7\n             -1, 10, 11, 12, 13, 14, 15, 16, 17, 18, 19, 20, 21, 22, 23, 24, // 40-4f A-O\n-            25, 26, 27, 28, 29, 30, 31,                                     // 50-57 P-V\n+            25, 26, 27, 28, 29, 30, 31, 32,\n     };\n \n     /**\n",
      "operations": [
        {
          "type": "move-tree",
          "from": "",
          "to": ""
        },
        {
          "type": "move-tree",
          "from": "",
          "to": ""
        },
        {
          "type": "insert-node",
          "from": "",
          "to": "NumberLiteral: 32 [4609,4611]"
        }
      ]
    }
  ],
  "fixing_type": {
    "add_classes": {
      "qualified_names": [],
      "num": 0
    },
    "delete_classes": {
      "qualified_names": [],
      "num": 0
    },
    "add_functions": {
      "qualified_names": [],
      "num": 0
    },
    "delete_functions": {
      "qualified_names": [],
      "num": 0
    }
  }
}