{
  "logger": {
    "currentLogLevel": 20,
    "name": "root.bean.benchmarks.Defects4JBug"
  },
  "d4jCmd": "/home/liumengjiao/Desktop/defects4j/framework/bin/defects4j",
  "dataDir": "data/changesInfo/",
  "properties": {
    "trigger.tests": "org.apache.commons.compress.archivers.tar.TarUtilsTest::testParseOctal",
    "test.dir": "src/test/java",
    "clz.modified": "org.apache.commons.compress.archivers.tar.TarUtils",
    "src.dir": "src/main/java"
  },
  "timeoutSecond": 100,
  "proj": "Compress",
  "id": "27",
  "workingDir": "../bugs/Compress_27_tmp",
  "bug_name": "Compress_27",
  "derive": "defects4j",
  "trigger_tests": [
    {
      "test_class": "org.apache.commons.compress.archivers.tar.TarUtilsTest",
      "test_function": "testParseOctal",
      "assertion_line": "68",
      "exception": "java.lang.IllegalArgumentException",
      "message": "Invalid byte 32 at offset 1 in \u0027 {NUL}\u0027 len\u003d2"
    }
  ],
  "fixing_changes": [
    {
      "changed_type": "UPDATE",
      "changed_class": [
        "src/main/java/org/apache/commons/compress/archivers/tar/TarUtils.java",
        "src/main/java/org/apache/commons/compress/archivers/tar/TarUtils.java"
      ],
      "changed_functions": [
        {
          "qualified_names": [
            "org.apache.commons.compress.archivers.tar.TarUtils:parseOctal:[final byte[] buffer, final int offset, final int length]:long"
          ],
          "num": 1
        },
        {
          "qualified_names": [
            "org.apache.commons.compress.archivers.tar.TarUtils:parseOctal:[final byte[] buffer, final int offset, final int length]:long"
          ],
          "num": 1
        }
      ],
      "changed_lines": [
        {
          "qualified_names": [
            "132"
          ],
          "num": 1
        },
        {
          "qualified_names": [
            "133",
            "134",
            "135",
            "136"
          ],
          "num": 4
        }
      ],
      "diff": "diff --git a/src/main/java/org/apache/commons/compress/archivers/tar/TarUtils.java b/src/main/java/org/apache/commons/compress/archivers/tar/TarUtils.java\nindex 1782ffe..4cf32d6 100644\n--- a/src/main/java/org/apache/commons/compress/archivers/tar/TarUtils.java\n+++ b/src/main/java/org/apache/commons/compress/archivers/tar/TarUtils.java\n@@ -130,6 +130,10 @@\n             end--;\n             trailer \u003d buffer[end - 1];\n         }\n+        if (start \u003d\u003d end) {\n+            throw new IllegalArgumentException(\n+                    exceptionMessage(buffer, offset, length, start, trailer));\n+        }\n \n         for ( ;start \u003c end; start++) {\n             final byte currentByte \u003d buffer[start];\n",
      "operations": [
        {
          "type": "insert-tree",
          "from": "",
          "to": "IfStatement [4751,4907]"
        }
      ]
    }
  ],
  "fixing_type": {
    "add_classes": {
      "qualified_names": [],
      "num": 0
    },
    "delete_classes": {
      "qualified_names": [],
      "num": 0
    },
    "add_functions": {
      "qualified_names": [],
      "num": 0
    },
    "delete_functions": {
      "qualified_names": [],
      "num": 0
    }
  }
}