{
  "logger": {
    "currentLogLevel": 20,
    "name": "root.bean.benchmarks.Defects4JBug"
  },
  "d4jCmd": "/home/liumengjiao/Desktop/defects4j/framework/bin/defects4j",
  "dataDir": "data/changesInfo/",
  "properties": {
    "trigger.tests": "org.apache.commons.codec.language.DoubleMetaphone2Test::testDoubleMetaphoneAlternate",
    "test.dir": "src/test",
    "clz.modified": "org.apache.commons.codec.language.DoubleMetaphone",
    "src.dir": "src/java"
  },
  "timeoutSecond": 100,
  "proj": "Codec",
  "id": "3",
  "workingDir": "../bugs/Codec_3_tmp",
  "bug_name": "Codec_3",
  "derive": "defects4j",
  "trigger_tests": [
    {
      "test_class": "org.apache.commons.codec.language.DoubleMetaphone2Test",
      "test_function": "testDoubleMetaphoneAlternate",
      "assertion_line": "84",
      "exception": "junit.framework.ComparisonFailure",
      "message": "Test [19]\u003dAngier expected:\u003cAN[J]R\u003e but was:\u003cAN[K]R\u003e"
    }
  ],
  "fixing_changes": [
    {
      "changed_type": "UPDATE",
      "changed_class": [
        "src/java/org/apache/commons/codec/language/DoubleMetaphone.java",
        "src/java/org/apache/commons/codec/language/DoubleMetaphone.java"
      ],
      "changed_functions": [
        {
          "qualified_names": [
            "org.apache.commons.codec.language.DoubleMetaphone:handleG:[String value, DoubleMetaphoneResult result, int index, boolean slavoGermanic]:int"
          ],
          "num": 1
        },
        {
          "qualified_names": [
            "org.apache.commons.codec.language.DoubleMetaphone:handleG:[String value, DoubleMetaphoneResult result, int index, boolean slavoGermanic]:int"
          ],
          "num": 1
        }
      ],
      "changed_lines": [
        {
          "qualified_names": [
            "455"
          ],
          "num": 1
        },
        {
          "qualified_names": [
            "455"
          ],
          "num": 1
        }
      ],
      "diff": "diff --git a/src/java/org/apache/commons/codec/language/DoubleMetaphone.java b/src/java/org/apache/commons/codec/language/DoubleMetaphone.java\nindex f7122d4..e2b8e11 100644\n--- a/src/java/org/apache/commons/codec/language/DoubleMetaphone.java\n+++ b/src/java/org/apache/commons/codec/language/DoubleMetaphone.java\n@@ -452,7 +452,7 @@\n             if ((contains(value, 0 ,4, \"VAN \", \"VON \") || contains(value, 0, 3, \"SCH\")) || contains(value, index + 1, 2, \"ET\")) {\n                 //-- obvious germanic --//\n                 result.append(\u0027K\u0027);\n-            } else if (contains(value, index + 1, 3, \"IER\")) {\n+            } else if (contains(value, index + 1, 4, \"IER\")) {\n                 result.append(\u0027J\u0027);\n             } else {\n                 result.append(\u0027J\u0027, \u0027K\u0027);\n",
      "operations": [
        {
          "type": "update-node",
          "from": "",
          "to": ""
        }
      ]
    }
  ],
  "fixing_type": {
    "add_classes": {
      "qualified_names": [],
      "num": 0
    },
    "delete_classes": {
      "qualified_names": [],
      "num": 0
    },
    "add_functions": {
      "qualified_names": [],
      "num": 0
    },
    "delete_functions": {
      "qualified_names": [],
      "num": 0
    }
  }
}