{
  "logger": {
    "currentLogLevel": 20,
    "name": "root.bean.benchmarks.Defects4JBug"
  },
  "d4jCmd": "/home/liumengjiao/Desktop/defects4j/framework/bin/defects4j",
  "dataDir": "data/changesInfo/",
  "properties": {
    "trigger.tests": "com.fasterxml.jackson.core.json.TestJsonGeneratorFeatures::testFieldNameQuotingEnabled",
    "test.dir": "src/test/java",
    "clz.modified": "com.fasterxml.jackson.core.json.JsonGeneratorImpl",
    "src.dir": "src/main/java"
  },
  "timeoutSecond": 100,
  "proj": "JacksonCore",
  "id": "13",
  "workingDir": "../bugs/JacksonCore_13_tmp",
  "bug_name": "JacksonCore_13",
  "derive": "defects4j",
  "trigger_tests": [
    {
      "test_class": "com.fasterxml.jackson.core.json.TestJsonGeneratorFeatures",
      "test_function": "testFieldNameQuotingEnabled",
      "assertion_line": "139",
      "exception": "junit.framework.ComparisonFailure",
      "message": "expected:\u003c{[foo]:1}\u003e but was:\u003c{[\"foo\"]:1}\u003e"
    }
  ],
  "fixing_changes": [
    {
      "changed_type": "UPDATE",
      "changed_class": [
        "src/main/java/com/fasterxml/jackson/core/json/JsonGeneratorImpl.java",
        "src/main/java/com/fasterxml/jackson/core/json/JsonGeneratorImpl.java"
      ],
      "changed_functions": [
        {
          "qualified_names": [
            "com.fasterxml.jackson.core.json.JsonGeneratorImpl:disable:[Feature f]:JsonGenerator"
          ],
          "num": 1
        },
        {
          "qualified_names": [],
          "num": 0
        }
      ],
      "changed_lines": [
        {
          "qualified_names": [
            "127",
            "128",
            "129",
            "130",
            "131",
            "132",
            "133",
            "134"
          ],
          "num": 8
        },
        {
          "qualified_names": [
            "126"
          ],
          "num": 1
        }
      ],
      "diff": "diff --git a/src/main/java/com/fasterxml/jackson/core/json/JsonGeneratorImpl.java b/src/main/java/com/fasterxml/jackson/core/json/JsonGeneratorImpl.java\nindex 1270eae..fb8f21c 100644\n--- a/src/main/java/com/fasterxml/jackson/core/json/JsonGeneratorImpl.java\n+++ b/src/main/java/com/fasterxml/jackson/core/json/JsonGeneratorImpl.java\n@@ -124,14 +124,6 @@\n         return this;\n     }\n \n-    @Override\n-    public JsonGenerator disable(Feature f) {\n-        super.disable(f);\n-        if (f \u003d\u003d Feature.QUOTE_FIELD_NAMES) {\n-            _cfgUnqNames \u003d true;\n-        }\n-        return this;\n-    }\n \n     @Override\n     protected void _checkStdFeatureChanges(int newFeatureFlags, int changedFeatures) {\n",
      "operations": [
        {
          "type": "delete-tree",
          "from": "MethodDeclaration [3985,4182]",
          "to": ""
        }
      ]
    }
  ],
  "fixing_type": {
    "add_classes": {
      "qualified_names": [],
      "num": 0
    },
    "delete_classes": {
      "qualified_names": [],
      "num": 0
    },
    "add_functions": {
      "qualified_names": [],
      "num": 0
    },
    "delete_functions": {
      "qualified_names": [
        "com.fasterxml.jackson.core.json.JsonGeneratorImpl:disable:[Feature f]:JsonGenerator"
      ],
      "num": 1
    }
  }
}