{
  "logger": {
    "currentLogLevel": 20,
    "name": "root.bean.benchmarks.Defects4JBug"
  },
  "d4jCmd": "/home/liumengjiao/Desktop/defects4j/framework/bin/defects4j",
  "dataDir": "data/changesInfo/",
  "properties": {
    "trigger.tests": "org.apache.commons.compress.archivers.zip.ZipArchiveEntryTest::testNotEquals",
    "test.dir": "src/test/java",
    "clz.modified": "org.apache.commons.compress.archivers.zip.ZipArchiveEntry",
    "src.dir": "src/main/java"
  },
  "timeoutSecond": 100,
  "proj": "Compress",
  "id": "6",
  "workingDir": "../bugs/Compress_6_tmp",
  "bug_name": "Compress_6",
  "derive": "defects4j",
  "trigger_tests": [
    {
      "test_class": "org.apache.commons.compress.archivers.zip.ZipArchiveEntryTest",
      "test_function": "testNotEquals",
      "assertion_line": "230",
      "exception": "junit.framework.AssertionFailedError",
      "message": ""
    }
  ],
  "fixing_changes": [
    {
      "changed_type": "UPDATE",
      "changed_class": [
        "src/main/java/org/apache/commons/compress/archivers/zip/ZipArchiveEntry.java",
        "src/main/java/org/apache/commons/compress/archivers/zip/ZipArchiveEntry.java"
      ],
      "changed_functions": [
        {
          "qualified_names": [
            "org.apache.commons.compress.archivers.zip.ZipArchiveEntry:ZipArchiveEntry:[String name]:null",
            "org.apache.commons.compress.archivers.zip.ZipArchiveEntry:equals:[Object obj]:boolean"
          ],
          "num": 2
        },
        {
          "qualified_names": [
            "org.apache.commons.compress.archivers.zip.ZipArchiveEntry:equals:[Object obj]:boolean",
            "org.apache.commons.compress.archivers.zip.ZipArchiveEntry:ZipArchiveEntry:[String name]:null"
          ],
          "num": 2
        }
      ],
      "changed_lines": [
        {
          "qualified_names": [
            "64",
            "463",
            "464",
            "465",
            "466",
            "469"
          ],
          "num": 6
        },
        {
          "qualified_names": [
            "63",
            "462",
            "463",
            "466"
          ],
          "num": 4
        }
      ],
      "diff": "diff --git a/src/main/java/org/apache/commons/compress/archivers/zip/ZipArchiveEntry.java b/src/main/java/org/apache/commons/compress/archivers/zip/ZipArchiveEntry.java\nindex fe5270f..6a7c1e9 100644\n--- a/src/main/java/org/apache/commons/compress/archivers/zip/ZipArchiveEntry.java\n+++ b/src/main/java/org/apache/commons/compress/archivers/zip/ZipArchiveEntry.java\n@@ -61,7 +61,6 @@\n      */\n     public ZipArchiveEntry(String name) {\n         super(name);\n-        setName(name);\n     }\n \n     /**\n@@ -460,13 +459,11 @@\n             return false;\n         }\n         ZipArchiveEntry other \u003d (ZipArchiveEntry) obj;\n-        String myName \u003d getName();\n-        String otherName \u003d other.getName();\n-        if (myName \u003d\u003d null) {\n-            if (otherName !\u003d null) {\n+        if (name \u003d\u003d null) {\n+            if (other.name !\u003d null) {\n                 return false;\n             }\n-        } else if (!myName.equals(otherName)) {\n+        } else if (!name.equals(other.name)) {\n             return false;\n         }\n         return true;\n",
      "operations": [
        {
          "type": "move-tree",
          "from": "",
          "to": ""
        },
        {
          "type": "update-node",
          "from": "",
          "to": ""
        },
        {
          "type": "insert-node",
          "from": "",
          "to": "QualifiedName: other.name [14621,14631]"
        },
        {
          "type": "update-node",
          "from": "",
          "to": ""
        },
        {
          "type": "insert-node",
          "from": "",
          "to": "QualifiedName: other.name [14719,14729]"
        },
        {
          "type": "delete-tree",
          "from": "ExpressionStatement [2335,2349]",
          "to": ""
        },
        {
          "type": "delete-tree",
          "from": "MethodInvocation [14624,14633]",
          "to": ""
        },
        {
          "type": "delete-node",
          "from": "VariableDeclarationStatement [14608,14634]",
          "to": ""
        },
        {
          "type": "delete-tree",
          "from": "VariableDeclarationStatement [14643,14678]",
          "to": ""
        },
        {
          "type": "delete-node",
          "from": "SimpleName: otherName [14725,14734]",
          "to": ""
        },
        {
          "type": "delete-node",
          "from": "SimpleName: otherName [14824,14833]",
          "to": ""
        },
        {
          "type": "multi-move-tree",
          "from": "",
          "to": ""
        },
        {
          "type": "multi-move-tree",
          "from": "",
          "to": ""
        },
        {
          "type": "multi-move-tree",
          "from": "",
          "to": ""
        },
        {
          "type": "multi-move-tree",
          "from": "",
          "to": ""
        },
        {
          "type": "multi-move-tree",
          "from": "",
          "to": ""
        },
        {
          "type": "multi-move-tree",
          "from": "",
          "to": ""
        }
      ]
    }
  ],
  "fixing_type": {
    "add_classes": {
      "qualified_names": [],
      "num": 0
    },
    "delete_classes": {
      "qualified_names": [],
      "num": 0
    },
    "add_functions": {
      "qualified_names": [],
      "num": 0
    },
    "delete_functions": {
      "qualified_names": [],
      "num": 0
    }
  }
}