{
  "logger": {
    "currentLogLevel": 20,
    "name": "root.bean.benchmarks.Defects4JBug"
  },
  "d4jCmd": "/home/liumengjiao/Desktop/defects4j/framework/bin/defects4j",
  "dataDir": "data/changesInfo/",
  "properties": {
    "trigger.tests": "com.fasterxml.jackson.databind.struct.TestUnwrapped::testUnwrappedAsPropertyIndicator",
    "test.dir": "src/test/java",
    "clz.modified": "com.fasterxml.jackson.databind.introspect.JacksonAnnotationIntrospector",
    "src.dir": "src/main/java"
  },
  "timeoutSecond": 100,
  "proj": "JacksonDatabind",
  "id": "33",
  "workingDir": "../bugs/JacksonDatabind_33_tmp",
  "bug_name": "JacksonDatabind_33",
  "derive": "defects4j",
  "trigger_tests": [
    {
      "test_class": "com.fasterxml.jackson.databind.struct.TestUnwrapped",
      "test_function": "testUnwrappedAsPropertyIndicator",
      "assertion_line": "189",
      "exception": "com.fasterxml.jackson.databind.JsonMappingException",
      "message": "No serializer found for class com.fasterxml.jackson.databind.struct.TestUnwrapped$Outer and no properties discovered to create BeanSerializer (to avoid exception, disable SerializationFeature.FAIL_ON_EMPTY_BEANS) )"
    }
  ],
  "fixing_changes": [
    {
      "changed_type": "UPDATE",
      "changed_class": [
        "src/main/java/com/fasterxml/jackson/databind/introspect/JacksonAnnotationIntrospector.java",
        "src/main/java/com/fasterxml/jackson/databind/introspect/JacksonAnnotationIntrospector.java"
      ],
      "changed_functions": [
        {
          "qualified_names": [
            "com.fasterxml.jackson.databind.introspect.JacksonAnnotationIntrospector:findNameForSerialization:[Annotated a]:PropertyName"
          ],
          "num": 1
        },
        {
          "qualified_names": [
            "com.fasterxml.jackson.databind.introspect.JacksonAnnotationIntrospector:findNameForSerialization:[Annotated a]:PropertyName"
          ],
          "num": 1
        }
      ],
      "changed_lines": [
        {
          "qualified_names": [
            "748",
            "749",
            "750",
            "751"
          ],
          "num": 4
        },
        {
          "qualified_names": [
            "748"
          ],
          "num": 1
        }
      ],
      "diff": "diff --git a/src/main/java/com/fasterxml/jackson/databind/introspect/JacksonAnnotationIntrospector.java b/src/main/java/com/fasterxml/jackson/databind/introspect/JacksonAnnotationIntrospector.java\nindex 5db1584..92b3ffa 100644\n--- a/src/main/java/com/fasterxml/jackson/databind/introspect/JacksonAnnotationIntrospector.java\n+++ b/src/main/java/com/fasterxml/jackson/databind/introspect/JacksonAnnotationIntrospector.java\n@@ -745,10 +745,7 @@\n                  */\n             } else if (_hasAnnotation(a, JsonSerialize.class)\n                     || _hasAnnotation(a, JsonView.class)\n-                    || _hasAnnotation(a, JsonRawValue.class)\n-                    || _hasAnnotation(a, JsonUnwrapped.class)\n-                    || _hasAnnotation(a, JsonBackReference.class)\n-                    || _hasAnnotation(a, JsonManagedReference.class)) {\n+                    || _hasAnnotation(a, JsonRawValue.class)) {\n                 name \u003d \"\";\n             } else {\n                 return null;\n",
      "operations": [
        {
          "type": "delete-tree",
          "from": "MethodInvocation [26661,26699]",
          "to": ""
        },
        {
          "type": "delete-tree",
          "from": "MethodInvocation [26723,26765]",
          "to": ""
        },
        {
          "type": "delete-tree",
          "from": "MethodInvocation [26789,26834]",
          "to": ""
        }
      ]
    }
  ],
  "fixing_type": {
    "add_classes": {
      "qualified_names": [],
      "num": 0
    },
    "delete_classes": {
      "qualified_names": [],
      "num": 0
    },
    "add_functions": {
      "qualified_names": [],
      "num": 0
    },
    "delete_functions": {
      "qualified_names": [],
      "num": 0
    }
  }
}