{
  "logger": {
    "currentLogLevel": 20,
    "name": "root.bean.benchmarks.Defects4JBug"
  },
  "d4jCmd": "/home/liumengjiao/Desktop/defects4j/framework/bin/defects4j",
  "dataDir": "data/changesInfo/",
  "properties": {
    "trigger.tests": "org.apache.commons.jxpath.ri.compiler.CoreFunctionTest::testCoreFunctions",
    "test.dir": "src/test",
    "clz.modified": "org.apache.commons.jxpath.ri.compiler.CoreFunction",
    "src.dir": "src/java"
  },
  "timeoutSecond": 100,
  "proj": "JxPath",
  "id": "14",
  "workingDir": "../bugs/JxPath_14_tmp",
  "bug_name": "JxPath_14",
  "derive": "defects4j",
  "trigger_tests": [
    {
      "test_class": "org.apache.commons.jxpath.ri.compiler.CoreFunctionTest",
      "test_function": "testCoreFunctions",
      "assertion_line": "126",
      "exception": "junit.framework.AssertionFailedError",
      "message": "Evaluating \u003cround(\u0027NaN\u0027)\u003e expected:\u003cNaN\u003e but was:\u003c0.0\u003e"
    }
  ],
  "fixing_changes": [
    {
      "changed_type": "UPDATE",
      "changed_class": [
        "src/java/org/apache/commons/jxpath/ri/compiler/CoreFunction.java",
        "src/java/org/apache/commons/jxpath/ri/compiler/CoreFunction.java"
      ],
      "changed_functions": [
        {
          "qualified_names": [
            "org.apache.commons.jxpath.ri.compiler.CoreFunction:functionFloor:[EvalContext context]:Object",
            "org.apache.commons.jxpath.ri.compiler.CoreFunction:functionRound:[EvalContext context]:Object",
            "org.apache.commons.jxpath.ri.compiler.CoreFunction:functionCeiling:[EvalContext context]:Object"
          ],
          "num": 3
        },
        {
          "qualified_names": [
            "org.apache.commons.jxpath.ri.compiler.CoreFunction:functionFloor:[EvalContext context]:Object"
          ],
          "num": 1
        }
      ],
      "changed_lines": [
        {
          "qualified_names": [
            "656",
            "657",
            "658",
            "665",
            "666",
            "667",
            "674",
            "675",
            "676"
          ],
          "num": 9
        },
        {
          "qualified_names": [
            "655"
          ],
          "num": 1
        }
      ],
      "diff": "diff --git a/src/java/org/apache/commons/jxpath/ri/compiler/CoreFunction.java b/src/java/org/apache/commons/jxpath/ri/compiler/CoreFunction.java\nindex 1544183..f717190 100644\n--- a/src/java/org/apache/commons/jxpath/ri/compiler/CoreFunction.java\n+++ b/src/java/org/apache/commons/jxpath/ri/compiler/CoreFunction.java\n@@ -653,27 +653,18 @@\n     protected Object functionFloor(EvalContext context) {\n         assertArgCount(1);\n         double v \u003d InfoSetUtil.doubleValue(getArg1().computeValue(context));\n-        if (Double.isNaN(v) || Double.isInfinite(v)) {\n-        \treturn new Double(v);\n-        }\n         return new Double(Math.floor(v));\n     }\n \n     protected Object functionCeiling(EvalContext context) {\n         assertArgCount(1);\n         double v \u003d InfoSetUtil.doubleValue(getArg1().computeValue(context));\n-        if (Double.isNaN(v) || Double.isInfinite(v)) {\n-        \treturn new Double(v);\n-        }\n         return new Double(Math.ceil(v));\n     }\n \n     protected Object functionRound(EvalContext context) {\n         assertArgCount(1);\n         double v \u003d InfoSetUtil.doubleValue(getArg1().computeValue(context));\n-        if (Double.isNaN(v) || Double.isInfinite(v)) {\n-        \treturn new Double(v);\n-        }\n         return new Double(Math.round(v));\n     }\n \n",
      "operations": [
        {
          "type": "delete-tree",
          "from": "IfStatement [22786,22873]",
          "to": ""
        },
        {
          "type": "delete-tree",
          "from": "IfStatement [23095,23182]",
          "to": ""
        },
        {
          "type": "delete-tree",
          "from": "IfStatement [23401,23488]",
          "to": ""
        }
      ]
    }
  ],
  "fixing_type": {
    "add_classes": {
      "qualified_names": [],
      "num": 0
    },
    "delete_classes": {
      "qualified_names": [],
      "num": 0
    },
    "add_functions": {
      "qualified_names": [],
      "num": 0
    },
    "delete_functions": {
      "qualified_names": [
        "org.apache.commons.jxpath.ri.compiler.CoreFunction:functionRound:[EvalContext context]:Object",
        "org.apache.commons.jxpath.ri.compiler.CoreFunction:functionCeiling:[EvalContext context]:Object"
      ],
      "num": 2
    }
  }
}