{
  "logger": {
    "currentLogLevel": 20,
    "name": "root.bean.benchmarks.Defects4JBug"
  },
  "d4jCmd": "/home/liumengjiao/Desktop/defects4j/framework/bin/defects4j",
  "dataDir": "data/changesInfo/",
  "properties": {
    "trigger.tests": "com.fasterxml.jackson.databind.deser.TestArrayDeserialization::testByteArrayTypeOverride890",
    "test.dir": "src/test/java",
    "clz.modified": "com.fasterxml.jackson.databind.deser.BasicDeserializerFactory,com.fasterxml.jackson.databind.deser.DeserializerCache,com.fasterxml.jackson.databind.jsontype.impl.TypeDeserializerBase,com.fasterxml.jackson.databind.module.SimpleAbstractTypeResolver",
    "src.dir": "src/main/java"
  },
  "timeoutSecond": 100,
  "proj": "JacksonDatabind",
  "id": "25",
  "workingDir": "../bugs/JacksonDatabind_25_tmp",
  "bug_name": "JacksonDatabind_25",
  "derive": "defects4j",
  "trigger_tests": [
    {
      "test_class": "com.fasterxml.jackson.databind.deser.TestArrayDeserialization",
      "test_function": "testByteArrayTypeOverride890",
      "assertion_line": "563",
      "exception": "com.fasterxml.jackson.databind.JsonMappingException",
      "message": "Can not deserialize Class [B (of type array) as a Bean"
    }
  ],
  "fixing_changes": [
    {
      "changed_type": "UPDATE",
      "changed_class": [
        "src/main/java/com/fasterxml/jackson/databind/deser/BasicDeserializerFactory.java",
        "src/main/java/com/fasterxml/jackson/databind/deser/BasicDeserializerFactory.java"
      ],
      "changed_functions": [
        {
          "qualified_names": [
            "com.fasterxml.jackson.databind.deser.BasicDeserializerFactory:modifyTypeByAnnotation:[DeserializationContext ctxt, Annotated a, T type]:T"
          ],
          "num": 1
        },
        {
          "qualified_names": [
            "com.fasterxml.jackson.databind.deser.BasicDeserializerFactory:modifyTypeByAnnotation:[DeserializationContext ctxt, Annotated a, T type]:T"
          ],
          "num": 1
        }
      ],
      "changed_lines": [
        {
          "qualified_names": [
            "1757"
          ],
          "num": 1
        },
        {
          "qualified_names": [
            "1757"
          ],
          "num": 1
        }
      ],
      "diff": "diff --git a/src/main/java/com/fasterxml/jackson/databind/deser/BasicDeserializerFactory.java b/src/main/java/com/fasterxml/jackson/databind/deser/BasicDeserializerFactory.java\nindex 8a737aa..a0cbf16 100644\n--- a/src/main/java/com/fasterxml/jackson/databind/deser/BasicDeserializerFactory.java\n+++ b/src/main/java/com/fasterxml/jackson/databind/deser/BasicDeserializerFactory.java\n@@ -1754,7 +1754,7 @@\n         Class\u003c?\u003e subclass \u003d intr.findDeserializationType(a, type);\n         if (subclass !\u003d null) {\n             try {\n-                type \u003d (T) ctxt.getTypeFactory().constructSpecializedType(type, subclass);\n+                type \u003d (T) type.narrowBy(subclass);\n             } catch (IllegalArgumentException iae) {\n                 throw new JsonMappingException(\"Failed to narrow type \"+type+\" with concrete-type annotation (value \"+subclass.getName()+\"), method \u0027\"+a.getName()+\"\u0027: \"+iae.getMessage(), null, iae);\n             }\n",
      "operations": [
        {
          "type": "move-tree",
          "from": "",
          "to": ""
        },
        {
          "type": "move-tree",
          "from": "",
          "to": ""
        },
        {
          "type": "move-tree",
          "from": "",
          "to": ""
        },
        {
          "type": "move-tree",
          "from": "",
          "to": ""
        },
        {
          "type": "move-tree",
          "from": "",
          "to": ""
        },
        {
          "type": "move-tree",
          "from": "",
          "to": ""
        },
        {
          "type": "move-tree",
          "from": "",
          "to": ""
        },
        {
          "type": "move-tree",
          "from": "",
          "to": ""
        },
        {
          "type": "update-node",
          "from": "",
          "to": ""
        },
        {
          "type": "move-tree",
          "from": "",
          "to": ""
        },
        {
          "type": "delete-tree",
          "from": "MethodInvocation [80367,80388]",
          "to": ""
        },
        {
          "type": "multi-move-tree",
          "from": "",
          "to": ""
        },
        {
          "type": "multi-move-tree",
          "from": "",
          "to": ""
        },
        {
          "type": "multi-move-tree",
          "from": "",
          "to": ""
        },
        {
          "type": "multi-move-tree",
          "from": "",
          "to": ""
        },
        {
          "type": "multi-move-tree",
          "from": "",
          "to": ""
        },
        {
          "type": "multi-move-tree",
          "from": "",
          "to": ""
        },
        {
          "type": "multi-move-tree",
          "from": "",
          "to": ""
        },
        {
          "type": "multi-move-tree",
          "from": "",
          "to": ""
        },
        {
          "type": "multi-move-tree",
          "from": "",
          "to": ""
        },
        {
          "type": "multi-move-tree",
          "from": "",
          "to": ""
        },
        {
          "type": "multi-move-tree",
          "from": "",
          "to": ""
        },
        {
          "type": "multi-move-tree",
          "from": "",
          "to": ""
        },
        {
          "type": "multi-move-tree",
          "from": "",
          "to": ""
        },
        {
          "type": "multi-move-tree",
          "from": "",
          "to": ""
        },
        {
          "type": "multi-move-tree",
          "from": "",
          "to": ""
        },
        {
          "type": "multi-move-tree",
          "from": "",
          "to": ""
        },
        {
          "type": "multi-move-tree",
          "from": "",
          "to": ""
        },
        {
          "type": "multi-move-tree",
          "from": "",
          "to": ""
        },
        {
          "type": "multi-move-tree",
          "from": "",
          "to": ""
        },
        {
          "type": "multi-move-tree",
          "from": "",
          "to": ""
        },
        {
          "type": "multi-move-tree",
          "from": "",
          "to": ""
        },
        {
          "type": "multi-move-tree",
          "from": "",
          "to": ""
        },
        {
          "type": "multi-move-tree",
          "from": "",
          "to": ""
        },
        {
          "type": "multi-move-tree",
          "from": "",
          "to": ""
        },
        {
          "type": "multi-move-tree",
          "from": "",
          "to": ""
        },
        {
          "type": "multi-move-tree",
          "from": "",
          "to": ""
        },
        {
          "type": "multi-move-tree",
          "from": "",
          "to": ""
        },
        {
          "type": "multi-move-tree",
          "from": "",
          "to": ""
        },
        {
          "type": "multi-move-tree",
          "from": "",
          "to": ""
        },
        {
          "type": "multi-move-tree",
          "from": "",
          "to": ""
        },
        {
          "type": "multi-move-tree",
          "from": "",
          "to": ""
        },
        {
          "type": "multi-move-tree",
          "from": "",
          "to": ""
        },
        {
          "type": "multi-move-tree",
          "from": "",
          "to": ""
        },
        {
          "type": "multi-move-tree",
          "from": "",
          "to": ""
        },
        {
          "type": "multi-move-tree",
          "from": "",
          "to": ""
        },
        {
          "type": "multi-move-tree",
          "from": "",
          "to": ""
        },
        {
          "type": "multi-move-tree",
          "from": "",
          "to": ""
        },
        {
          "type": "multi-move-tree",
          "from": "",
          "to": ""
        },
        {
          "type": "multi-move-tree",
          "from": "",
          "to": ""
        },
        {
          "type": "multi-move-tree",
          "from": "",
          "to": ""
        },
        {
          "type": "multi-move-tree",
          "from": "",
          "to": ""
        },
        {
          "type": "multi-move-tree",
          "from": "",
          "to": ""
        },
        {
          "type": "multi-move-tree",
          "from": "",
          "to": ""
        },
        {
          "type": "multi-move-tree",
          "from": "",
          "to": ""
        },
        {
          "type": "multi-move-tree",
          "from": "",
          "to": ""
        },
        {
          "type": "multi-move-tree",
          "from": "",
          "to": ""
        },
        {
          "type": "multi-move-tree",
          "from": "",
          "to": ""
        },
        {
          "type": "multi-move-tree",
          "from": "",
          "to": ""
        },
        {
          "type": "multi-move-tree",
          "from": "",
          "to": ""
        },
        {
          "type": "multi-move-tree",
          "from": "",
          "to": ""
        },
        {
          "type": "multi-move-tree",
          "from": "",
          "to": ""
        },
        {
          "type": "multi-move-tree",
          "from": "",
          "to": ""
        },
        {
          "type": "multi-move-tree",
          "from": "",
          "to": ""
        },
        {
          "type": "multi-move-tree",
          "from": "",
          "to": ""
        },
        {
          "type": "multi-move-tree",
          "from": "",
          "to": ""
        },
        {
          "type": "multi-move-tree",
          "from": "",
          "to": ""
        },
        {
          "type": "multi-move-tree",
          "from": "",
          "to": ""
        },
        {
          "type": "multi-move-tree",
          "from": "",
          "to": ""
        },
        {
          "type": "multi-move-tree",
          "from": "",
          "to": ""
        },
        {
          "type": "multi-move-tree",
          "from": "",
          "to": ""
        },
        {
          "type": "multi-move-tree",
          "from": "",
          "to": ""
        },
        {
          "type": "multi-move-tree",
          "from": "",
          "to": ""
        },
        {
          "type": "multi-move-tree",
          "from": "",
          "to": ""
        },
        {
          "type": "multi-move-tree",
          "from": "",
          "to": ""
        },
        {
          "type": "multi-move-tree",
          "from": "",
          "to": ""
        },
        {
          "type": "multi-move-tree",
          "from": "",
          "to": ""
        },
        {
          "type": "multi-move-tree",
          "from": "",
          "to": ""
        },
        {
          "type": "multi-move-tree",
          "from": "",
          "to": ""
        },
        {
          "type": "multi-move-tree",
          "from": "",
          "to": ""
        },
        {
          "type": "multi-move-tree",
          "from": "",
          "to": ""
        },
        {
          "type": "multi-move-tree",
          "from": "",
          "to": ""
        },
        {
          "type": "multi-move-tree",
          "from": "",
          "to": ""
        },
        {
          "type": "multi-move-tree",
          "from": "",
          "to": ""
        },
        {
          "type": "multi-move-tree",
          "from": "",
          "to": ""
        },
        {
          "type": "multi-move-tree",
          "from": "",
          "to": ""
        },
        {
          "type": "multi-move-tree",
          "from": "",
          "to": ""
        },
        {
          "type": "multi-move-tree",
          "from": "",
          "to": ""
        },
        {
          "type": "multi-move-tree",
          "from": "",
          "to": ""
        },
        {
          "type": "multi-move-tree",
          "from": "",
          "to": ""
        },
        {
          "type": "multi-move-tree",
          "from": "",
          "to": ""
        },
        {
          "type": "multi-move-tree",
          "from": "",
          "to": ""
        },
        {
          "type": "multi-move-tree",
          "from": "",
          "to": ""
        },
        {
          "type": "multi-move-tree",
          "from": "",
          "to": ""
        },
        {
          "type": "multi-move-tree",
          "from": "",
          "to": ""
        },
        {
          "type": "multi-move-tree",
          "from": "",
          "to": ""
        },
        {
          "type": "multi-move-tree",
          "from": "",
          "to": ""
        },
        {
          "type": "multi-move-tree",
          "from": "",
          "to": ""
        },
        {
          "type": "multi-move-tree",
          "from": "",
          "to": ""
        },
        {
          "type": "multi-move-tree",
          "from": "",
          "to": ""
        },
        {
          "type": "multi-move-tree",
          "from": "",
          "to": ""
        },
        {
          "type": "multi-move-tree",
          "from": "",
          "to": ""
        },
        {
          "type": "multi-move-tree",
          "from": "",
          "to": ""
        },
        {
          "type": "multi-move-tree",
          "from": "",
          "to": ""
        },
        {
          "type": "multi-move-tree",
          "from": "",
          "to": ""
        },
        {
          "type": "multi-move-tree",
          "from": "",
          "to": ""
        },
        {
          "type": "multi-move-tree",
          "from": "",
          "to": ""
        },
        {
          "type": "multi-move-tree",
          "from": "",
          "to": ""
        },
        {
          "type": "multi-move-tree",
          "from": "",
          "to": ""
        },
        {
          "type": "multi-move-tree",
          "from": "",
          "to": ""
        },
        {
          "type": "multi-move-tree",
          "from": "",
          "to": ""
        },
        {
          "type": "multi-move-tree",
          "from": "",
          "to": ""
        },
        {
          "type": "multi-move-tree",
          "from": "",
          "to": ""
        },
        {
          "type": "multi-move-tree",
          "from": "",
          "to": ""
        },
        {
          "type": "multi-move-tree",
          "from": "",
          "to": ""
        },
        {
          "type": "multi-move-tree",
          "from": "",
          "to": ""
        },
        {
          "type": "multi-move-tree",
          "from": "",
          "to": ""
        },
        {
          "type": "multi-move-tree",
          "from": "",
          "to": ""
        },
        {
          "type": "multi-move-tree",
          "from": "",
          "to": ""
        },
        {
          "type": "multi-move-tree",
          "from": "",
          "to": ""
        },
        {
          "type": "multi-move-tree",
          "from": "",
          "to": ""
        },
        {
          "type": "multi-move-tree",
          "from": "",
          "to": ""
        },
        {
          "type": "multi-move-tree",
          "from": "",
          "to": ""
        },
        {
          "type": "multi-move-tree",
          "from": "",
          "to": ""
        },
        {
          "type": "multi-move-tree",
          "from": "",
          "to": ""
        },
        {
          "type": "multi-move-tree",
          "from": "",
          "to": ""
        },
        {
          "type": "multi-move-tree",
          "from": "",
          "to": ""
        },
        {
          "type": "multi-move-tree",
          "from": "",
          "to": ""
        },
        {
          "type": "multi-move-tree",
          "from": "",
          "to": ""
        },
        {
          "type": "multi-move-tree",
          "from": "",
          "to": ""
        },
        {
          "type": "multi-move-tree",
          "from": "",
          "to": ""
        },
        {
          "type": "multi-move-tree",
          "from": "",
          "to": ""
        },
        {
          "type": "multi-move-tree",
          "from": "",
          "to": ""
        },
        {
          "type": "multi-move-tree",
          "from": "",
          "to": ""
        },
        {
          "type": "multi-move-tree",
          "from": "",
          "to": ""
        },
        {
          "type": "multi-move-tree",
          "from": "",
          "to": ""
        },
        {
          "type": "multi-move-tree",
          "from": "",
          "to": ""
        },
        {
          "type": "multi-move-tree",
          "from": "",
          "to": ""
        },
        {
          "type": "multi-move-tree",
          "from": "",
          "to": ""
        },
        {
          "type": "multi-move-tree",
          "from": "",
          "to": ""
        },
        {
          "type": "multi-move-tree",
          "from": "",
          "to": ""
        },
        {
          "type": "multi-move-tree",
          "from": "",
          "to": ""
        },
        {
          "type": "multi-move-tree",
          "from": "",
          "to": ""
        },
        {
          "type": "multi-move-tree",
          "from": "",
          "to": ""
        },
        {
          "type": "multi-move-tree",
          "from": "",
          "to": ""
        },
        {
          "type": "multi-move-tree",
          "from": "",
          "to": ""
        },
        {
          "type": "multi-move-tree",
          "from": "",
          "to": ""
        },
        {
          "type": "multi-move-tree",
          "from": "",
          "to": ""
        },
        {
          "type": "multi-move-tree",
          "from": "",
          "to": ""
        },
        {
          "type": "multi-move-tree",
          "from": "",
          "to": ""
        },
        {
          "type": "multi-move-tree",
          "from": "",
          "to": ""
        },
        {
          "type": "multi-move-tree",
          "from": "",
          "to": ""
        },
        {
          "type": "multi-move-tree",
          "from": "",
          "to": ""
        },
        {
          "type": "multi-move-tree",
          "from": "",
          "to": ""
        },
        {
          "type": "multi-move-tree",
          "from": "",
          "to": ""
        },
        {
          "type": "multi-move-tree",
          "from": "",
          "to": ""
        },
        {
          "type": "multi-move-tree",
          "from": "",
          "to": ""
        },
        {
          "type": "multi-move-tree",
          "from": "",
          "to": ""
        },
        {
          "type": "multi-move-tree",
          "from": "",
          "to": ""
        },
        {
          "type": "multi-move-tree",
          "from": "",
          "to": ""
        },
        {
          "type": "multi-move-tree",
          "from": "",
          "to": ""
        },
        {
          "type": "multi-move-tree",
          "from": "",
          "to": ""
        },
        {
          "type": "multi-move-tree",
          "from": "",
          "to": ""
        },
        {
          "type": "multi-move-tree",
          "from": "",
          "to": ""
        },
        {
          "type": "multi-move-tree",
          "from": "",
          "to": ""
        },
        {
          "type": "multi-move-tree",
          "from": "",
          "to": ""
        },
        {
          "type": "multi-move-tree",
          "from": "",
          "to": ""
        },
        {
          "type": "multi-move-tree",
          "from": "",
          "to": ""
        },
        {
          "type": "multi-move-tree",
          "from": "",
          "to": ""
        },
        {
          "type": "multi-move-tree",
          "from": "",
          "to": ""
        },
        {
          "type": "multi-move-tree",
          "from": "",
          "to": ""
        },
        {
          "type": "multi-move-tree",
          "from": "",
          "to": ""
        },
        {
          "type": "multi-move-tree",
          "from": "",
          "to": ""
        },
        {
          "type": "multi-move-tree",
          "from": "",
          "to": ""
        },
        {
          "type": "multi-move-tree",
          "from": "",
          "to": ""
        },
        {
          "type": "multi-move-tree",
          "from": "",
          "to": ""
        },
        {
          "type": "multi-move-tree",
          "from": "",
          "to": ""
        }
      ]
    },
    {
      "changed_type": "UPDATE",
      "changed_class": [
        "src/main/java/com/fasterxml/jackson/databind/deser/DeserializerCache.java",
        "src/main/java/com/fasterxml/jackson/databind/deser/DeserializerCache.java"
      ],
      "changed_functions": [
        {
          "qualified_names": [
            "com.fasterxml.jackson.databind.deser.DeserializerCache:modifyTypeByAnnotation:[DeserializationContext ctxt, Annotated a, JavaType type]:JavaType"
          ],
          "num": 1
        },
        {
          "qualified_names": [
            "com.fasterxml.jackson.databind.deser.DeserializerCache:modifyTypeByAnnotation:[DeserializationContext ctxt, Annotated a, JavaType type]:JavaType"
          ],
          "num": 1
        }
      ],
      "changed_lines": [
        {
          "qualified_names": [
            "477"
          ],
          "num": 1
        },
        {
          "qualified_names": [
            "477"
          ],
          "num": 1
        }
      ],
      "diff": "diff --git a/src/main/java/com/fasterxml/jackson/databind/deser/DeserializerCache.java b/src/main/java/com/fasterxml/jackson/databind/deser/DeserializerCache.java\nindex c6f12c1..d79c8c8 100644\n--- a/src/main/java/com/fasterxml/jackson/databind/deser/DeserializerCache.java\n+++ b/src/main/java/com/fasterxml/jackson/databind/deser/DeserializerCache.java\n@@ -474,7 +474,7 @@\n         Class\u003c?\u003e subclass \u003d intr.findDeserializationType(a, type);\n         if (subclass !\u003d null) {\n             try {\n-                type \u003d ctxt.getTypeFactory().constructSpecializedType(type, subclass);\n+                type \u003d type.narrowBy(subclass);\n             } catch (IllegalArgumentException iae) {\n                 throw new JsonMappingException(\"Failed to narrow type \"+type+\" with concrete-type annotation (value \"+subclass.getName()+\"), method \u0027\"+a.getName()+\"\u0027: \"+iae.getMessage(), null, iae);\n             }\n",
      "operations": [
        {
          "type": "update-node",
          "from": "",
          "to": ""
        },
        {
          "type": "move-tree",
          "from": "",
          "to": ""
        },
        {
          "type": "delete-tree",
          "from": "MethodInvocation [20071,20092]",
          "to": ""
        }
      ]
    },
    {
      "changed_type": "UPDATE",
      "changed_class": [
        "src/main/java/com/fasterxml/jackson/databind/jsontype/impl/TypeDeserializerBase.java",
        "src/main/java/com/fasterxml/jackson/databind/jsontype/impl/TypeDeserializerBase.java"
      ],
      "changed_functions": [
        {
          "qualified_names": [
            "com.fasterxml.jackson.databind.jsontype.impl.TypeDeserializerBase:_findDeserializer:[DeserializationContext ctxt, String typeId]:JsonDeserializer\u003cObject\u003e"
          ],
          "num": 1
        },
        {
          "qualified_names": [
            "com.fasterxml.jackson.databind.jsontype.impl.TypeDeserializerBase:_findDeserializer:[DeserializationContext ctxt, String typeId]:JsonDeserializer\u003cObject\u003e"
          ],
          "num": 1
        }
      ],
      "changed_lines": [
        {
          "qualified_names": [
            "177"
          ],
          "num": 1
        },
        {
          "qualified_names": [
            "177"
          ],
          "num": 1
        }
      ],
      "diff": "diff --git a/src/main/java/com/fasterxml/jackson/databind/jsontype/impl/TypeDeserializerBase.java b/src/main/java/com/fasterxml/jackson/databind/jsontype/impl/TypeDeserializerBase.java\nindex ef865d1..b991c7a 100644\n--- a/src/main/java/com/fasterxml/jackson/databind/jsontype/impl/TypeDeserializerBase.java\n+++ b/src/main/java/com/fasterxml/jackson/databind/jsontype/impl/TypeDeserializerBase.java\n@@ -174,7 +174,7 @@\n                      *   important for some reason?\n                      *   Disabling the check will break 2 Enum-related tests.\n                      */\n-                    type \u003d ctxt.getTypeFactory().constructSpecializedType(_baseType, type.getRawClass());\n+                    type \u003d _baseType.narrowBy(type.getRawClass());\n                 }\n                 deser \u003d ctxt.findContextualValueDeserializer(type, _property);\n             }\n",
      "operations": [
        {
          "type": "update-node",
          "from": "",
          "to": ""
        },
        {
          "type": "move-tree",
          "from": "",
          "to": ""
        },
        {
          "type": "delete-tree",
          "from": "MethodInvocation [6940,6961]",
          "to": ""
        }
      ]
    },
    {
      "changed_type": "UPDATE",
      "changed_class": [
        "src/main/java/com/fasterxml/jackson/databind/module/SimpleAbstractTypeResolver.java",
        "src/main/java/com/fasterxml/jackson/databind/module/SimpleAbstractTypeResolver.java"
      ],
      "changed_functions": [
        {
          "qualified_names": [
            "com.fasterxml.jackson.databind.module.SimpleAbstractTypeResolver:findTypeMapping:[DeserializationConfig config, JavaType type]:JavaType"
          ],
          "num": 1
        },
        {
          "qualified_names": [
            "com.fasterxml.jackson.databind.module.SimpleAbstractTypeResolver:findTypeMapping:[DeserializationConfig config, JavaType type]:JavaType"
          ],
          "num": 1
        }
      ],
      "changed_lines": [
        {
          "qualified_names": [
            "80"
          ],
          "num": 1
        },
        {
          "qualified_names": [
            "80"
          ],
          "num": 1
        }
      ],
      "diff": "diff --git a/src/main/java/com/fasterxml/jackson/databind/module/SimpleAbstractTypeResolver.java b/src/main/java/com/fasterxml/jackson/databind/module/SimpleAbstractTypeResolver.java\nindex ff70711..82de4d2 100644\n--- a/src/main/java/com/fasterxml/jackson/databind/module/SimpleAbstractTypeResolver.java\n+++ b/src/main/java/com/fasterxml/jackson/databind/module/SimpleAbstractTypeResolver.java\n@@ -77,7 +77,7 @@\n             return null;\n         }\n         // 09-Aug-2015, tatu: Instead of direct call via JavaType, better use TypeFactory\n-        return config.getTypeFactory().constructSpecializedType(type, dst);\n+        return type.narrowBy(dst);\n     }\n \n     \n",
      "operations": [
        {
          "type": "insert-tree",
          "from": "",
          "to": "ReturnStatement [3325,3351]"
        },
        {
          "type": "delete-tree",
          "from": "ReturnStatement [3325,3392]",
          "to": ""
        }
      ]
    }
  ],
  "fixing_type": {
    "add_classes": {
      "qualified_names": [],
      "num": 0
    },
    "delete_classes": {
      "qualified_names": [],
      "num": 0
    },
    "add_functions": {
      "qualified_names": [],
      "num": 0
    },
    "delete_functions": {
      "qualified_names": [],
      "num": 0
    }
  }
}