{
  "logger": {
    "currentLogLevel": 20,
    "name": "root.bean.benchmarks.Defects4JBug"
  },
  "d4jCmd": "/home/liumengjiao/Desktop/defects4j/framework/bin/defects4j",
  "dataDir": "data/changesInfo/",
  "properties": {
    "trigger.tests": "org.apache.commons.cli.ParseRequiredTest::testReuseOptionsTwice",
    "test.dir": "src/test",
    "clz.modified": "org.apache.commons.cli.Parser",
    "src.dir": "src/java"
  },
  "timeoutSecond": 100,
  "proj": "Cli",
  "id": "10",
  "workingDir": "../bugs/Cli_10_tmp",
  "bug_name": "Cli_10",
  "derive": "defects4j",
  "trigger_tests": [
    {
      "test_class": "org.apache.commons.cli.ParseRequiredTest",
      "test_function": "testReuseOptionsTwice",
      "assertion_line": "157",
      "exception": "junit.framework.AssertionFailedError",
      "message": "MissingOptionException not thrown"
    }
  ],
  "fixing_changes": [
    {
      "changed_type": "UPDATE",
      "changed_class": [
        "src/java/org/apache/commons/cli/Parser.java",
        "src/java/org/apache/commons/cli/Parser.java"
      ],
      "changed_functions": [
        {
          "qualified_names": [
            "org.apache.commons.cli.Parser:setOptions:[final Options options]:void"
          ],
          "num": 1
        },
        {
          "qualified_names": [
            "org.apache.commons.cli.Parser:setOptions:[final Options options]:void"
          ],
          "num": 1
        }
      ],
      "changed_lines": [
        {
          "qualified_names": [
            "19",
            "47"
          ],
          "num": 2
        },
        {
          "qualified_names": [
            "18",
            "46"
          ],
          "num": 2
        }
      ],
      "diff": "diff --git a/src/java/org/apache/commons/cli/Parser.java b/src/java/org/apache/commons/cli/Parser.java\nindex 16d0795..cf53a90 100644\n--- a/src/java/org/apache/commons/cli/Parser.java\n+++ b/src/java/org/apache/commons/cli/Parser.java\n@@ -16,7 +16,6 @@\n  */\n package org.apache.commons.cli;\n \n-import java.util.ArrayList;\n import java.util.Arrays;\n import java.util.Enumeration;\n import java.util.Iterator;\n@@ -44,7 +43,7 @@\n \n     protected void setOptions(final Options options) {\n         this.options \u003d options;\n-        this.requiredOptions \u003d new ArrayList(options.getRequiredOptions());\n+        this.requiredOptions \u003d options.getRequiredOptions();\n     }\n \n     protected Options getOptions() {\n",
      "operations": [
        {
          "type": "insert-tree",
          "from": "",
          "to": "ExpressionStatement [1518,1570]"
        },
        {
          "type": "delete-tree",
          "from": "ImportDeclaration [836,863]",
          "to": ""
        },
        {
          "type": "delete-tree",
          "from": "ExpressionStatement [1546,1613]",
          "to": ""
        }
      ]
    }
  ],
  "fixing_type": {
    "add_classes": {
      "qualified_names": [],
      "num": 0
    },
    "delete_classes": {
      "qualified_names": [],
      "num": 0
    },
    "add_functions": {
      "qualified_names": [],
      "num": 0
    },
    "delete_functions": {
      "qualified_names": [],
      "num": 0
    }
  }
}