{
  "logger": {
    "currentLogLevel": 20,
    "name": "root.bean.benchmarks.Defects4JBug"
  },
  "d4jCmd": "/home/liumengjiao/Desktop/defects4j/framework/bin/defects4j",
  "dataDir": "data/changesInfo/",
  "properties": {
    "trigger.tests": "org.jsoup.parser.CharacterReaderTest::nextIndexOfUnmatched,org.jsoup.parser.HtmlParserTest::handlesUnclosedCdataAtEOF",
    "test.dir": "src/test/java",
    "clz.modified": "org.jsoup.parser.CharacterReader",
    "src.dir": "src/main/java"
  },
  "timeoutSecond": 100,
  "proj": "Jsoup",
  "id": "34",
  "workingDir": "../bugs/Jsoup_34_tmp",
  "bug_name": "Jsoup_34",
  "derive": "defects4j",
  "trigger_tests": [
    {
      "test_class": "org.jsoup.parser.CharacterReaderTest",
      "test_function": "nextIndexOfUnmatched",
      "assertion_line": "100",
      "exception": "java.lang.ArrayIndexOutOfBoundsException",
      "message": "8"
    },
    {
      "test_class": "org.jsoup.parser.HtmlParserTest",
      "test_function": "handlesUnclosedCdataAtEOF",
      "assertion_line": "293",
      "exception": "java.lang.ArrayIndexOutOfBoundsException",
      "message": "11"
    }
  ],
  "fixing_changes": [
    {
      "changed_type": "UPDATE",
      "changed_class": [
        "src/main/java/org/jsoup/parser/CharacterReader.java",
        "src/main/java/org/jsoup/parser/CharacterReader.java"
      ],
      "changed_functions": [
        {
          "qualified_names": [
            "org.jsoup.parser.CharacterReader:nextIndexOf:[CharSequence seq]:int"
          ],
          "num": 1
        },
        {
          "qualified_names": [
            "org.jsoup.parser.CharacterReader:nextIndexOf:[CharSequence seq]:int"
          ],
          "num": 1
        }
      ],
      "changed_lines": [
        {
          "qualified_names": [
            "91"
          ],
          "num": 1
        },
        {
          "qualified_names": [
            "91"
          ],
          "num": 1
        }
      ],
      "diff": "diff --git a/src/main/java/org/jsoup/parser/CharacterReader.java b/src/main/java/org/jsoup/parser/CharacterReader.java\nindex f8e0eb0..dc1b114 100644\n--- a/src/main/java/org/jsoup/parser/CharacterReader.java\n+++ b/src/main/java/org/jsoup/parser/CharacterReader.java\n@@ -88,7 +88,7 @@\n                 while(++offset \u003c length \u0026\u0026 startChar !\u003d input[offset]);\n             int i \u003d offset + 1;\n             int last \u003d i + seq.length()-1;\n-            if (offset \u003c length \u0026\u0026 last \u003c\u003d length) {\n+            if (offset \u003c length) {\n                 for (int j \u003d 1; i \u003c last \u0026\u0026 seq.charAt(j) \u003d\u003d input[i]; i++, j++);\n                 if (i \u003d\u003d last) // found full sequence\n                     return offset - pos;\n",
      "operations": [
        {
          "type": "move-tree",
          "from": "",
          "to": ""
        },
        {
          "type": "delete-node",
          "from": "INFIX_EXPRESSION_OPERATOR: \u0026\u0026 [2262,2264]",
          "to": ""
        },
        {
          "type": "delete-tree",
          "from": "InfixExpression [2265,2279]",
          "to": ""
        },
        {
          "type": "delete-node",
          "from": "InfixExpression [2246,2279]",
          "to": ""
        }
      ]
    }
  ],
  "fixing_type": {
    "add_classes": {
      "qualified_names": [],
      "num": 0
    },
    "delete_classes": {
      "qualified_names": [],
      "num": 0
    },
    "add_functions": {
      "qualified_names": [],
      "num": 0
    },
    "delete_functions": {
      "qualified_names": [],
      "num": 0
    }
  }
}