{
  "logger": {
    "currentLogLevel": 20,
    "name": "root.bean.benchmarks.Defects4JBug"
  },
  "d4jCmd": "/home/liumengjiao/Desktop/defects4j/framework/bin/defects4j",
  "dataDir": "data/changesInfo/",
  "properties": {
    "trigger.tests": "org.apache.commons.collections4.trie.PatriciaTrieTest::testPrefixMapClear",
    "test.dir": "src/test/java",
    "clz.modified": "org.apache.commons.collections4.trie.AbstractPatriciaTrie",
    "src.dir": "src/main/java"
  },
  "timeoutSecond": 100,
  "proj": "Collections",
  "id": "28",
  "workingDir": "../bugs/Collections_28_tmp",
  "bug_name": "Collections_28",
  "derive": "defects4j",
  "trigger_tests": [
    {
      "test_class": "org.apache.commons.collections4.trie.PatriciaTrieTest",
      "test_function": "testPrefixMapClear",
      "assertion_line": "386",
      "exception": "java.lang.NullPointerException",
      "message": ""
    }
  ],
  "fixing_changes": [
    {
      "changed_type": "UPDATE",
      "changed_class": [
        "src/main/java/org/apache/commons/collections4/trie/AbstractPatriciaTrie.java",
        "src/main/java/org/apache/commons/collections4/trie/AbstractPatriciaTrie.java"
      ],
      "changed_functions": [
        {
          "qualified_names": [
            "org.apache.commons.collections4.trie.AbstractPatriciaTrie\\$PrefixRangeMap:clear:[]:void"
          ],
          "num": 1
        },
        {
          "qualified_names": [],
          "num": 0
        }
      ],
      "changed_lines": [
        {
          "qualified_names": [
            "2262",
            "2263",
            "2264",
            "2265",
            "2266",
            "2267",
            "2268",
            "2269",
            "2270",
            "2271"
          ],
          "num": 10
        },
        {
          "qualified_names": [
            "2261"
          ],
          "num": 1
        }
      ],
      "diff": "diff --git a/src/main/java/org/apache/commons/collections4/trie/AbstractPatriciaTrie.java b/src/main/java/org/apache/commons/collections4/trie/AbstractPatriciaTrie.java\nindex bd11f75..41f8535 100644\n--- a/src/main/java/org/apache/commons/collections4/trie/AbstractPatriciaTrie.java\n+++ b/src/main/java/org/apache/commons/collections4/trie/AbstractPatriciaTrie.java\n@@ -2259,16 +2259,6 @@\n             return new RangeEntryMap(fromKey, fromInclusive, toKey, toInclusive);\n         }\n \n-        @Override\n-        public void clear() {\n-            Iterator\u003cMap.Entry\u003cK, V\u003e\u003e it \u003d AbstractPatriciaTrie.this.entrySet().iterator();\n-            Set\u003cK\u003e currentKeys \u003d keySet();\n-            while (it.hasNext()) {\n-                if (currentKeys.contains(it.next().getKey())) {\n-                    it.remove();\n-                }\n-            }\n-        }\n     }\n \n     /**\n",
      "operations": [
        {
          "type": "delete-tree",
          "from": "MethodDeclaration [71881,72229]",
          "to": ""
        }
      ]
    }
  ],
  "fixing_type": {
    "add_classes": {
      "qualified_names": [],
      "num": 0
    },
    "delete_classes": {
      "qualified_names": [],
      "num": 0
    },
    "add_functions": {
      "qualified_names": [],
      "num": 0
    },
    "delete_functions": {
      "qualified_names": [
        "org.apache.commons.collections4.trie.AbstractPatriciaTrie\\$PrefixRangeMap:clear:[]:void"
      ],
      "num": 1
    }
  }
}