{
  "logger": {
    "currentLogLevel": 20,
    "name": "root.bean.benchmarks.Defects4JBug"
  },
  "d4jCmd": "/home/liumengjiao/Desktop/defects4j/framework/bin/defects4j",
  "dataDir": "data/changesInfo/",
  "properties": {
    "trigger.tests": "org.apache.commons.compress.archivers.CpioTestCase::testCpioUnarchive",
    "test.dir": "src/test/java",
    "clz.modified": "org.apache.commons.compress.archivers.cpio.CpioArchiveOutputStream",
    "src.dir": "src/main/java"
  },
  "timeoutSecond": 100,
  "proj": "Compress",
  "id": "1",
  "workingDir": "../bugs/Compress_1_tmp",
  "bug_name": "Compress_1",
  "derive": "defects4j",
  "trigger_tests": [
    {
      "test_class": "org.apache.commons.compress.archivers.CpioTestCase",
      "test_function": "testCpioUnarchive",
      "assertion_line": "82",
      "exception": "java.io.EOFException",
      "message": ""
    }
  ],
  "fixing_changes": [
    {
      "changed_type": "UPDATE",
      "changed_class": [
        "src/main/java/org/apache/commons/compress/archivers/cpio/CpioArchiveOutputStream.java",
        "src/main/java/org/apache/commons/compress/archivers/cpio/CpioArchiveOutputStream.java"
      ],
      "changed_functions": [
        {
          "qualified_names": [
            "org.apache.commons.compress.archivers.cpio.CpioArchiveOutputStream:close:[]:void"
          ],
          "num": 1
        },
        {
          "qualified_names": [
            "org.apache.commons.compress.archivers.cpio.CpioArchiveOutputStream:close:[]:void"
          ],
          "num": 1
        }
      ],
      "changed_lines": [
        {
          "qualified_names": [
            "346"
          ],
          "num": 1
        },
        {
          "qualified_names": [
            "345"
          ],
          "num": 1
        }
      ],
      "diff": "diff --git a/src/main/java/org/apache/commons/compress/archivers/cpio/CpioArchiveOutputStream.java b/src/main/java/org/apache/commons/compress/archivers/cpio/CpioArchiveOutputStream.java\nindex e66f58a..aada02e 100644\n--- a/src/main/java/org/apache/commons/compress/archivers/cpio/CpioArchiveOutputStream.java\n+++ b/src/main/java/org/apache/commons/compress/archivers/cpio/CpioArchiveOutputStream.java\n@@ -343,7 +343,6 @@\n      */\n     public void close() throws IOException {\n         if (!this.closed) {\n-            this.finish();\n             super.close();\n             this.closed \u003d true;\n         }\n",
      "operations": [
        {
          "type": "delete-tree",
          "from": "ExpressionStatement [12031,12045]",
          "to": ""
        }
      ]
    }
  ],
  "fixing_type": {
    "add_classes": {
      "qualified_names": [],
      "num": 0
    },
    "delete_classes": {
      "qualified_names": [],
      "num": 0
    },
    "add_functions": {
      "qualified_names": [],
      "num": 0
    },
    "delete_functions": {
      "qualified_names": [],
      "num": 0
    }
  }
}