{
  "logger": {
    "currentLogLevel": 20,
    "name": "root.bean.benchmarks.Defects4JBug"
  },
  "d4jCmd": "/home/liumengjiao/Desktop/defects4j/framework/bin/defects4j",
  "dataDir": "data/changesInfo/",
  "properties": {
    "trigger.tests": "org.jsoup.nodes.EntitiesTest::unescape",
    "test.dir": "src/test/java",
    "clz.modified": "org.jsoup.nodes.Entities",
    "src.dir": "src/main/java"
  },
  "timeoutSecond": 100,
  "proj": "Jsoup",
  "id": "9",
  "workingDir": "../bugs/Jsoup_9_tmp",
  "bug_name": "Jsoup_9",
  "derive": "defects4j",
  "trigger_tests": [
    {
      "test_class": "org.jsoup.nodes.EntitiesTest",
      "test_function": "unescape",
      "assertion_line": "27",
      "exception": "junit.framework.AssertionFailedError",
      "message": "expected:\u003c...\u003c\u003e Å π π 新 there \u0026! [¾]\u003e but was:\u003c...\u003c\u003e Å π π 新 there \u0026! [\u0026frac34;]\u003e"
    }
  ],
  "fixing_changes": [
    {
      "changed_type": "UPDATE",
      "changed_class": [
        "src/main/java/org/jsoup/nodes/Entities.java",
        "src/main/java/org/jsoup/nodes/Entities.java"
      ],
      "changed_functions": [
        {
          "qualified_names": [],
          "num": 0
        },
        {
          "qualified_names": [],
          "num": 0
        }
      ],
      "changed_lines": [
        {
          "qualified_names": [
            "38"
          ],
          "num": 1
        },
        {
          "qualified_names": [
            "38"
          ],
          "num": 1
        }
      ],
      "diff": "diff --git a/src/main/java/org/jsoup/nodes/Entities.java b/src/main/java/org/jsoup/nodes/Entities.java\nindex 786b1bf..a4c173b 100644\n--- a/src/main/java/org/jsoup/nodes/Entities.java\n+++ b/src/main/java/org/jsoup/nodes/Entities.java\n@@ -35,7 +35,7 @@\n     private static final Map\u003cCharacter, String\u003e xhtmlByVal;\n     private static final Map\u003cCharacter, String\u003e baseByVal;\n     private static final Map\u003cCharacter, String\u003e fullByVal;\n-    private static final Pattern unescapePattern \u003d Pattern.compile(\"\u0026(#(x|X)?([0-9a-fA-F]+)|[a-zA-Z]+\\\\d*);?\");\n+    private static final Pattern unescapePattern \u003d Pattern.compile(\"\u0026(#(x|X)?([0-9a-fA-F]+)|[a-zA-Z]+);?\");\n \n     static String escape(String string, Document.OutputSettings out) {\n         return escape(string, out.encoder(), out.escapeMode());\n",
      "operations": [
        {
          "type": "update-node",
          "from": "",
          "to": ""
        }
      ]
    }
  ],
  "fixing_type": {
    "add_classes": {
      "qualified_names": [],
      "num": 0
    },
    "delete_classes": {
      "qualified_names": [],
      "num": 0
    },
    "add_functions": {
      "qualified_names": [],
      "num": 0
    },
    "delete_functions": {
      "qualified_names": [],
      "num": 0
    }
  }
}