{
  "logger": {
    "currentLogLevel": 20,
    "name": "root.bean.benchmarks.Defects4JBug"
  },
  "d4jCmd": "/home/liumengjiao/Desktop/defects4j/framework/bin/defects4j",
  "dataDir": "data/changesInfo/",
  "properties": {
    "trigger.tests": "org.apache.commons.cli.HelpFormatterTest::testRenderWrappedTextWordCut,org.apache.commons.cli.HelpFormatterTest::testFindWrapPos",
    "test.dir": "src/test/java",
    "clz.modified": "org.apache.commons.cli.HelpFormatter",
    "src.dir": "src/main/java"
  },
  "timeoutSecond": 100,
  "proj": "Cli",
  "id": "32",
  "workingDir": "../bugs/Cli_32_tmp",
  "bug_name": "Cli_32",
  "derive": "defects4j",
  "trigger_tests": [
    {
      "test_class": "org.apache.commons.cli.HelpFormatterTest",
      "test_function": "testRenderWrappedTextWordCut",
      "assertion_line": "68",
      "exception": "java.lang.StringIndexOutOfBoundsException",
      "message": "String index out of range: 12"
    },
    {
      "test_class": "org.apache.commons.cli.HelpFormatterTest",
      "test_function": "testFindWrapPos",
      "assertion_line": "51",
      "exception": "junit.framework.AssertionFailedError",
      "message": "wrap position 3 expected:\u003c3\u003e but was:\u003c4\u003e"
    }
  ],
  "fixing_changes": [
    {
      "changed_type": "UPDATE",
      "changed_class": [
        "src/main/java/org/apache/commons/cli/HelpFormatter.java",
        "src/main/java/org/apache/commons/cli/HelpFormatter.java"
      ],
      "changed_functions": [
        {
          "qualified_names": [
            "org.apache.commons.cli.HelpFormatter:findWrapPos:[String text, int width, int startPos]:int"
          ],
          "num": 1
        },
        {
          "qualified_names": [
            "org.apache.commons.cli.HelpFormatter:findWrapPos:[String text, int width, int startPos]:int"
          ],
          "num": 1
        }
      ],
      "changed_lines": [
        {
          "qualified_names": [
            "937"
          ],
          "num": 1
        },
        {
          "qualified_names": [
            "937",
            "938",
            "939",
            "940",
            "941"
          ],
          "num": 5
        }
      ],
      "diff": "diff --git a/src/main/java/org/apache/commons/cli/HelpFormatter.java b/src/main/java/org/apache/commons/cli/HelpFormatter.java\nindex 7d8a901..6b74e4e 100644\n--- a/src/main/java/org/apache/commons/cli/HelpFormatter.java\n+++ b/src/main/java/org/apache/commons/cli/HelpFormatter.java\n@@ -934,7 +934,11 @@\n         \n         // if we didn\u0027t find one, simply chop at startPos+width\n         pos \u003d startPos + width;\n-        \n+        while ((pos \u003c\u003d text.length()) \u0026\u0026 ((c \u003d text.charAt(pos)) !\u003d \u0027 \u0027)\n+               \u0026\u0026 (c !\u003d \u0027\\n\u0027) \u0026\u0026 (c !\u003d \u0027\\r\u0027))\n+        {\n+            ++pos;\n+        }        \n         return pos \u003d\u003d text.length() ? -1 : pos;\n     }\n \n",
      "operations": [
        {
          "type": "insert-tree",
          "from": "",
          "to": "WhileStatement [29147,29296]"
        }
      ]
    }
  ],
  "fixing_type": {
    "add_classes": {
      "qualified_names": [],
      "num": 0
    },
    "delete_classes": {
      "qualified_names": [],
      "num": 0
    },
    "add_functions": {
      "qualified_names": [],
      "num": 0
    },
    "delete_functions": {
      "qualified_names": [],
      "num": 0
    }
  }
}