{
  "logger": {
    "currentLogLevel": 20,
    "name": "root.bean.benchmarks.Defects4JBug"
  },
  "d4jCmd": "/home/liumengjiao/Desktop/defects4j/framework/bin/defects4j",
  "dataDir": "data/changesInfo/",
  "properties": {
    "trigger.tests": "com.google.javascript.jscomp.FunctionInjectorTest::testInline19b,com.google.javascript.jscomp.FunctionInjectorTest::testInlineIntoLoop,com.google.javascript.jscomp.FunctionInjectorTest::testInline13,com.google.javascript.jscomp.FunctionInjectorTest::testInline14,com.google.javascript.jscomp.FunctionInjectorTest::testInline15,com.google.javascript.jscomp.FunctionInjectorTest::testInline16,com.google.javascript.jscomp.FunctionInjectorTest::testInline17,com.google.javascript.jscomp.FunctionInjectorTest::testInline18,com.google.javascript.jscomp.FunctionInjectorTest::testInline19,com.google.javascript.jscomp.FunctionInjectorTest::testBug1897706,com.google.javascript.jscomp.FunctionInjectorTest::testInlineFunctionWithInnerFunction5,com.google.javascript.jscomp.FunctionToBlockMutatorTest::testMutateWithParameters3,com.google.javascript.jscomp.FunctionToBlockMutatorTest::testMutateCallInLoopVars1,com.google.javascript.jscomp.FunctionToBlockMutatorTest::testMutateInitializeUninitializedVars1,com.google.javascript.jscomp.FunctionToBlockMutatorTest::testMutateInitializeUninitializedVars2,com.google.javascript.jscomp.FunctionToBlockMutatorTest::testMutateFunctionDefinition,com.google.javascript.jscomp.FunctionToBlockMutatorTest::testMutate8,com.google.javascript.jscomp.InlineFunctionsTest::testLoopWithFunctionWithFunction,com.google.javascript.jscomp.InlineFunctionsTest::testShadowVariables16,com.google.javascript.jscomp.InlineFunctionsTest::testShadowVariables18,com.google.javascript.jscomp.InlineFunctionsTest::testCostBasedInlining11,com.google.javascript.jscomp.InlineFunctionsTest::testMixedModeInliningCosting3,com.google.javascript.jscomp.InlineFunctionsTest::testInlineNeverMutateConstants,com.google.javascript.jscomp.InlineFunctionsTest::testInlineWithThis7,com.google.javascript.jscomp.InlineFunctionsTest::testAnonymous1,com.google.javascript.jscomp.InlineFunctionsTest::testAnonymous3,com.google.javascript.jscomp.InlineFunctionsTest::testShadowVariables1,com.google.javascript.jscomp.InlineFunctionsTest::testShadowVariables3,com.google.javascript.jscomp.InlineFunctionsTest::testShadowVariables6,com.google.javascript.jscomp.InlineFunctionsTest::testShadowVariables7,com.google.javascript.jscomp.InlineFunctionsTest::testFunctionExpressionCallInlining11b,com.google.javascript.jscomp.InlineFunctionsTest::testComplexInlineNoResultNoParamCall3,com.google.javascript.jscomp.InlineFunctionsTest::testCostBasedInlining9,com.google.javascript.jscomp.InlineFunctionsTest::testMethodWithFunctionWithFunction,com.google.javascript.jscomp.InlineFunctionsTest::testFunctionExpressionYCombinator,com.google.javascript.jscomp.InlineFunctionsTest::testComplexInlineVars7,com.google.javascript.jscomp.InlineFunctionsTest::testComplexFunctionWithFunctionDefinition2a,com.google.javascript.jscomp.InlineFunctionsTest::testComplexInline7,com.google.javascript.jscomp.InlineFunctionsTest::testFunctionExpressionOmega,com.google.javascript.jscomp.InlineFunctionsTest::testInlineFunctions15b,com.google.javascript.jscomp.InlineFunctionsTest::testInlineFunctions15d,com.google.javascript.jscomp.InlineFunctionsTest::testInlineFunctions16a,com.google.javascript.jscomp.InlineFunctionsTest::testBug4944818,com.google.javascript.jscomp.InlineFunctionsTest::testComplexSample,com.google.javascript.jscomp.InlineFunctionsTest::testNoInlineIfParametersModified1,com.google.javascript.jscomp.InlineFunctionsTest::testNoInlineIfParametersModified2,com.google.javascript.jscomp.InlineFunctionsTest::testNoInlineIfParametersModified3,com.google.javascript.jscomp.InlineFunctionsTest::testNoInlineIfParametersModified4,com.google.javascript.jscomp.InlineFunctionsTest::testNoInlineIfParametersModified5,com.google.javascript.jscomp.InlineFunctionsTest::testNoInlineIfParametersModified6,com.google.javascript.jscomp.InlineFunctionsTest::testNoInlineIfParametersModified7,com.google.javascript.jscomp.InlineFunctionsTest::testIssue423,com.google.javascript.jscomp.InlineFunctionsTest::testComplexFunctionWithFunctionDefinition2,com.google.javascript.jscomp.InlineFunctionsTest::testComplexFunctionWithFunctionDefinition3,com.google.javascript.jscomp.InlineFunctionsTest::testDecomposeFunctionExpressionInCall,com.google.javascript.jscomp.InlineFunctionsTest::testInlineNeverOverrideNewValues,com.google.javascript.jscomp.InlineFunctionsTest::testInlineBlockMutableArgs1,com.google.javascript.jscomp.InlineFunctionsTest::testInlineBlockMutableArgs2,com.google.javascript.jscomp.InlineFunctionsTest::testInlineBlockMutableArgs3,com.google.javascript.jscomp.InlineFunctionsTest::testInlineBlockMutableArgs4,com.google.javascript.jscomp.InlineFunctionsTest::testInlineFunctions10,com.google.javascript.jscomp.InlineFunctionsTest::testInlineFunctions13,com.google.javascript.jscomp.InlineFunctionsTest::testInlineFunctions22,com.google.javascript.jscomp.InlineFunctionsTest::testInlineFunctions23,com.google.javascript.jscomp.InlineFunctionsTest::testInlineFunctions9,com.google.javascript.jscomp.MakeDeclaredNamesUniqueTest::testMakeLocalNamesUniqueWithContext5",
    "test.dir": "test",
    "clz.modified": "com.google.javascript.jscomp.MakeDeclaredNamesUnique",
    "src.dir": "src"
  },
  "timeoutSecond": 100,
  "proj": "Closure",
  "id": "49",
  "workingDir": "../bugs/Closure_49_tmp",
  "bug_name": "Closure_49",
  "derive": "defects4j",
  "trigger_tests": [
    {
      "test_class": "com.google.javascript.jscomp.FunctionInjectorTest",
      "test_function": "testInline19b",
      "assertion_line": "1524",
      "exception": "junit.framework.AssertionFailedError",
      "message": "Expected: var x\u003d1;var y\u003d2;function foo(a,b){y\u003da;x\u003db}function bar(){var b$$inline_1\u003dy;y\u003dx;x\u003db$$inline_1}\nResult: var x\u003d1;var y\u003d2;function foo(a,b){y\u003da;x\u003db}function bar(){var b$$inline_3\u003dy;y\u003dx;x\u003db$$inline_3}"
    },
    {
      "test_class": "com.google.javascript.jscomp.FunctionInjectorTest",
      "test_function": "testInlineIntoLoop",
      "assertion_line": "1479",
      "exception": "junit.framework.AssertionFailedError",
      "message": "Expected: function foo(a){var b;return a}for(;1;){var b$$inline_1\u003dvoid 0;1}\nResult: function foo(a){var b;return a}for(;1;){var b$$inline_3\u003dvoid 0;1}"
    },
    {
      "test_class": "com.google.javascript.jscomp.FunctionInjectorTest",
      "test_function": "testInline13",
      "assertion_line": "1479",
      "exception": "junit.framework.AssertionFailedError",
      "message": "Expected: function foo(a){return a}function x(){var a$$inline_0\u003dx++;a$$inline_0}\nResult: function foo(a){return a}function x(){var a$$inline_1\u003dx++;a$$inline_1}"
    },
    {
      "test_class": "com.google.javascript.jscomp.FunctionInjectorTest",
      "test_function": "testInline14",
      "assertion_line": "1479",
      "exception": "junit.framework.AssertionFailedError",
      "message": "Expected: function foo(a){return a+a}var a$$inline_0\u003dx++;a$$inline_0+a$$inline_0\nResult: function foo(a){return a+a}var a$$inline_1\u003dx++;a$$inline_1+a$$inline_1"
    },
    {
      "test_class": "com.google.javascript.jscomp.FunctionInjectorTest",
      "test_function": "testInline15",
      "assertion_line": "1479",
      "exception": "junit.framework.AssertionFailedError",
      "message": "Expected: function foo(a){return a+a}var a$$inline_0\u003dnew Date;a$$inline_0+a$$inline_0\nResult: function foo(a){return a+a}var a$$inline_1\u003dnew Date;a$$inline_1+a$$inline_1"
    },
    {
      "test_class": "com.google.javascript.jscomp.FunctionInjectorTest",
      "test_function": "testInline16",
      "assertion_line": "1479",
      "exception": "junit.framework.AssertionFailedError",
      "message": "Expected: function foo(a){return a+a}var a$$inline_0\u003dfunction(){};a$$inline_0+a$$inline_0\nResult: function foo(a){return a+a}var a$$inline_1\u003dfunction(){};a$$inline_1+a$$inline_1"
    },
    {
      "test_class": "com.google.javascript.jscomp.FunctionInjectorTest",
      "test_function": "testInline17",
      "assertion_line": "1479",
      "exception": "junit.framework.AssertionFailedError",
      "message": "Expected: function foo(a){return true}var a$$inline_0\u003dgoo();true\nResult: function foo(a){return true}var a$$inline_1\u003dgoo();true"
    },
    {
      "test_class": "com.google.javascript.jscomp.FunctionInjectorTest",
      "test_function": "testInline18",
      "assertion_line": "1479",
      "exception": "junit.framework.AssertionFailedError",
      "message": "Expected: function foo(a){var b;return a}function x(){var a$$inline_0\u003dgoo();var b$$inline_1;a$$inline_0}\nResult: function foo(a){var b;return a}function x(){var a$$inline_2\u003dgoo();var b$$inline_3;a$$inline_2}"
    },
    {
      "test_class": "com.google.javascript.jscomp.FunctionInjectorTest",
      "test_function": "testInline19",
      "assertion_line": "1524",
      "exception": "junit.framework.AssertionFailedError",
      "message": "Expected: var x\u003d1;var y\u003d2;function foo(a,b){x\u003db;y\u003da}function bar(){var a$$inline_0\u003dx;x\u003dy;y\u003da$$inline_0}\nResult: var x\u003d1;var y\u003d2;function foo(a,b){x\u003db;y\u003da}function bar(){var a$$inline_2\u003dx;x\u003dy;y\u003da$$inline_2}"
    },
    {
      "test_class": "com.google.javascript.jscomp.FunctionInjectorTest",
      "test_function": "testBug1897706",
      "assertion_line": "1479",
      "exception": "junit.framework.AssertionFailedError",
      "message": "Expected: function foo(a){}var a$$inline_0\u003dx()\nResult: function foo(a){}var a$$inline_1\u003dx()"
    },
    {
      "test_class": "com.google.javascript.jscomp.FunctionInjectorTest",
      "test_function": "testInlineFunctionWithInnerFunction5",
      "assertion_line": "1479",
      "exception": "junit.framework.AssertionFailedError",
      "message": "Expected: function foo(){function x(){var a;return true}return x}var x$$inline_0\u003dfunction(){var a$$inline_1;return true};x$$inline_0\nResult: function foo(){function x(){var a;return true}return x}var x$$inline_1\u003dfunction(){var a$$inline_2;return true};x$$inline_1"
    },
    {
      "test_class": "com.google.javascript.jscomp.FunctionToBlockMutatorTest",
      "test_function": "testMutateWithParameters3",
      "assertion_line": "240",
      "exception": "junit.framework.AssertionFailedError",
      "message": "Expected: var a$$inline_0\u003dx++;a$$inline_0\nResult: var a$$inline_1\u003dx++;a$$inline_1"
    },
    {
      "test_class": "com.google.javascript.jscomp.FunctionToBlockMutatorTest",
      "test_function": "testMutateCallInLoopVars1",
      "assertion_line": "240",
      "exception": "junit.framework.AssertionFailedError",
      "message": "Expected: var B$$inline_1\u003dbar();1\nResult: var B$$inline_3\u003dbar();1"
    },
    {
      "test_class": "com.google.javascript.jscomp.FunctionToBlockMutatorTest",
      "test_function": "testMutateInitializeUninitializedVars1",
      "assertion_line": "240",
      "exception": "junit.framework.AssertionFailedError",
      "message": "Expected: var b$$inline_1\u003dvoid 0;1\nResult: var b$$inline_3\u003dvoid 0;1"
    },
    {
      "test_class": "com.google.javascript.jscomp.FunctionToBlockMutatorTest",
      "test_function": "testMutateInitializeUninitializedVars2",
      "assertion_line": "240",
      "exception": "junit.framework.AssertionFailedError",
      "message": "Expected: JSCompiler_inline_label_foo_2:for(var b$$inline_1 in c){1;break JSCompiler_inline_label_foo_2}\nResult: JSCompiler_inline_label_foo_4:for(var b$$inline_3 in c){1;break JSCompiler_inline_label_foo_4}"
    },
    {
      "test_class": "com.google.javascript.jscomp.FunctionToBlockMutatorTest",
      "test_function": "testMutateFunctionDefinition",
      "assertion_line": "240",
      "exception": "junit.framework.AssertionFailedError",
      "message": "Expected: var g$$inline_1\u003dfunction(){}\nResult: var g$$inline_3\u003dfunction(){}"
    },
    {
      "test_class": "com.google.javascript.jscomp.FunctionToBlockMutatorTest",
      "test_function": "testMutate8",
      "assertion_line": "240",
      "exception": "junit.framework.AssertionFailedError",
      "message": "Expected: var a$$inline_0\u003dx++;a$$inline_0+a$$inline_0\nResult: var a$$inline_1\u003dx++;a$$inline_1+a$$inline_1"
    },
    {
      "test_class": "com.google.javascript.jscomp.InlineFunctionsTest",
      "test_function": "testLoopWithFunctionWithFunction",
      "assertion_line": "2201",
      "exception": "junit.framework.AssertionFailedError",
      "message": "Expected: function _testLocalVariableInLoop_(){var result\u003d0;var arr$$inline_0\u003d[1,2,3,4,5];var i$$inline_1\u003d0;var l$$inline_2\u003darr$$inline_0.length;for(;i$$inline_1\u003cl$$inline_2;i$$inline_1++){var j$$inline_3\u003darr$$inline_0[i$$inline_1];(function(){var k$$inline_4\u003dj$$inline_3;setTimeout(function(){result+\u003dk$$inline_4},5*i$$inline_1)})()}}\nResult: function _testLocalVariableInLoop_(){var result\u003d0;var arr$$inline_4\u003d[1,2,3,4,5];var i$$inline_5\u003d0;var l$$inline_6\u003darr$$inline_4.length;for(;i$$inline_5\u003cl$$inline_6;i$$inline_5++){var j$$inline_7\u003darr$$inline_4[i$$inline_5];(function(){var k$$inline_8\u003dj$$inline_7;setTimeout(function(){result+\u003dk$$inline_8},5*i$$inline_5)})()}}"
    },
    {
      "test_class": "com.google.javascript.jscomp.InlineFunctionsTest",
      "test_function": "testShadowVariables16",
      "assertion_line": "845",
      "exception": "junit.framework.AssertionFailedError",
      "message": "Expected: var a\u003d3;var a$$inline_0\u003d5;a\nResult: var a\u003d3;var a$$inline_1\u003d5;a"
    },
    {
      "test_class": "com.google.javascript.jscomp.InlineFunctionsTest",
      "test_function": "testShadowVariables18",
      "assertion_line": "874",
      "exception": "junit.framework.AssertionFailedError",
      "message": "Expected: var a\u003d0;function _goo(){var a$$2\u003d2;var x;var a$$inline_0\u003d3;x\u003da+a}\nResult: var a\u003d0;function _goo(){var a$$2\u003d2;var x;var a$$inline_1\u003d3;x\u003da+a}"
    },
    {
      "test_class": "com.google.javascript.jscomp.InlineFunctionsTest",
      "test_function": "testCostBasedInlining11",
      "assertion_line": "996",
      "exception": "junit.framework.AssertionFailedError",
      "message": "Expected: var a;var a$$inline_0\u003d1+1;a\u003da$$inline_0+a$$inline_0\nResult: var a;var a$$inline_1\u003d1+1;a\u003da$$inline_1+a$$inline_1"
    },
    {
      "test_class": "com.google.javascript.jscomp.InlineFunctionsTest",
      "test_function": "testMixedModeInliningCosting3",
      "assertion_line": "529",
      "exception": "junit.framework.AssertionFailedError",
      "message": "Expected: 1+2+1+2+4+5+6+7+8+9+1+2+3+10;var JSCompiler_inline_anon_param_2\u003dx();2+3+2+3+4+5+6+7+8+9+1+2+3+10\nResult: 1+2+1+2+4+5+6+7+8+9+1+2+3+10;var JSCompiler_inline_anon_param_4\u003dx();2+3+2+3+4+5+6+7+8+9+1+2+3+10"
    },
    {
      "test_class": "com.google.javascript.jscomp.InlineFunctionsTest",
      "test_function": "testInlineNeverMutateConstants",
      "assertion_line": "617",
      "exception": "junit.framework.AssertionFailedError",
      "message": "Expected: var x$$inline_0\u003dundefined;x$$inline_0\u003d1\nResult: var x$$inline_1\u003dundefined;x$$inline_1\u003d1"
    },
    {
      "test_class": "com.google.javascript.jscomp.InlineFunctionsTest",
      "test_function": "testInlineWithThis7",
      "assertion_line": "1895",
      "exception": "junit.framework.AssertionFailedError",
      "message": "Expected: var a$$inline_0\u003dvoid 0;a$$inline_0\u003d1;void 0\nResult: var a$$inline_1\u003dvoid 0;a$$inline_1\u003d1;void 0"
    },
    {
      "test_class": "com.google.javascript.jscomp.InlineFunctionsTest",
      "test_function": "testAnonymous1",
      "assertion_line": "2169",
      "exception": "junit.framework.AssertionFailedError",
      "message": "Expected: var a$$inline_0\u003d10;var b$$inline_1\u003da$$inline_0;a$$inline_0++;alert(b$$inline_1)\nResult: var a$$inline_2\u003d10;var b$$inline_3\u003da$$inline_2;a$$inline_2++;alert(b$$inline_3)"
    },
    {
      "test_class": "com.google.javascript.jscomp.InlineFunctionsTest",
      "test_function": "testAnonymous3",
      "assertion_line": "2191",
      "exception": "junit.framework.AssertionFailedError",
      "message": "Expected: var a$$inline_0\u003d10;(function(){arguments})()\nResult: var a$$inline_1\u003d10;(function(){arguments})()"
    },
    {
      "test_class": "com.google.javascript.jscomp.InlineFunctionsTest",
      "test_function": "testShadowVariables1",
      "assertion_line": "682",
      "exception": "junit.framework.AssertionFailedError",
      "message": "Expected: var a\u003d0;var a$$inline_0\u003d3+4\nResult: var a\u003d0;var a$$inline_1\u003d3+4"
    },
    {
      "test_class": "com.google.javascript.jscomp.InlineFunctionsTest",
      "test_function": "testShadowVariables3",
      "assertion_line": "706",
      "exception": "junit.framework.AssertionFailedError",
      "message": "Expected: var a\u003d0;function _bar(){var a$$inline_0\u003d2;a\u003d3+a$$inline_0}\nResult: var a\u003d0;function _bar(){var a$$inline_1\u003d2;a\u003d3+a$$inline_1}"
    },
    {
      "test_class": "com.google.javascript.jscomp.InlineFunctionsTest",
      "test_function": "testShadowVariables6",
      "assertion_line": "737",
      "exception": "junit.framework.AssertionFailedError",
      "message": "Expected: var a\u003d0;function _bar(a$$2){var a$$inline_0\u003d4;a$$2\u003d3+a$$inline_0}\nResult: var a\u003d0;function _bar(a$$2){var a$$inline_1\u003d4;a$$2\u003d3+a$$inline_1}"
    },
    {
      "test_class": "com.google.javascript.jscomp.InlineFunctionsTest",
      "test_function": "testShadowVariables7",
      "assertion_line": "748",
      "exception": "junit.framework.AssertionFailedError",
      "message": "Expected: var a\u003d3;var a$$inline_0\u003d5;a\nResult: var a\u003d3;var a$$inline_1\u003d5;a"
    },
    {
      "test_class": "com.google.javascript.jscomp.InlineFunctionsTest",
      "test_function": "testFunctionExpressionCallInlining11b",
      "assertion_line": "1682",
      "exception": "junit.framework.AssertionFailedError",
      "message": "Expected: var JSCompiler_inline_result$$0;var a$$inline_1;JSCompiler_inline_result$$0\u003dfunction(){foo()};JSCompiler_inline_result$$0()\nResult: var JSCompiler_inline_result$$0;var a$$inline_2;JSCompiler_inline_result$$0\u003dfunction(){foo()};JSCompiler_inline_result$$0()"
    },
    {
      "test_class": "com.google.javascript.jscomp.InlineFunctionsTest",
      "test_function": "testComplexInlineNoResultNoParamCall3",
      "assertion_line": "1212",
      "exception": "junit.framework.AssertionFailedError",
      "message": "Expected: function _foo(){a();b();var z$$inline_0\u003d1+1}\nResult: function _foo(){a();b();var z$$inline_1\u003d1+1}"
    },
    {
      "test_class": "com.google.javascript.jscomp.InlineFunctionsTest",
      "test_function": "testCostBasedInlining9",
      "assertion_line": "977",
      "exception": "junit.framework.AssertionFailedError",
      "message": "Expected: var a;var a$$inline_0\u003d1+1+1;a\u003d1+a$$inline_0+a$$inline_0\nResult: var a;var a$$inline_1\u003d1+1+1;a\u003d1+a$$inline_1+a$$inline_1"
    },
    {
      "test_class": "com.google.javascript.jscomp.InlineFunctionsTest",
      "test_function": "testMethodWithFunctionWithFunction",
      "assertion_line": "2236",
      "exception": "junit.framework.AssertionFailedError",
      "message": "Expected: function _testLocalVariable_(){var result\u003d0;var j$$inline_2\u003d[i];var j$$inline_0\u003dj$$inline_2;setTimeout(function(){result+\u003dj$$inline_0},5*i);j$$inline_2\u003dnull}\nResult: function _testLocalVariable_(){var result\u003d0;var j$$inline_4\u003d[i];var j$$inline_1\u003dj$$inline_4;setTimeout(function(){result+\u003dj$$inline_1},5*i);j$$inline_4\u003dnull}"
    },
    {
      "test_class": "com.google.javascript.jscomp.InlineFunctionsTest",
      "test_function": "testFunctionExpressionYCombinator",
      "assertion_line": "1929",
      "exception": "junit.framework.AssertionFailedError",
      "message": "Expected: var factorial;var M$$inline_4\u003dfunction(f$$2){return function(n){if(n\u003d\u003d\u003d0)return 1;else return n*f$$2(n-1)}};var f$$inline_0\u003dfunction(f$$inline_7){return M$$inline_4(function(arg$$inline_8){return f$$inline_7(f$$inline_7)(arg$$inline_8)})};factorial\u003dM$$inline_4(function(arg$$inline_1){return f$$inline_0(f$$inline_0)(arg$$inline_1)});factorial(5)\nResult: var factorial;var M$$inline_6\u003dfunction(f$$2){return function(n){if(n\u003d\u003d\u003d0)return 1;else return n*f$$2(n-1)}};var f$$inline_1\u003dfunction(f$$inline_9){return M$$inline_6(function(arg$$inline_10){return f$$inline_9(f$$inline_9)(arg$$inline_10)})};factorial\u003dM$$inline_6(function(arg$$inline_2){return f$$inline_1(f$$inline_1)(arg$$inline_2)});factorial(5)"
    },
    {
      "test_class": "com.google.javascript.jscomp.InlineFunctionsTest",
      "test_function": "testComplexInlineVars7",
      "assertion_line": "1319",
      "exception": "junit.framework.AssertionFailedError",
      "message": "Expected: var b\u003d1;var z;JSCompiler_inline_label_f_2:{if(1){z\u003db();break JSCompiler_inline_label_f_2}else{z\u003dtrue;break JSCompiler_inline_label_f_2}z\u003dvoid 0}\nResult: var b\u003d1;var z;JSCompiler_inline_label_f_4:{if(1){z\u003db();break JSCompiler_inline_label_f_4}else{z\u003dtrue;break JSCompiler_inline_label_f_4}z\u003dvoid 0}"
    },
    {
      "test_class": "com.google.javascript.jscomp.InlineFunctionsTest",
      "test_function": "testComplexFunctionWithFunctionDefinition2a",
      "assertion_line": "1525",
      "exception": "junit.framework.AssertionFailedError",
      "message": "Expected: var a$$inline_0\u003dvoid 0;call(function(){return a$$inline_0})\nResult: var a$$inline_1\u003dvoid 0;call(function(){return a$$inline_1})"
    },
    {
      "test_class": "com.google.javascript.jscomp.InlineFunctionsTest",
      "test_function": "testComplexInline7",
      "assertion_line": "1269",
      "exception": "junit.framework.AssertionFailedError",
      "message": "Expected: var b\u003d1;JSCompiler_inline_label_f_2:{if(1){z\u003db();break JSCompiler_inline_label_f_2}else{z\u003dtrue;break JSCompiler_inline_label_f_2}z\u003dvoid 0}\nResult: var b\u003d1;JSCompiler_inline_label_f_4:{if(1){z\u003db();break JSCompiler_inline_label_f_4}else{z\u003dtrue;break JSCompiler_inline_label_f_4}z\u003dvoid 0}"
    },
    {
      "test_class": "com.google.javascript.jscomp.InlineFunctionsTest",
      "test_function": "testFunctionExpressionOmega",
      "assertion_line": "1758",
      "exception": "junit.framework.AssertionFailedError",
      "message": "Expected: var f$$inline_0\u003dfunction(f$$1){f$$1(f$$1)};f$$inline_0(f$$inline_0)\nResult: var f$$inline_1\u003dfunction(f$$1){f$$1(f$$1)};f$$inline_1(f$$inline_1)"
    },
    {
      "test_class": "com.google.javascript.jscomp.InlineFunctionsTest",
      "test_function": "testInlineFunctions15b",
      "assertion_line": "246",
      "exception": "junit.framework.AssertionFailedError",
      "message": "Expected: var JSCompiler_temp_const$$0\u003dc;var JSCompiler_inline_result$$1;var x$$inline_2;JSCompiler_inline_result$$1\u003dfunction(a$$inline_3){return a$$inline_3+1};var d\u003dJSCompiler_temp_const$$0+JSCompiler_inline_result$$1\nResult: var JSCompiler_temp_const$$0\u003dc;var JSCompiler_inline_result$$1;var x$$inline_3;JSCompiler_inline_result$$1\u003dfunction(a$$inline_4){return a$$inline_4+1};var d\u003dJSCompiler_temp_const$$0+JSCompiler_inline_result$$1"
    },
    {
      "test_class": "com.google.javascript.jscomp.InlineFunctionsTest",
      "test_function": "testInlineFunctions15d",
      "assertion_line": "296",
      "exception": "junit.framework.AssertionFailedError",
      "message": "Expected: function _x(){var JSCompiler_temp_const$$0\u003dc;var JSCompiler_inline_result$$1;var x$$inline_2;JSCompiler_inline_result$$1\u003dfunction(a$$inline_3){return a$$inline_3+1};var d\u003dJSCompiler_temp_const$$0+JSCompiler_inline_result$$1}\nResult: function _x(){var JSCompiler_temp_const$$0\u003dc;var JSCompiler_inline_result$$1;var x$$inline_3;JSCompiler_inline_result$$1\u003dfunction(a$$inline_4){return a$$inline_4+1};var d\u003dJSCompiler_temp_const$$0+JSCompiler_inline_result$$1}"
    },
    {
      "test_class": "com.google.javascript.jscomp.InlineFunctionsTest",
      "test_function": "testInlineFunctions16a",
      "assertion_line": "320",
      "exception": "junit.framework.AssertionFailedError",
      "message": "Expected: var d;var b$$inline_0\u003de;d\u003dwindow.bar(function(){c(b$$inline_0)})\nResult: var d;var b$$inline_1\u003de;d\u003dwindow.bar(function(){c(b$$inline_1)})"
    },
    {
      "test_class": "com.google.javascript.jscomp.InlineFunctionsTest",
      "test_function": "testBug4944818",
      "assertion_line": "2077",
      "exception": "junit.framework.AssertionFailedError",
      "message": "Expected: HangoutStarter.prototype.launchHangout\u003dfunction(){var self$$2\u003da.b;var JSCompiler_temp_const$$0\u003dgoog.Uri;var JSCompiler_inline_result$$1;var self$$inline_2\u003dself$$2;if(!self$$inline_2.domServices_)self$$inline_2.domServices_\u003dgoog$component$DomServices.get(self$$inline_2.appContext_);JSCompiler_inline_result$$1\u003dself$$inline_2.domServices_;var myUrl\u003dnew JSCompiler_temp_const$$0(JSCompiler_inline_result$$1.getDomHelper().getWindow().location.href)}\nResult: HangoutStarter.prototype.launchHangout\u003dfunction(){var self$$2\u003da.b;var JSCompiler_temp_const$$0\u003dgoog.Uri;var JSCompiler_inline_result$$1;var self$$inline_3\u003dself$$2;if(!self$$inline_3.domServices_)self$$inline_3.domServices_\u003dgoog$component$DomServices.get(self$$inline_3.appContext_);JSCompiler_inline_result$$1\u003dself$$inline_3.domServices_;var myUrl\u003dnew JSCompiler_temp_const$$0(JSCompiler_inline_result$$1.getDomHelper().getWindow().location.href)}"
    },
    {
      "test_class": "com.google.javascript.jscomp.InlineFunctionsTest",
      "test_function": "testComplexSample",
      "assertion_line": "1418",
      "exception": "junit.framework.AssertionFailedError",
      "message": "Expected: var styleSheet$$inline_2\u003dnull;if(goog$userAgent$IE)styleSheet$$inline_2\u003d0;else var head$$inline_3\u003d0;var element$$inline_4\u003dstyleSheet$$inline_2;var stylesString$$inline_5\u003da;if(goog$userAgent$IE)element$$inline_4.cssText\u003dstylesString$$inline_5;else{var propToSet$$inline_6\u003d\"innerText\";element$$inline_4[propToSet$$inline_6]\u003dstylesString$$inline_5}styleSheet$$inline_2\nResult: var styleSheet$$inline_9\u003dnull;if(goog$userAgent$IE)styleSheet$$inline_9\u003d0;else var head$$inline_10\u003d0;var element$$inline_11\u003dstyleSheet$$inline_9;var stylesString$$inline_12\u003da;if(goog$userAgent$IE)element$$inline_11.cssText\u003dstylesString$$inline_12;else{var propToSet$$inline_13\u003d\"innerText\";element$$inline_11[propToSet$$inline_13]\u003dstylesString$$inline_12}styleSheet$$inline_9"
    },
    {
      "test_class": "com.google.javascript.jscomp.InlineFunctionsTest",
      "test_function": "testNoInlineIfParametersModified1",
      "assertion_line": "549",
      "exception": "junit.framework.AssertionFailedError",
      "message": "Expected: var x$$inline_0\u003dundefined;x$$inline_0\u003d1\nResult: var x$$inline_1\u003dundefined;x$$inline_1\u003d1"
    },
    {
      "test_class": "com.google.javascript.jscomp.InlineFunctionsTest",
      "test_function": "testNoInlineIfParametersModified2",
      "assertion_line": "555",
      "exception": "junit.framework.AssertionFailedError",
      "message": "Expected: var x$$inline_0\u003d2;x$$inline_0\u003d1\nResult: var x$$inline_1\u003d2;x$$inline_1\u003d1"
    },
    {
      "test_class": "com.google.javascript.jscomp.InlineFunctionsTest",
      "test_function": "testNoInlineIfParametersModified3",
      "assertion_line": "562",
      "exception": "junit.framework.AssertionFailedError",
      "message": "Expected: var x$$inline_0\u003d2;x$$inline_0*\u003d2\nResult: var x$$inline_1\u003d2;x$$inline_1*\u003d2"
    },
    {
      "test_class": "com.google.javascript.jscomp.InlineFunctionsTest",
      "test_function": "testNoInlineIfParametersModified4",
      "assertion_line": "569",
      "exception": "junit.framework.AssertionFailedError",
      "message": "Expected: var x$$inline_0\u003d2;x$$inline_0?x$$inline_0\u003d2:0\nResult: var x$$inline_1\u003d2;x$$inline_1?x$$inline_1\u003d2:0"
    },
    {
      "test_class": "com.google.javascript.jscomp.InlineFunctionsTest",
      "test_function": "testNoInlineIfParametersModified5",
      "assertion_line": "577",
      "exception": "junit.framework.AssertionFailedError",
      "message": "Expected: var y$$inline_1\u003dundefined;2?y$$inline_1\u003d2:0\nResult: var y$$inline_3\u003dundefined;2?y$$inline_3\u003d2:0"
    },
    {
      "test_class": "com.google.javascript.jscomp.InlineFunctionsTest",
      "test_function": "testNoInlineIfParametersModified6",
      "assertion_line": "583",
      "exception": "junit.framework.AssertionFailedError",
      "message": "Expected: var y$$inline_1\u003dvoid 0;2?y$$inline_1\u003d2:0\nResult: var y$$inline_3\u003dvoid 0;2?y$$inline_3\u003d2:0"
    },
    {
      "test_class": "com.google.javascript.jscomp.InlineFunctionsTest",
      "test_function": "testNoInlineIfParametersModified7",
      "assertion_line": "590",
      "exception": "junit.framework.AssertionFailedError",
      "message": "Expected: var a$$inline_0\u003d1;++a$$inline_0\u003c++a$$inline_0\nResult: var a$$inline_1\u003d1;++a$$inline_1\u003c++a$$inline_1"
    },
    {
      "test_class": "com.google.javascript.jscomp.InlineFunctionsTest",
      "test_function": "testIssue423",
      "assertion_line": "2142",
      "exception": "junit.framework.AssertionFailedError",
      "message": "Expected: var $$$inline_0\u003djQuery;$$$inline_0.fn.multicheck\u003dfunction(options$$inline_4){options$$inline_4.checkboxes\u003d$$$inline_0(this).siblings(\":checkbox\");$$$inline_0(this).data(\"checkboxes\")}\nResult: var $$$inline_3\u003djQuery;$$$inline_3.fn.multicheck\u003dfunction(options$$inline_7){options$$inline_7.checkboxes\u003d$$$inline_3(this).siblings(\":checkbox\");$$$inline_3(this).data(\"checkboxes\")}"
    },
    {
      "test_class": "com.google.javascript.jscomp.InlineFunctionsTest",
      "test_function": "testComplexFunctionWithFunctionDefinition2",
      "assertion_line": "1511",
      "exception": "junit.framework.AssertionFailedError",
      "message": "Expected: var a$$inline_0\u003dvoid 0;call(function(){return a$$inline_0})\nResult: var a$$inline_1\u003dvoid 0;call(function(){return a$$inline_1})"
    },
    {
      "test_class": "com.google.javascript.jscomp.InlineFunctionsTest",
      "test_function": "testComplexFunctionWithFunctionDefinition3",
      "assertion_line": "1538",
      "exception": "junit.framework.AssertionFailedError",
      "message": "Expected: var a$$inline_0;call(function(){return a$$inline_0})\nResult: var a$$inline_1;call(function(){return a$$inline_1})"
    },
    {
      "test_class": "com.google.javascript.jscomp.InlineFunctionsTest",
      "test_function": "testDecomposeFunctionExpressionInCall",
      "assertion_line": "1553",
      "exception": "junit.framework.AssertionFailedError",
      "message": "Expected: var JSCompiler_inline_result$$0;var ret$$inline_1\u003d{};ret$$inline_1[ONE]\u003d\"a\";ret$$inline_1[TWO]\u003d\"b\";JSCompiler_inline_result$$0\u003dret$$inline_1;descriptions_\u003dJSCompiler_inline_result$$0\nResult: var JSCompiler_inline_result$$0;var ret$$inline_2\u003d{};ret$$inline_2[ONE]\u003d\"a\";ret$$inline_2[TWO]\u003d\"b\";JSCompiler_inline_result$$0\u003dret$$inline_2;descriptions_\u003dJSCompiler_inline_result$$0"
    },
    {
      "test_class": "com.google.javascript.jscomp.InlineFunctionsTest",
      "test_function": "testInlineNeverOverrideNewValues",
      "assertion_line": "623",
      "exception": "junit.framework.AssertionFailedError",
      "message": "Expected: var a$$inline_0\u003d1;++a$$inline_0\u003c++a$$inline_0\nResult: var a$$inline_1\u003d1;++a$$inline_1\u003c++a$$inline_1"
    },
    {
      "test_class": "com.google.javascript.jscomp.InlineFunctionsTest",
      "test_function": "testInlineBlockMutableArgs1",
      "assertion_line": "653",
      "exception": "junit.framework.AssertionFailedError",
      "message": "Expected: var x$$inline_0\u003d[];x$$inline_0+x$$inline_0\nResult: var x$$inline_1\u003d[];x$$inline_1+x$$inline_1"
    },
    {
      "test_class": "com.google.javascript.jscomp.InlineFunctionsTest",
      "test_function": "testInlineBlockMutableArgs2",
      "assertion_line": "659",
      "exception": "junit.framework.AssertionFailedError",
      "message": "Expected: var x$$inline_0\u003dnew Date;x$$inline_0+x$$inline_0\nResult: var x$$inline_1\u003dnew Date;x$$inline_1+x$$inline_1"
    },
    {
      "test_class": "com.google.javascript.jscomp.InlineFunctionsTest",
      "test_function": "testInlineBlockMutableArgs3",
      "assertion_line": "665",
      "exception": "junit.framework.AssertionFailedError",
      "message": "Expected: var x$$inline_0\u003dtrue\u0026\u0026new Date;x$$inline_0+x$$inline_0\nResult: var x$$inline_1\u003dtrue\u0026\u0026new Date;x$$inline_1+x$$inline_1"
    },
    {
      "test_class": "com.google.javascript.jscomp.InlineFunctionsTest",
      "test_function": "testInlineBlockMutableArgs4",
      "assertion_line": "671",
      "exception": "junit.framework.AssertionFailedError",
      "message": "Expected: var x$$inline_0\u003d{};x$$inline_0+x$$inline_0\nResult: var x$$inline_1\u003d{};x$$inline_1+x$$inline_1"
    },
    {
      "test_class": "com.google.javascript.jscomp.InlineFunctionsTest",
      "test_function": "testInlineFunctions10",
      "assertion_line": "183",
      "exception": "junit.framework.AssertionFailedError",
      "message": "Expected: var y;var x$$inline_0\u003di;y\u003dx$$inline_0++;var x$$inline_2\u003di;y\u003dx$$inline_2++\nResult: var y;var x$$inline_1\u003di;y\u003dx$$inline_1++;var x$$inline_4\u003di;y\u003dx$$inline_4++"
    },
    {
      "test_class": "com.google.javascript.jscomp.InlineFunctionsTest",
      "test_function": "testInlineFunctions13",
      "assertion_line": "210",
      "exception": "junit.framework.AssertionFailedError",
      "message": "Expected: var y;var x$$inline_0\u003di++;y\u003dx$$inline_0\nResult: var y;var x$$inline_1\u003di++;y\u003dx$$inline_1"
    },
    {
      "test_class": "com.google.javascript.jscomp.InlineFunctionsTest",
      "test_function": "testInlineFunctions22",
      "assertion_line": "375",
      "exception": "junit.framework.AssertionFailedError",
      "message": "Expected: var d;JSCompiler_inline_label_plex_1:{if(1+2){d\u003d0;break JSCompiler_inline_label_plex_1}else{d\u003d1;break JSCompiler_inline_label_plex_1}d\u003dvoid 0}\nResult: var d;JSCompiler_inline_label_plex_2:{if(1+2){d\u003d0;break JSCompiler_inline_label_plex_2}else{d\u003d1;break JSCompiler_inline_label_plex_2}d\u003dvoid 0}"
    },
    {
      "test_class": "com.google.javascript.jscomp.InlineFunctionsTest",
      "test_function": "testInlineFunctions23",
      "assertion_line": "389",
      "exception": "junit.framework.AssertionFailedError",
      "message": "Expected: var d;JSCompiler_inline_label_complex_1:{if(1+2){d\u003d0;break JSCompiler_inline_label_complex_1}else{d\u003d1;break JSCompiler_inline_label_complex_1}d\u003dvoid 0}\nResult: var d;JSCompiler_inline_label_complex_2:{if(1+2){d\u003d0;break JSCompiler_inline_label_complex_2}else{d\u003d1;break JSCompiler_inline_label_complex_2}d\u003dvoid 0}"
    },
    {
      "test_class": "com.google.javascript.jscomp.InlineFunctionsTest",
      "test_function": "testInlineFunctions9",
      "assertion_line": "176",
      "exception": "junit.framework.AssertionFailedError",
      "message": "Expected: var y;var x$$inline_0\u003di;y\u003dx$$inline_0++\nResult: var y;var x$$inline_1\u003di;y\u003dx$$inline_1++"
    },
    {
      "test_class": "com.google.javascript.jscomp.MakeDeclaredNamesUniqueTest",
      "test_function": "testMakeLocalNamesUniqueWithContext5",
      "assertion_line": "222",
      "exception": "junit.framework.AssertionFailedError",
      "message": "Expected: var fn\u003dfunction f(){var f$$1;f$$1\u003d1}\nResult: var fn\u003dfunction f$$1(){var f$$1;f$$1\u003d1}"
    }
  ],
  "fixing_changes": [
    {
      "changed_type": "UPDATE",
      "changed_class": [
        "src/com/google/javascript/jscomp/MakeDeclaredNamesUnique.java",
        "src/com/google/javascript/jscomp/MakeDeclaredNamesUnique.java"
      ],
      "changed_functions": [
        {
          "qualified_names": [
            "com.google.javascript.jscomp.MakeDeclaredNamesUnique:shouldTraverse:[NodeTraversal t, Node n, Node parent]:boolean",
            "com.google.javascript.jscomp.MakeDeclaredNamesUnique:visit:[NodeTraversal t, Node n, Node parent]:void",
            "com.google.javascript.jscomp.MakeDeclaredNamesUnique:enterScope:[NodeTraversal t]:void"
          ],
          "num": 3
        },
        {
          "qualified_names": [
            "com.google.javascript.jscomp.MakeDeclaredNamesUnique:enterScope:[NodeTraversal t]:void",
            "com.google.javascript.jscomp.MakeDeclaredNamesUnique:shouldTraverse:[NodeTraversal t, Node n, Node parent]:boolean",
            "com.google.javascript.jscomp.MakeDeclaredNamesUnique:visit:[NodeTraversal t, Node n, Node parent]:void"
          ],
          "num": 3
        }
      ],
      "changed_lines": [
        {
          "qualified_names": [
            "90",
            "122",
            "123",
            "124",
            "126",
            "127",
            "130",
            "131",
            "132",
            "133",
            "136",
            "137",
            "176",
            "181",
            "185"
          ],
          "num": 15
        },
        {
          "qualified_names": [
            "91",
            "92",
            "93",
            "94",
            "95",
            "96",
            "97",
            "98",
            "113",
            "178"
          ],
          "num": 10
        }
      ],
      "diff": "diff --git a/src/com/google/javascript/jscomp/MakeDeclaredNamesUnique.java b/src/com/google/javascript/jscomp/MakeDeclaredNamesUnique.java\nindex 0fcb778..627271f 100644\n--- a/src/com/google/javascript/jscomp/MakeDeclaredNamesUnique.java\n+++ b/src/com/google/javascript/jscomp/MakeDeclaredNamesUnique.java\n@@ -88,6 +88,14 @@\n       renamer \u003d nameStack.peek().forChildScope();\n     }\n \n+    if (declarationRoot.getType() \u003d\u003d Token.FUNCTION) {\n+      for (Node c \u003d declarationRoot.getFirstChild().getNext().getFirstChild(); c !\u003d null; c \u003d c.getNext()) {\n+        String name \u003d c.getString();\n+        renamer.addDeclaredName(name);\n+      }\n+      Node functionBody \u003d declarationRoot.getLastChild();\n+      findDeclaredNames(functionBody, null, renamer);\n+    }  else \n     if (declarationRoot.getType() !\u003d Token.FUNCTION) {\n       // Add the block declarations\n       findDeclaredNames(declarationRoot, null, renamer);\n@@ -119,22 +127,11 @@\n             renamer.addDeclaredName(name);\n           }\n \n-          nameStack.push(renamer);\n-        }\n-        break;\n \n-      case Token.LP: {\n-          Renamer renamer \u003d nameStack.peek().forChildScope();\n \n           // Add the function parameters\n-          for (Node c \u003d n.getFirstChild(); c !\u003d null; c \u003d c.getNext()) {\n-            String name \u003d c.getString();\n-            renamer.addDeclaredName(name);\n-          }\n \n           // Add the function body declarations\n-          Node functionBody \u003d n.getNext();\n-          findDeclaredNames(functionBody, null, renamer);\n \n           nameStack.push(renamer);\n         }\n@@ -173,16 +170,13 @@\n \n       case Token.FUNCTION:\n         // Remove the function body scope\n-        nameStack.pop();\n         // Remove function recursive name (if any).\n         nameStack.pop();\n         break;\n \n-      case Token.LP:\n         // Note: The parameters and function body variables live in the\n         // same scope, we introduce the scope when in the \"shouldTraverse\"\n         // visit of LP, but remove it when when we exit the function above.\n-        break;\n \n       case Token.CATCH:\n         // Remove catch except name from the stack of names.\n",
      "operations": [
        {
          "type": "insert-node",
          "from": "",
          "to": "IfStatement [3233,3755]"
        },
        {
          "type": "insert-tree",
          "from": "",
          "to": "InfixExpression [3237,3280]"
        },
        {
          "type": "insert-tree",
          "from": "",
          "to": "Block [3282,3594]"
        },
        {
          "type": "move-tree",
          "from": "",
          "to": ""
        },
        {
          "type": "move-tree",
          "from": "",
          "to": ""
        },
        {
          "type": "delete-tree",
          "from": "SwitchCase [4233,4247]",
          "to": ""
        },
        {
          "type": "delete-tree",
          "from": "ForStatement [4364,4522]",
          "to": ""
        },
        {
          "type": "delete-tree",
          "from": "VariableDeclarationStatement [4582,4614]",
          "to": ""
        },
        {
          "type": "delete-tree",
          "from": "ExpressionStatement [4625,4672]",
          "to": ""
        },
        {
          "type": "delete-tree",
          "from": "ExpressionStatement [4684,4708]",
          "to": ""
        },
        {
          "type": "delete-node",
          "from": "Block [4248,4718]",
          "to": ""
        },
        {
          "type": "delete-node",
          "from": "BreakStatement [4727,4733]",
          "to": ""
        },
        {
          "type": "delete-tree",
          "from": "VariableDeclarationStatement [4779,4830]",
          "to": ""
        },
        {
          "type": "delete-tree",
          "from": "ExpressionStatement [5720,5736]",
          "to": ""
        },
        {
          "type": "delete-tree",
          "from": "SwitchCase [5759,5773]",
          "to": ""
        },
        {
          "type": "delete-node",
          "from": "BreakStatement [6005,6011]",
          "to": ""
        }
      ]
    }
  ],
  "fixing_type": {
    "add_classes": {
      "qualified_names": [],
      "num": 0
    },
    "delete_classes": {
      "qualified_names": [],
      "num": 0
    },
    "add_functions": {
      "qualified_names": [],
      "num": 0
    },
    "delete_functions": {
      "qualified_names": [],
      "num": 0
    }
  }
}