{
  "logger": {
    "currentLogLevel": 20,
    "name": "root.bean.benchmarks.Defects4JBug"
  },
  "d4jCmd": "/home/liumengjiao/Desktop/defects4j/framework/bin/defects4j",
  "dataDir": "data/changesInfo/",
  "properties": {
    "trigger.tests": "com.fasterxml.jackson.dataformat.xml.misc.RootNameTest::testDynamicRootName",
    "test.dir": "src/test/java",
    "clz.modified": "com.fasterxml.jackson.dataformat.xml.ser.XmlSerializerProvider",
    "src.dir": "src/main/java"
  },
  "timeoutSecond": 100,
  "proj": "JacksonXml",
  "id": "4",
  "workingDir": "../bugs/JacksonXml_4_tmp",
  "bug_name": "JacksonXml_4",
  "derive": "defects4j",
  "trigger_tests": [
    {
      "test_class": "com.fasterxml.jackson.dataformat.xml.misc.RootNameTest",
      "test_function": "testDynamicRootName",
      "assertion_line": "81",
      "exception": "junit.framework.ComparisonFailure",
      "message": "expected:\u003c\u003c[rudy]/\u003e\u003e but was:\u003c\u003c[null]/\u003e\u003e"
    }
  ],
  "fixing_changes": [
    {
      "changed_type": "UPDATE",
      "changed_class": [
        "src/main/java/com/fasterxml/jackson/dataformat/xml/ser/XmlSerializerProvider.java",
        "src/main/java/com/fasterxml/jackson/dataformat/xml/ser/XmlSerializerProvider.java"
      ],
      "changed_functions": [
        {
          "qualified_names": [
            "com.fasterxml.jackson.dataformat.xml.ser.XmlSerializerProvider:_serializeXmlNull:[JsonGenerator jgen]:void"
          ],
          "num": 1
        },
        {
          "qualified_names": [
            "com.fasterxml.jackson.dataformat.xml.ser.XmlSerializerProvider:_serializeXmlNull:[JsonGenerator jgen]:void"
          ],
          "num": 1
        }
      ],
      "changed_lines": [
        {
          "qualified_names": [
            "204",
            "205",
            "206",
            "207",
            "209"
          ],
          "num": 5
        },
        {
          "qualified_names": [
            "205"
          ],
          "num": 1
        }
      ],
      "diff": "diff --git a/src/main/java/com/fasterxml/jackson/dataformat/xml/ser/XmlSerializerProvider.java b/src/main/java/com/fasterxml/jackson/dataformat/xml/ser/XmlSerializerProvider.java\nindex 40dd64d..327d149 100644\n--- a/src/main/java/com/fasterxml/jackson/dataformat/xml/ser/XmlSerializerProvider.java\n+++ b/src/main/java/com/fasterxml/jackson/dataformat/xml/ser/XmlSerializerProvider.java\n@@ -201,12 +201,8 @@\n     {\n         // 14-Nov-2016, tatu: As per [dataformat-xml#213], we may have explicitly\n         //    configured root name...\n-        QName rootName \u003d _rootNameFromConfig();\n-        if (rootName \u003d\u003d null) {\n-            rootName \u003d ROOT_NAME_FOR_NULL;\n-        }\n         if (jgen instanceof ToXmlGenerator) {\n-            _initWithRootName((ToXmlGenerator) jgen, rootName);\n+            _initWithRootName((ToXmlGenerator) jgen, ROOT_NAME_FOR_NULL);\n         }\n         super.serializeValue(jgen, null);\n     }\n",
      "operations": [
        {
          "type": "update-node",
          "from": "",
          "to": ""
        },
        {
          "type": "delete-tree",
          "from": "VariableDeclarationStatement [7147,7186]",
          "to": ""
        },
        {
          "type": "delete-tree",
          "from": "IfStatement [7195,7271]",
          "to": ""
        }
      ]
    }
  ],
  "fixing_type": {
    "add_classes": {
      "qualified_names": [],
      "num": 0
    },
    "delete_classes": {
      "qualified_names": [],
      "num": 0
    },
    "add_functions": {
      "qualified_names": [],
      "num": 0
    },
    "delete_functions": {
      "qualified_names": [],
      "num": 0
    }
  }
}