{
  "logger": {
    "currentLogLevel": 20,
    "name": "root.bean.benchmarks.Defects4JBug"
  },
  "d4jCmd": "/home/liumengjiao/Desktop/defects4j/framework/bin/defects4j",
  "dataDir": "data/changesInfo/",
  "properties": {
    "trigger.tests": "org.mockito.internal.util.reflection.GenericMetadataSupportTest::typeVariable_of_self_type",
    "test.dir": "test",
    "clz.modified": "org.mockito.internal.util.reflection.GenericMetadataSupport",
    "src.dir": "src"
  },
  "timeoutSecond": 100,
  "proj": "Mockito",
  "id": "8",
  "workingDir": "../bugs/Mockito_8_tmp",
  "bug_name": "Mockito_8",
  "derive": "defects4j",
  "trigger_tests": [
    {
      "test_class": "org.mockito.internal.util.reflection.GenericMetadataSupportTest",
      "test_function": "typeVariable_of_self_type",
      "exception": "java.lang.StackOverflowError",
      "message": ""
    }
  ],
  "fixing_changes": [
    {
      "changed_type": "UPDATE",
      "changed_class": [
        "src/org/mockito/internal/util/reflection/GenericMetadataSupport.java",
        "src/org/mockito/internal/util/reflection/GenericMetadataSupport.java"
      ],
      "changed_functions": [
        {
          "qualified_names": [
            "org.mockito.internal.util.reflection.GenericMetadataSupport:registerTypeVariablesOn:[Type classType]:void"
          ],
          "num": 1
        },
        {
          "qualified_names": [
            "org.mockito.internal.util.reflection.GenericMetadataSupport:registerTypeVariablesOn:[Type classType]:void"
          ],
          "num": 1
        }
      ],
      "changed_lines": [
        {
          "qualified_names": [
            "79"
          ],
          "num": 1
        },
        {
          "qualified_names": [
            "79"
          ],
          "num": 1
        }
      ],
      "diff": "diff --git a/src/org/mockito/internal/util/reflection/GenericMetadataSupport.java b/src/org/mockito/internal/util/reflection/GenericMetadataSupport.java\nindex 8046052..152e942 100644\n--- a/src/org/mockito/internal/util/reflection/GenericMetadataSupport.java\n+++ b/src/org/mockito/internal/util/reflection/GenericMetadataSupport.java\n@@ -76,7 +76,7 @@\n \r\n             if (actualTypeArgument instanceof WildcardType) {\r\n                 contextualActualTypeParameters.put(typeParameter, boundsOf((WildcardType) actualTypeArgument));\r\n-            } else if (typeParameter !\u003d actualTypeArgument) {\r\n+            } else {\r\n                 contextualActualTypeParameters.put(typeParameter, actualTypeArgument);\r\n             }\r\n             // logger.log(\"For \u0027\" + parameterizedType + \"\u0027 found type variable : { \u0027\" + typeParameter + \"(\" + System.identityHashCode(typeParameter) + \")\" + \"\u0027 : \u0027\" + actualTypeArgument + \"(\" + System.identityHashCode(typeParameter) + \")\" + \"\u0027 }\");\r\n",
      "operations": [
        {
          "type": "move-tree",
          "from": "",
          "to": ""
        },
        {
          "type": "delete-tree",
          "from": "InfixExpression [3284,3319]",
          "to": ""
        },
        {
          "type": "delete-node",
          "from": "IfStatement [3280,3425]",
          "to": ""
        }
      ]
    }
  ],
  "fixing_type": {
    "add_classes": {
      "qualified_names": [],
      "num": 0
    },
    "delete_classes": {
      "qualified_names": [],
      "num": 0
    },
    "add_functions": {
      "qualified_names": [],
      "num": 0
    },
    "delete_functions": {
      "qualified_names": [],
      "num": 0
    }
  }
}