{
  "logger": {
    "currentLogLevel": 20,
    "name": "root.bean.benchmarks.Defects4JBug"
  },
  "d4jCmd": "/home/liumengjiao/Desktop/defects4j/framework/bin/defects4j",
  "dataDir": "data/changesInfo/",
  "properties": {
    "trigger.tests": "org.apache.commons.compress.archivers.zip.ZipFileTest::testExcessDataInZip64ExtraField",
    "test.dir": "src/test/java",
    "clz.modified": "org.apache.commons.compress.archivers.zip.Zip64ExtendedInformationExtraField",
    "src.dir": "src/main/java"
  },
  "timeoutSecond": 100,
  "proj": "Compress",
  "id": "19",
  "workingDir": "../bugs/Compress_19_tmp",
  "bug_name": "Compress_19",
  "derive": "defects4j",
  "trigger_tests": [
    {
      "test_class": "org.apache.commons.compress.archivers.zip.ZipFileTest",
      "test_function": "testExcessDataInZip64ExtraField",
      "assertion_line": "234",
      "exception": "java.util.zip.ZipException",
      "message": "central directory zip64 extended information extra field\u0027s length doesn\u0027t match central directory data.  Expected length 16 but is 28"
    }
  ],
  "fixing_changes": [
    {
      "changed_type": "UPDATE",
      "changed_class": [
        "src/main/java/org/apache/commons/compress/archivers/zip/Zip64ExtendedInformationExtraField.java",
        "src/main/java/org/apache/commons/compress/archivers/zip/Zip64ExtendedInformationExtraField.java"
      ],
      "changed_functions": [
        {
          "qualified_names": [
            "org.apache.commons.compress.archivers.zip.Zip64ExtendedInformationExtraField:reparseCentralDirectoryData:[boolean hasUncompressedSize, boolean hasCompressedSize, boolean hasRelativeHeaderOffset, boolean hasDiskStart]:void"
          ],
          "num": 1
        },
        {
          "qualified_names": [
            "org.apache.commons.compress.archivers.zip.Zip64ExtendedInformationExtraField:reparseCentralDirectoryData:[boolean hasUncompressedSize, boolean hasCompressedSize, boolean hasRelativeHeaderOffset, boolean hasDiskStart]:void"
          ],
          "num": 1
        }
      ],
      "changed_lines": [
        {
          "qualified_names": [
            "259"
          ],
          "num": 1
        },
        {
          "qualified_names": [
            "259"
          ],
          "num": 1
        }
      ],
      "diff": "diff --git a/src/main/java/org/apache/commons/compress/archivers/zip/Zip64ExtendedInformationExtraField.java b/src/main/java/org/apache/commons/compress/archivers/zip/Zip64ExtendedInformationExtraField.java\nindex fbcec48..134871b 100644\n--- a/src/main/java/org/apache/commons/compress/archivers/zip/Zip64ExtendedInformationExtraField.java\n+++ b/src/main/java/org/apache/commons/compress/archivers/zip/Zip64ExtendedInformationExtraField.java\n@@ -256,7 +256,7 @@\n                 + (hasCompressedSize ? DWORD : 0)\n                 + (hasRelativeHeaderOffset ? DWORD : 0)\n                 + (hasDiskStart ? WORD : 0);\n-            if (rawCentralDirectoryData.length \u003c expectedLength) {\n+            if (rawCentralDirectoryData.length !\u003d expectedLength) {\n                 throw new ZipException(\"central directory zip64 extended\"\n                                        + \" information extra field\u0027s length\"\n                                        + \" doesn\u0027t match central directory\"\n",
      "operations": [
        {
          "type": "update-node",
          "from": "",
          "to": ""
        }
      ]
    }
  ],
  "fixing_type": {
    "add_classes": {
      "qualified_names": [],
      "num": 0
    },
    "delete_classes": {
      "qualified_names": [],
      "num": 0
    },
    "add_functions": {
      "qualified_names": [],
      "num": 0
    },
    "delete_functions": {
      "qualified_names": [],
      "num": 0
    }
  }
}