{
  "logger": {
    "currentLogLevel": 20,
    "name": "root.bean.benchmarks.Defects4JBug"
  },
  "d4jCmd": "/home/liumengjiao/Desktop/defects4j/framework/bin/defects4j",
  "dataDir": "data/changesInfo/",
  "properties": {
    "trigger.tests": "org.mockitousage.bugs.SpyShouldHaveNiceNameTest::shouldPrintNiceName",
    "test.dir": "test",
    "clz.modified": "org.mockito.internal.configuration.SpyAnnotationEngine",
    "src.dir": "src"
  },
  "timeoutSecond": 100,
  "proj": "Mockito",
  "id": "32",
  "workingDir": "../bugs/Mockito_32_tmp",
  "bug_name": "Mockito_32",
  "derive": "defects4j",
  "trigger_tests": [
    {
      "test_class": "org.mockitousage.bugs.SpyShouldHaveNiceNameTest",
      "test_function": "shouldPrintNiceName",
      "assertion_line": "31",
      "exception": "junit.framework.AssertionFailedError",
      "message": "\u003c\u0027"
    }
  ],
  "fixing_changes": [
    {
      "changed_type": "UPDATE",
      "changed_class": [
        "src/org/mockito/internal/configuration/SpyAnnotationEngine.java",
        "src/org/mockito/internal/configuration/SpyAnnotationEngine.java"
      ],
      "changed_functions": [
        {
          "qualified_names": [
            "org.mockito.internal.configuration.SpyAnnotationEngine:process:[Class\u003c?\u003e context, Object testClass]:void"
          ],
          "num": 1
        },
        {
          "qualified_names": [
            "org.mockito.internal.configuration.SpyAnnotationEngine:process:[Class\u003c?\u003e context, Object testClass]:void"
          ],
          "num": 1
        }
      ],
      "changed_lines": [
        {
          "qualified_names": [
            "19",
            "50",
            "51",
            "52",
            "53"
          ],
          "num": 5
        },
        {
          "qualified_names": [
            "18",
            "49"
          ],
          "num": 2
        }
      ],
      "diff": "diff --git a/src/org/mockito/internal/configuration/SpyAnnotationEngine.java b/src/org/mockito/internal/configuration/SpyAnnotationEngine.java\nindex dc2ef6a..e292e13 100644\n--- a/src/org/mockito/internal/configuration/SpyAnnotationEngine.java\n+++ b/src/org/mockito/internal/configuration/SpyAnnotationEngine.java\n@@ -16,7 +16,6 @@\n import org.mockito.exceptions.base.MockitoException;\r\n import org.mockito.internal.util.MockUtil;\r\n \r\n-import static org.mockito.Mockito.withSettings;\r\n \r\n @SuppressWarnings({\"unchecked\"})\r\n public class SpyAnnotationEngine implements AnnotationEngine {\r\n@@ -47,10 +46,7 @@\n                         // instance has been spied earlier\r\n                         Mockito.reset(instance);\r\n                     } else {\r\n-                        field.set(testClass, Mockito.mock(instance.getClass(), withSettings()\r\n-                                .spiedInstance(instance)\r\n-                                .defaultAnswer(Mockito.CALLS_REAL_METHODS)\r\n-                                .name(field.getName())));\r\n+                        field.set(testClass, Mockito.spy(instance));\r\n                     }\r\n                 } catch (IllegalAccessException e) {\r\n                     throw new MockitoException(\"Problems initiating spied field \" + field.getName(), e);\r\n",
      "operations": [
        {
          "type": "move-tree",
          "from": "",
          "to": ""
        },
        {
          "type": "move-tree",
          "from": "",
          "to": ""
        },
        {
          "type": "move-tree",
          "from": "",
          "to": ""
        },
        {
          "type": "move-tree",
          "from": "",
          "to": ""
        },
        {
          "type": "move-tree",
          "from": "",
          "to": ""
        },
        {
          "type": "move-tree",
          "from": "",
          "to": ""
        },
        {
          "type": "update-node",
          "from": "",
          "to": ""
        },
        {
          "type": "delete-tree",
          "from": "ImportDeclaration [548,595]",
          "to": ""
        },
        {
          "type": "delete-node",
          "from": "METHOD_INVOCATION_RECEIVER [2206,2278]",
          "to": ""
        },
        {
          "type": "delete-node",
          "from": "SimpleName: defaultAnswer [2313,2326]",
          "to": ""
        },
        {
          "type": "delete-tree",
          "from": "METHOD_INVOCATION_RECEIVER [2206,2220]",
          "to": ""
        },
        {
          "type": "delete-node",
          "from": "QualifiedName: Mockito.CALLS_REAL_METHODS [2327,2353]",
          "to": ""
        },
        {
          "type": "delete-node",
          "from": "SimpleName: mock [2180,2184]",
          "to": ""
        },
        {
          "type": "delete-tree",
          "from": "MethodInvocation [2185,2204]",
          "to": ""
        },
        {
          "type": "delete-node",
          "from": "METHOD_INVOCATION_RECEIVER [2206,2354]",
          "to": ""
        },
        {
          "type": "delete-node",
          "from": "SimpleName: name [2389,2393]",
          "to": ""
        },
        {
          "type": "delete-tree",
          "from": "METHOD_INVOCATION_ARGUMENTS [2394,2409]",
          "to": ""
        },
        {
          "type": "delete-node",
          "from": "MethodInvocation [2206,2410]",
          "to": ""
        },
        {
          "type": "delete-node",
          "from": "METHOD_INVOCATION_ARGUMENTS [2185,2410]",
          "to": ""
        },
        {
          "type": "delete-node",
          "from": "MethodInvocation [2172,2411]",
          "to": ""
        },
        {
          "type": "delete-node",
          "from": "METHOD_INVOCATION_ARGUMENTS [2161,2411]",
          "to": ""
        },
        {
          "type": "delete-node",
          "from": "MethodInvocation [2151,2412]",
          "to": ""
        }
      ]
    }
  ],
  "fixing_type": {
    "add_classes": {
      "qualified_names": [],
      "num": 0
    },
    "delete_classes": {
      "qualified_names": [],
      "num": 0
    },
    "add_functions": {
      "qualified_names": [],
      "num": 0
    },
    "delete_functions": {
      "qualified_names": [],
      "num": 0
    }
  }
}