{
  "logger": {
    "currentLogLevel": 20,
    "name": "root.bean.benchmarks.Defects4JBug"
  },
  "d4jCmd": "/home/liumengjiao/Desktop/defects4j/framework/bin/defects4j",
  "dataDir": "data/changesInfo/",
  "properties": {
    "trigger.tests": "org.jsoup.helper.HttpConnectionTest::handlesHeaderEncodingOnRequest",
    "test.dir": "src/test/java",
    "clz.modified": "org.jsoup.helper.HttpConnection",
    "src.dir": "src/main/java"
  },
  "timeoutSecond": 100,
  "proj": "Jsoup",
  "id": "90",
  "workingDir": "../bugs/Jsoup_90_tmp",
  "bug_name": "Jsoup_90",
  "derive": "defects4j",
  "trigger_tests": [
    {
      "test_class": "org.jsoup.helper.HttpConnectionTest",
      "test_function": "handlesHeaderEncodingOnRequest",
      "assertion_line": "256",
      "exception": "java.lang.ArrayIndexOutOfBoundsException",
      "message": "1"
    }
  ],
  "fixing_changes": [
    {
      "changed_type": "UPDATE",
      "changed_class": [
        "src/main/java/org/jsoup/helper/HttpConnection.java",
        "src/main/java/org/jsoup/helper/HttpConnection.java"
      ],
      "changed_functions": [
        {
          "qualified_names": [
            "org.jsoup.helper.HttpConnection\\$Base:looksLikeUtf8:[byte[] input]:boolean"
          ],
          "num": 1
        },
        {
          "qualified_names": [
            "org.jsoup.helper.HttpConnection\\$Base:looksLikeUtf8:[byte[] input]:boolean"
          ],
          "num": 1
        }
      ],
      "changed_lines": [
        {
          "qualified_names": [
            "424",
            "425"
          ],
          "num": 2
        },
        {
          "qualified_names": [
            "423"
          ],
          "num": 1
        }
      ],
      "diff": "diff --git a/src/main/java/org/jsoup/helper/HttpConnection.java b/src/main/java/org/jsoup/helper/HttpConnection.java\nindex 00a1d98..a941e48 100644\n--- a/src/main/java/org/jsoup/helper/HttpConnection.java\n+++ b/src/main/java/org/jsoup/helper/HttpConnection.java\n@@ -421,8 +421,6 @@\n                     return false;\n                 }\n \n-                if (end \u003e\u003d input.length)\n-                    return false;\n \n                 while (i \u003c end) {\n                     i++;\n",
      "operations": [
        {
          "type": "delete-tree",
          "from": "IfStatement [12813,12871]",
          "to": ""
        }
      ]
    }
  ],
  "fixing_type": {
    "add_classes": {
      "qualified_names": [],
      "num": 0
    },
    "delete_classes": {
      "qualified_names": [],
      "num": 0
    },
    "add_functions": {
      "qualified_names": [],
      "num": 0
    },
    "delete_functions": {
      "qualified_names": [],
      "num": 0
    }
  }
}