{
  "logger": {
    "currentLogLevel": 20,
    "name": "root.bean.benchmarks.Defects4JBug"
  },
  "d4jCmd": "/home/liumengjiao/Desktop/defects4j/framework/bin/defects4j",
  "dataDir": "data/changesInfo/",
  "properties": {
    "trigger.tests": "org.apache.commons.cli.UtilTest::testStripLeadingHyphens,org.apache.commons.cli.bug.BugCLI133Test::testOrder",
    "test.dir": "src/test",
    "clz.modified": "org.apache.commons.cli.Util",
    "src.dir": "src/java"
  },
  "timeoutSecond": 100,
  "proj": "Cli",
  "id": "5",
  "workingDir": "../bugs/Cli_5_tmp",
  "bug_name": "Cli_5",
  "derive": "defects4j",
  "trigger_tests": [
    {
      "test_class": "org.apache.commons.cli.UtilTest",
      "test_function": "testStripLeadingHyphens",
      "assertion_line": "28",
      "exception": "java.lang.NullPointerException",
      "message": ""
    },
    {
      "test_class": "org.apache.commons.cli.bug.BugCLI133Test",
      "test_function": "testOrder",
      "assertion_line": "32",
      "exception": "java.lang.NullPointerException",
      "message": ""
    }
  ],
  "fixing_changes": [
    {
      "changed_type": "UPDATE",
      "changed_class": [
        "src/java/org/apache/commons/cli/Util.java",
        "src/java/org/apache/commons/cli/Util.java"
      ],
      "changed_functions": [
        {
          "qualified_names": [
            "org.apache.commons.cli.Util:stripLeadingHyphens:[String str]:String"
          ],
          "num": 1
        },
        {
          "qualified_names": [
            "org.apache.commons.cli.Util:stripLeadingHyphens:[String str]:String"
          ],
          "num": 1
        }
      ],
      "changed_lines": [
        {
          "qualified_names": [
            "36",
            "37",
            "38"
          ],
          "num": 3
        },
        {
          "qualified_names": [
            "35"
          ],
          "num": 1
        }
      ],
      "diff": "diff --git a/src/java/org/apache/commons/cli/Util.java b/src/java/org/apache/commons/cli/Util.java\nindex 94e97e3..2d88c30 100644\n--- a/src/java/org/apache/commons/cli/Util.java\n+++ b/src/java/org/apache/commons/cli/Util.java\n@@ -33,9 +33,6 @@\n      */\n     static String stripLeadingHyphens(String str)\n     {\n-        if (str \u003d\u003d null) {\n-            return null;\n-        }\n         if (str.startsWith(\"--\"))\n         {\n             return str.substring(2, str.length());\n",
      "operations": [
        {
          "type": "delete-tree",
          "from": "IfStatement [1280,1333]",
          "to": ""
        }
      ]
    }
  ],
  "fixing_type": {
    "add_classes": {
      "qualified_names": [],
      "num": 0
    },
    "delete_classes": {
      "qualified_names": [],
      "num": 0
    },
    "add_functions": {
      "qualified_names": [],
      "num": 0
    },
    "delete_functions": {
      "qualified_names": [],
      "num": 0
    }
  }
}