{
  "logger": {
    "currentLogLevel": 20,
    "name": "root.bean.benchmarks.Defects4JBug"
  },
  "d4jCmd": "/home/liumengjiao/Desktop/defects4j/framework/bin/defects4j",
  "dataDir": "data/changesInfo/",
  "properties": {
    "trigger.tests": "com.fasterxml.jackson.core.json.TestLocation::testOffsetWithInputOffset",
    "test.dir": "src/test/java",
    "clz.modified": "com.fasterxml.jackson.core.json.UTF8StreamJsonParser",
    "src.dir": "src/main/java"
  },
  "timeoutSecond": 100,
  "proj": "JacksonCore",
  "id": "3",
  "workingDir": "../bugs/JacksonCore_3_tmp",
  "bug_name": "JacksonCore_3",
  "derive": "defects4j",
  "trigger_tests": [
    {
      "test_class": "com.fasterxml.jackson.core.json.TestLocation",
      "test_function": "testOffsetWithInputOffset",
      "assertion_line": "68",
      "exception": "junit.framework.AssertionFailedError",
      "message": "expected:\u003c0\u003e but was:\u003c3\u003e"
    }
  ],
  "fixing_changes": [
    {
      "changed_type": "UPDATE",
      "changed_class": [
        "src/main/java/com/fasterxml/jackson/core/json/UTF8StreamJsonParser.java",
        "src/main/java/com/fasterxml/jackson/core/json/UTF8StreamJsonParser.java"
      ],
      "changed_functions": [
        {
          "qualified_names": [
            "com.fasterxml.jackson.core.json.UTF8StreamJsonParser:UTF8StreamJsonParser:[IOContext ctxt, int features, InputStream in, ObjectCodec codec, BytesToNameCanonicalizer sym, byte[] inputBuffer, int start, int end, boolean bufferRecyclable]:null"
          ],
          "num": 1
        },
        {
          "qualified_names": [
            "com.fasterxml.jackson.core.json.UTF8StreamJsonParser:UTF8StreamJsonParser:[IOContext ctxt, int features, InputStream in, ObjectCodec codec, BytesToNameCanonicalizer sym, byte[] inputBuffer, int start, int end, boolean bufferRecyclable]:null"
          ],
          "num": 1
        }
      ],
      "changed_lines": [
        {
          "qualified_names": [
            "125",
            "127"
          ],
          "num": 2
        },
        {
          "qualified_names": [
            "124"
          ],
          "num": 1
        }
      ],
      "diff": "diff --git a/src/main/java/com/fasterxml/jackson/core/json/UTF8StreamJsonParser.java b/src/main/java/com/fasterxml/jackson/core/json/UTF8StreamJsonParser.java\nindex fba33c2..f89e661 100644\n--- a/src/main/java/com/fasterxml/jackson/core/json/UTF8StreamJsonParser.java\n+++ b/src/main/java/com/fasterxml/jackson/core/json/UTF8StreamJsonParser.java\n@@ -122,9 +122,7 @@\n         _inputBuffer \u003d inputBuffer;\n         _inputPtr \u003d start;\n         _inputEnd \u003d end;\n-        _currInputRowStart \u003d start;\n         // If we have offset, need to omit that from byte offset, so:\n-        _currInputProcessed \u003d -start;\n         _bufferRecyclable \u003d bufferRecyclable;\n     }\n \n",
      "operations": [
        {
          "type": "delete-tree",
          "from": "ExpressionStatement [3891,3918]",
          "to": ""
        },
        {
          "type": "delete-tree",
          "from": "ExpressionStatement [3997,4026]",
          "to": ""
        }
      ]
    }
  ],
  "fixing_type": {
    "add_classes": {
      "qualified_names": [],
      "num": 0
    },
    "delete_classes": {
      "qualified_names": [],
      "num": 0
    },
    "add_functions": {
      "qualified_names": [],
      "num": 0
    },
    "delete_functions": {
      "qualified_names": [],
      "num": 0
    }
  }
}