{
  "logger": {
    "currentLogLevel": 20,
    "name": "root.bean.benchmarks.Defects4JBug"
  },
  "d4jCmd": "/home/liumengjiao/Desktop/defects4j/framework/bin/defects4j",
  "dataDir": "data/changesInfo/",
  "properties": {
    "trigger.tests": "com.google.javascript.jscomp.CodePrinterTest::testIssue582",
    "test.dir": "test",
    "clz.modified": "com.google.javascript.jscomp.CodeConsumer",
    "src.dir": "src"
  },
  "timeoutSecond": 100,
  "proj": "Closure",
  "id": "51",
  "workingDir": "../bugs/Closure_51_tmp",
  "bug_name": "Closure_51",
  "derive": "defects4j",
  "trigger_tests": [
    {
      "test_class": "com.google.javascript.jscomp.CodePrinterTest",
      "test_function": "testIssue582",
      "assertion_line": "1273",
      "exception": "junit.framework.ComparisonFailure",
      "message": "expected:\u003cvar x\u003d[-0.]0\u003e but was:\u003cvar x\u003d[]0\u003e"
    }
  ],
  "fixing_changes": [
    {
      "changed_type": "UPDATE",
      "changed_class": [
        "src/com/google/javascript/jscomp/CodeConsumer.java",
        "src/com/google/javascript/jscomp/CodeConsumer.java"
      ],
      "changed_functions": [
        {
          "qualified_names": [
            "com.google.javascript.jscomp.CodeConsumer:isNegativeZero:[double x]:boolean",
            "com.google.javascript.jscomp.CodeConsumer:addNumber:[double x]:void"
          ],
          "num": 2
        },
        {
          "qualified_names": [
            "com.google.javascript.jscomp.CodeConsumer:addNumber:[double x]:void"
          ],
          "num": 1
        }
      ],
      "changed_lines": [
        {
          "qualified_names": [
            "241",
            "259",
            "261",
            "262"
          ],
          "num": 4
        },
        {
          "qualified_names": [
            "241",
            "258"
          ],
          "num": 2
        }
      ],
      "diff": "diff --git a/src/com/google/javascript/jscomp/CodeConsumer.java b/src/com/google/javascript/jscomp/CodeConsumer.java\nindex 3a66750..146d2f8 100644\n--- a/src/com/google/javascript/jscomp/CodeConsumer.java\n+++ b/src/com/google/javascript/jscomp/CodeConsumer.java\n@@ -238,7 +238,7 @@\n       add(\" \");\n     }\n \n-    if ((long) x \u003d\u003d x \u0026\u0026 !isNegativeZero(x)) {\n+    if ((long) x \u003d\u003d x) {\n       long value \u003d (long) x;\n       long mantissa \u003d value;\n       int exp \u003d 0;\n@@ -256,10 +256,7 @@\n     } else {\n       add(String.valueOf(x));\n     }\n-  }\n \n-  static boolean isNegativeZero(double x) {\n-    return x \u003d\u003d 0.0 \u0026\u0026 Math.copySign(1, x) \u003d\u003d -1.0;\n   }\n \n   static boolean isWordChar(char ch) {\n",
      "operations": [
        {
          "type": "move-tree",
          "from": "",
          "to": ""
        },
        {
          "type": "delete-node",
          "from": "INFIX_EXPRESSION_OPERATOR: \u0026\u0026 [5400,5402]",
          "to": ""
        },
        {
          "type": "delete-tree",
          "from": "PrefixExpression [5403,5421]",
          "to": ""
        },
        {
          "type": "delete-node",
          "from": "InfixExpression [5386,5421]",
          "to": ""
        },
        {
          "type": "delete-tree",
          "from": "MethodDeclaration [5863,5960]",
          "to": ""
        }
      ]
    }
  ],
  "fixing_type": {
    "add_classes": {
      "qualified_names": [],
      "num": 0
    },
    "delete_classes": {
      "qualified_names": [],
      "num": 0
    },
    "add_functions": {
      "qualified_names": [],
      "num": 0
    },
    "delete_functions": {
      "qualified_names": [
        "com.google.javascript.jscomp.CodeConsumer:isNegativeZero:[double x]:boolean"
      ],
      "num": 1
    }
  }
}