{
  "logger": {
    "currentLogLevel": 20,
    "name": "root.bean.benchmarks.Defects4JBug"
  },
  "d4jCmd": "/home/liumengjiao/Desktop/defects4j/framework/bin/defects4j",
  "dataDir": "data/changesInfo/",
  "properties": {
    "trigger.tests": "org.jsoup.nodes.DocumentTest::testShiftJisRoundtrip",
    "test.dir": "src/test/java",
    "clz.modified": "org.jsoup.nodes.Entities",
    "src.dir": "src/main/java"
  },
  "timeoutSecond": 100,
  "proj": "Jsoup",
  "id": "46",
  "workingDir": "../bugs/Jsoup_46_tmp",
  "bug_name": "Jsoup_46",
  "derive": "defects4j",
  "trigger_tests": [
    {
      "test_class": "org.jsoup.nodes.DocumentTest",
      "test_function": "testShiftJisRoundtrip",
      "assertion_line": "406",
      "exception": "junit.framework.AssertionFailedError",
      "message": "Should not have contained a \u0027?\u0027."
    }
  ],
  "fixing_changes": [
    {
      "changed_type": "UPDATE",
      "changed_class": [
        "src/main/java/org/jsoup/nodes/Entities.java",
        "src/main/java/org/jsoup/nodes/Entities.java"
      ],
      "changed_functions": [
        {
          "qualified_names": [
            "org.jsoup.nodes.Entities:escape:[StringBuilder accum, String string, Document.OutputSettings out, boolean inAttribute, boolean normaliseWhite, boolean stripLeadingWhite]:void"
          ],
          "num": 1
        },
        {
          "qualified_names": [
            "org.jsoup.nodes.Entities:escape:[StringBuilder accum, String string, Document.OutputSettings out, boolean inAttribute, boolean normaliseWhite, boolean stripLeadingWhite]:void"
          ],
          "num": 1
        }
      ],
      "changed_lines": [
        {
          "qualified_names": [
            "118"
          ],
          "num": 1
        },
        {
          "qualified_names": [
            "118"
          ],
          "num": 1
        }
      ],
      "diff": "diff --git a/src/main/java/org/jsoup/nodes/Entities.java b/src/main/java/org/jsoup/nodes/Entities.java\nindex ad80489..6ccb84e 100644\n--- a/src/main/java/org/jsoup/nodes/Entities.java\n+++ b/src/main/java/org/jsoup/nodes/Entities.java\n@@ -115,7 +115,7 @@\n                         if (escapeMode !\u003d EscapeMode.xhtml)\n                             accum.append(\"\u0026nbsp;\");\n                         else\n-                            accum.append(\"\u0026#xa0;\");\n+                            accum.append(c);\n                         break;\n                     case \u0027\u003c\u0027:\n                         if (!inAttribute)\n",
      "operations": [
        {
          "type": "insert-node",
          "from": "",
          "to": "SimpleName: c [4403,4404]"
        },
        {
          "type": "delete-node",
          "from": "StringLiteral: \"\u0026#xa0;\" [4403,4411]",
          "to": ""
        }
      ]
    }
  ],
  "fixing_type": {
    "add_classes": {
      "qualified_names": [],
      "num": 0
    },
    "delete_classes": {
      "qualified_names": [],
      "num": 0
    },
    "add_functions": {
      "qualified_names": [],
      "num": 0
    },
    "delete_functions": {
      "qualified_names": [],
      "num": 0
    }
  }
}