{
  "logger": {
    "currentLogLevel": 20,
    "name": "root.bean.benchmarks.Defects4JBug"
  },
  "d4jCmd": "/home/liumengjiao/Desktop/defects4j/framework/bin/defects4j",
  "dataDir": "data/changesInfo/",
  "properties": {
    "trigger.tests": "org.apache.commons.compress.archivers.sevenz.SevenZFileTest::readEntriesOfSize0",
    "test.dir": "src/test/java",
    "clz.modified": "org.apache.commons.compress.archivers.sevenz.SevenZFile",
    "src.dir": "src/main/java"
  },
  "timeoutSecond": 100,
  "proj": "Compress",
  "id": "36",
  "workingDir": "../bugs/Compress_36_tmp",
  "bug_name": "Compress_36",
  "derive": "defects4j",
  "trigger_tests": [
    {
      "test_class": "org.apache.commons.compress.archivers.sevenz.SevenZFileTest",
      "test_function": "readEntriesOfSize0",
      "assertion_line": "274",
      "exception": "java.lang.IllegalStateException",
      "message": "No current 7z entry (call getNextEntry() first)."
    }
  ],
  "fixing_changes": [
    {
      "changed_type": "UPDATE",
      "changed_class": [
        "src/main/java/org/apache/commons/compress/archivers/sevenz/SevenZFile.java",
        "src/main/java/org/apache/commons/compress/archivers/sevenz/SevenZFile.java"
      ],
      "changed_functions": [
        {
          "qualified_names": [
            "org.apache.commons.compress.archivers.sevenz.SevenZFile:getCurrentStream:[]:InputStream"
          ],
          "num": 1
        },
        {
          "qualified_names": [
            "org.apache.commons.compress.archivers.sevenz.SevenZFile:getCurrentStream:[]:InputStream"
          ],
          "num": 1
        }
      ],
      "changed_lines": [
        {
          "qualified_names": [
            "902",
            "903",
            "904"
          ],
          "num": 3
        },
        {
          "qualified_names": [
            "901"
          ],
          "num": 1
        }
      ],
      "diff": "diff --git a/src/main/java/org/apache/commons/compress/archivers/sevenz/SevenZFile.java b/src/main/java/org/apache/commons/compress/archivers/sevenz/SevenZFile.java\nindex 1056840..3e2113d 100644\n--- a/src/main/java/org/apache/commons/compress/archivers/sevenz/SevenZFile.java\n+++ b/src/main/java/org/apache/commons/compress/archivers/sevenz/SevenZFile.java\n@@ -899,9 +899,6 @@\n     }\n     \n     private InputStream getCurrentStream() throws IOException {\n-        if (archive.files[currentEntryIndex].getSize() \u003d\u003d 0) {\n-            return new ByteArrayInputStream(new byte[0]);\n-        }\n         if (deferredBlockStreams.isEmpty()) {\n             throw new IllegalStateException(\"No current 7z entry (call getNextEntry() first).\");\n         }\n",
      "operations": [
        {
          "type": "delete-tree",
          "from": "IfStatement [37385,37507]",
          "to": ""
        }
      ]
    }
  ],
  "fixing_type": {
    "add_classes": {
      "qualified_names": [],
      "num": 0
    },
    "delete_classes": {
      "qualified_names": [],
      "num": 0
    },
    "add_functions": {
      "qualified_names": [],
      "num": 0
    },
    "delete_functions": {
      "qualified_names": [],
      "num": 0
    }
  }
}