{
  "logger": {
    "currentLogLevel": 20,
    "name": "root.bean.benchmarks.Defects4JBug"
  },
  "d4jCmd": "/home/liumengjiao/Desktop/defects4j/framework/bin/defects4j",
  "dataDir": "data/changesInfo/",
  "properties": {
    "trigger.tests": "com.google.javascript.jscomp.TypeInferenceTest::testNoThisInference",
    "test.dir": "test",
    "clz.modified": "com.google.javascript.jscomp.type.ChainableReverseAbstractInterpreter",
    "src.dir": "src"
  },
  "timeoutSecond": 100,
  "proj": "Closure",
  "id": "19",
  "workingDir": "../bugs/Closure_19_tmp",
  "bug_name": "Closure_19",
  "derive": "defects4j",
  "trigger_tests": [
    {
      "test_class": "com.google.javascript.jscomp.TypeInferenceTest",
      "test_function": "testNoThisInference",
      "assertion_line": "1003",
      "exception": "java.lang.IllegalArgumentException",
      "message": "Node cannot be refined."
    }
  ],
  "fixing_changes": [
    {
      "changed_type": "UPDATE",
      "changed_class": [
        "src/com/google/javascript/jscomp/type/ChainableReverseAbstractInterpreter.java",
        "src/com/google/javascript/jscomp/type/ChainableReverseAbstractInterpreter.java"
      ],
      "changed_functions": [
        {
          "qualified_names": [
            "com.google.javascript.jscomp.type.ChainableReverseAbstractInterpreter:declareNameInScope:[FlowScope scope, Node node, JSType type]:void"
          ],
          "num": 1
        },
        {
          "qualified_names": [
            "com.google.javascript.jscomp.type.ChainableReverseAbstractInterpreter:declareNameInScope:[FlowScope scope, Node node, JSType type]:void"
          ],
          "num": 1
        }
      ],
      "changed_lines": [
        {
          "qualified_names": [
            "172",
            "174"
          ],
          "num": 2
        },
        {
          "qualified_names": [
            "171"
          ],
          "num": 1
        }
      ],
      "diff": "diff --git a/src/com/google/javascript/jscomp/type/ChainableReverseAbstractInterpreter.java b/src/com/google/javascript/jscomp/type/ChainableReverseAbstractInterpreter.java\nindex 752e04f..0345c85 100644\n--- a/src/com/google/javascript/jscomp/type/ChainableReverseAbstractInterpreter.java\n+++ b/src/com/google/javascript/jscomp/type/ChainableReverseAbstractInterpreter.java\n@@ -169,9 +169,7 @@\n         scope.inferQualifiedSlot(node, qualifiedName, origType, type);\n         break;\n \n-      case Token.THIS:\n         // \"this\" references aren\u0027t currently modeled in the CFG.\n-        break;\n \n       default:\n         throw new IllegalArgumentException(\"Node cannot be refined. \\n\" +\n",
      "operations": [
        {
          "type": "delete-tree",
          "from": "SwitchCase [6514,6530]",
          "to": ""
        },
        {
          "type": "delete-node",
          "from": "BreakStatement [6605,6611]",
          "to": ""
        }
      ]
    }
  ],
  "fixing_type": {
    "add_classes": {
      "qualified_names": [],
      "num": 0
    },
    "delete_classes": {
      "qualified_names": [],
      "num": 0
    },
    "add_functions": {
      "qualified_names": [],
      "num": 0
    },
    "delete_functions": {
      "qualified_names": [],
      "num": 0
    }
  }
}