{
  "logger": {
    "currentLogLevel": 20,
    "name": "root.bean.benchmarks.Defects4JBug"
  },
  "d4jCmd": "/home/liumengjiao/Desktop/defects4j/framework/bin/defects4j",
  "dataDir": "data/changesInfo/",
  "properties": {
    "trigger.tests": "org.apache.commons.codec.language.CaverphoneTest::testEndMb",
    "test.dir": "src/test",
    "clz.modified": "org.apache.commons.codec.language.Caverphone",
    "src.dir": "src/java"
  },
  "timeoutSecond": 100,
  "proj": "Codec",
  "id": "10",
  "workingDir": "../bugs/Codec_10_tmp",
  "bug_name": "Codec_10",
  "derive": "defects4j",
  "trigger_tests": [
    {
      "test_class": "org.apache.commons.codec.language.CaverphoneTest",
      "test_function": "testEndMb",
      "assertion_line": "335",
      "exception": "junit.framework.ComparisonFailure",
      "message": "Source: mbmb expected:\u003cM[PM]1111111\u003e but was:\u003cM[MP]1111111\u003e"
    }
  ],
  "fixing_changes": [
    {
      "changed_type": "UPDATE",
      "changed_class": [
        "src/java/org/apache/commons/codec/language/Caverphone.java",
        "src/java/org/apache/commons/codec/language/Caverphone.java"
      ],
      "changed_functions": [
        {
          "qualified_names": [
            "org.apache.commons.codec.language.Caverphone:caverphone:[String txt]:String"
          ],
          "num": 1
        },
        {
          "qualified_names": [
            "org.apache.commons.codec.language.Caverphone:caverphone:[String txt]:String"
          ],
          "num": 1
        }
      ],
      "changed_lines": [
        {
          "qualified_names": [
            "76"
          ],
          "num": 1
        },
        {
          "qualified_names": [
            "76"
          ],
          "num": 1
        }
      ],
      "diff": "diff --git a/src/java/org/apache/commons/codec/language/Caverphone.java b/src/java/org/apache/commons/codec/language/Caverphone.java\nindex 2850557..5ac7e9c 100644\n--- a/src/java/org/apache/commons/codec/language/Caverphone.java\n+++ b/src/java/org/apache/commons/codec/language/Caverphone.java\n@@ -73,7 +73,7 @@\n         txt \u003d txt.replaceAll(\"^gn\", \"2n\");\n \n         // End \n-        txt \u003d txt.replaceAll(\"mb$\", \"m2\");\n+        txt \u003d txt.replaceAll(\"^mb\", \"m2\");\n \n         // 4. Handle replacements\n         txt \u003d txt.replaceAll(\"cq\", \"2q\");\n",
      "operations": [
        {
          "type": "update-node",
          "from": "",
          "to": ""
        }
      ]
    }
  ],
  "fixing_type": {
    "add_classes": {
      "qualified_names": [],
      "num": 0
    },
    "delete_classes": {
      "qualified_names": [],
      "num": 0
    },
    "add_functions": {
      "qualified_names": [],
      "num": 0
    },
    "delete_functions": {
      "qualified_names": [],
      "num": 0
    }
  }
}