{
  "logger": {
    "currentLogLevel": 20,
    "name": "root.bean.benchmarks.Defects4JBug"
  },
  "d4jCmd": "/home/liumengjiao/Desktop/defects4j/framework/bin/defects4j",
  "dataDir": "data/changesInfo/",
  "properties": {
    "trigger.tests": "org.apache.commons.cli2.bug.BugLoopingOptionLookAlikeTest::testLoopingOptionLookAlike2",
    "test.dir": "src/test",
    "clz.modified": "org.apache.commons.cli2.WriteableCommandLine,org.apache.commons.cli2.commandline.WriteableCommandLineImpl,org.apache.commons.cli2.option.ArgumentImpl",
    "src.dir": "src/java"
  },
  "timeoutSecond": 100,
  "proj": "Cli",
  "id": "13",
  "workingDir": "../bugs/Cli_13_tmp",
  "bug_name": "Cli_13",
  "derive": "defects4j",
  "trigger_tests": [
    {
      "test_class": "org.apache.commons.cli2.bug.BugLoopingOptionLookAlikeTest",
      "test_function": "testLoopingOptionLookAlike2",
      "assertion_line": "76",
      "exception": "junit.framework.ComparisonFailure",
      "message": "expected:\u003cUnexpected [testfile.txt while processing ]\u003e but was:\u003cUnexpected [value \"testfile.txt\" found while processing  input]\u003e"
    }
  ],
  "fixing_changes": [
    {
      "changed_type": "UPDATE",
      "changed_class": [
        "src/java/org/apache/commons/cli2/WriteableCommandLine.java",
        "src/java/org/apache/commons/cli2/WriteableCommandLine.java"
      ],
      "changed_functions": [
        {
          "qualified_names": [
            "org.apache.commons.cli2.WriteableCommandLine:getUndefaultedValues:[final Option option]:List"
          ],
          "num": 1
        },
        {
          "qualified_names": [],
          "num": 0
        }
      ],
      "changed_lines": [
        {
          "qualified_names": [
            "47"
          ],
          "num": 1
        },
        {
          "qualified_names": [
            "46"
          ],
          "num": 1
        }
      ],
      "diff": "diff --git a/src/java/org/apache/commons/cli2/WriteableCommandLine.java b/src/java/org/apache/commons/cli2/WriteableCommandLine.java\nindex a70c8d6..96ab589 100644\n--- a/src/java/org/apache/commons/cli2/WriteableCommandLine.java\n+++ b/src/java/org/apache/commons/cli2/WriteableCommandLine.java\n@@ -44,7 +44,6 @@\n      * @param option the Option associated with the values\n      * @return a list of values or an empty List if none are found\n      */\n-    List getUndefaultedValues(final Option option);\n \n     /**\n      * Sets the default values for an Option in the CommandLine\n",
      "operations": [
        {
          "type": "delete-tree",
          "from": "MethodDeclaration [1350,1723]",
          "to": ""
        }
      ]
    },
    {
      "changed_type": "UPDATE",
      "changed_class": [
        "src/java/org/apache/commons/cli2/commandline/WriteableCommandLineImpl.java",
        "src/java/org/apache/commons/cli2/commandline/WriteableCommandLineImpl.java"
      ],
      "changed_functions": [
        {
          "qualified_names": [
            "org.apache.commons.cli2.commandline.WriteableCommandLineImpl:getUndefaultedValues:[Option option]:List"
          ],
          "num": 1
        },
        {
          "qualified_names": [],
          "num": 0
        }
      ],
      "changed_lines": [
        {
          "qualified_names": [
            "132",
            "134",
            "137",
            "138",
            "139",
            "140",
            "141",
            "142"
          ],
          "num": 8
        },
        {
          "qualified_names": [
            "131"
          ],
          "num": 1
        }
      ],
      "diff": "diff --git a/src/java/org/apache/commons/cli2/commandline/WriteableCommandLineImpl.java b/src/java/org/apache/commons/cli2/commandline/WriteableCommandLineImpl.java\nindex 97a5d11..b4e3a39 100644\n--- a/src/java/org/apache/commons/cli2/commandline/WriteableCommandLineImpl.java\n+++ b/src/java/org/apache/commons/cli2/commandline/WriteableCommandLineImpl.java\n@@ -129,17 +129,9 @@\n         return valueList;\n     }\n \n-    public List getUndefaultedValues(Option option) {\n       // First grab the command line values\n-      List valueList \u003d (List) values.get(option);\n \n       // Finally use an empty list\n-      if (valueList \u003d\u003d null) {\n-        valueList \u003d Collections.EMPTY_LIST;\n-      }\n-\n-      return valueList;\n-    }\n \n     public Boolean getSwitch(final Option option,\n                              final Boolean defaultValue) {\n",
      "operations": [
        {
          "type": "delete-tree",
          "from": "MethodDeclaration [4477,4770]",
          "to": ""
        }
      ]
    },
    {
      "changed_type": "UPDATE",
      "changed_class": [
        "src/java/org/apache/commons/cli2/option/ArgumentImpl.java",
        "src/java/org/apache/commons/cli2/option/ArgumentImpl.java"
      ],
      "changed_functions": [
        {
          "qualified_names": [
            "org.apache.commons.cli2.option.ArgumentImpl:processValues:[final WriteableCommandLine commandLine, final ListIterator arguments, final Option option]:void"
          ],
          "num": 1
        },
        {
          "qualified_names": [
            "org.apache.commons.cli2.option.ArgumentImpl:processValues:[final WriteableCommandLine commandLine, final ListIterator arguments, final Option option]:void"
          ],
          "num": 1
        }
      ],
      "changed_lines": [
        {
          "qualified_names": [
            "144"
          ],
          "num": 1
        },
        {
          "qualified_names": [
            "144"
          ],
          "num": 1
        }
      ],
      "diff": "diff --git a/src/java/org/apache/commons/cli2/option/ArgumentImpl.java b/src/java/org/apache/commons/cli2/option/ArgumentImpl.java\nindex f776f7e..0b05ad7 100644\n--- a/src/java/org/apache/commons/cli2/option/ArgumentImpl.java\n+++ b/src/java/org/apache/commons/cli2/option/ArgumentImpl.java\n@@ -141,7 +141,7 @@\n                               final Option option)\n         throws OptionException {\n         // count of arguments processed for this option.\n-        int argumentCount \u003d commandLine.getUndefaultedValues(option).size();\n+        int argumentCount \u003d 0;\n \n         while (arguments.hasNext() \u0026\u0026 (argumentCount \u003c maximum)) {\n             final String allValuesQuoted \u003d (String) arguments.next();\n",
      "operations": [
        {
          "type": "insert-tree",
          "from": "",
          "to": "VariableDeclarationStatement [5498,5520]"
        },
        {
          "type": "delete-tree",
          "from": "VariableDeclarationStatement [5498,5566]",
          "to": ""
        }
      ]
    }
  ],
  "fixing_type": {
    "add_classes": {
      "qualified_names": [],
      "num": 0
    },
    "delete_classes": {
      "qualified_names": [],
      "num": 0
    },
    "add_functions": {
      "qualified_names": [],
      "num": 0
    },
    "delete_functions": {
      "qualified_names": [
        "org.apache.commons.cli2.WriteableCommandLine:getUndefaultedValues:[final Option option]:List",
        "org.apache.commons.cli2.commandline.WriteableCommandLineImpl:getUndefaultedValues:[Option option]:List"
      ],
      "num": 2
    }
  }
}