{
  "logger": {
    "currentLogLevel": 20,
    "name": "root.bean.benchmarks.Defects4JBug"
  },
  "d4jCmd": "/home/liumengjiao/Desktop/defects4j/framework/bin/defects4j",
  "dataDir": "data/changesInfo/",
  "properties": {
    "trigger.tests": "com.google.gson.functional.PrimitiveTest::testNumberAsStringDeserialization",
    "test.dir": "gson/src/test/java",
    "clz.modified": "com.google.gson.internal.bind.TypeAdapters",
    "src.dir": "gson/src/main/java"
  },
  "timeoutSecond": 100,
  "proj": "Gson",
  "id": "11",
  "workingDir": "../bugs/Gson_11_tmp",
  "bug_name": "Gson_11",
  "derive": "defects4j",
  "trigger_tests": [
    {
      "test_class": "com.google.gson.functional.PrimitiveTest",
      "test_function": "testNumberAsStringDeserialization",
      "assertion_line": "162",
      "exception": "com.google.gson.JsonSyntaxException",
      "message": "Expecting number, got: STRING"
    }
  ],
  "fixing_changes": [
    {
      "changed_type": "UPDATE",
      "changed_class": [
        "gson/src/main/java/com/google/gson/internal/bind/TypeAdapters.java",
        "gson/src/main/java/com/google/gson/internal/bind/TypeAdapters.java"
      ],
      "changed_functions": [
        {
          "qualified_names": [],
          "num": 0
        },
        {
          "qualified_names": [],
          "num": 0
        }
      ],
      "changed_lines": [
        {
          "qualified_names": [
            "371"
          ],
          "num": 1
        },
        {
          "qualified_names": [
            "370"
          ],
          "num": 1
        }
      ],
      "diff": "diff --git a/gson/src/main/java/com/google/gson/internal/bind/TypeAdapters.java b/gson/src/main/java/com/google/gson/internal/bind/TypeAdapters.java\nindex 31beb5d..6a51c64 100644\n--- a/gson/src/main/java/com/google/gson/internal/bind/TypeAdapters.java\n+++ b/gson/src/main/java/com/google/gson/internal/bind/TypeAdapters.java\n@@ -368,7 +368,6 @@\n         in.nextNull();\n         return null;\n       case NUMBER:\n-      case STRING:\n         return new LazilyParsedNumber(in.nextString());\n       default:\n         throw new JsonSyntaxException(\"Expecting number, got: \" + jsonToken);\n",
      "operations": [
        {
          "type": "delete-tree",
          "from": "SwitchCase [11725,11737]",
          "to": ""
        }
      ]
    }
  ],
  "fixing_type": {
    "add_classes": {
      "qualified_names": [],
      "num": 0
    },
    "delete_classes": {
      "qualified_names": [],
      "num": 0
    },
    "add_functions": {
      "qualified_names": [],
      "num": 0
    },
    "delete_functions": {
      "qualified_names": [],
      "num": 0
    }
  }
}