{
  "logger": {
    "currentLogLevel": 20,
    "name": "root.bean.benchmarks.Defects4JBug"
  },
  "d4jCmd": "/home/liumengjiao/Desktop/defects4j/framework/bin/defects4j",
  "dataDir": "data/changesInfo/",
  "properties": {
    "trigger.tests": "org.jfree.data.time.junit.WeekTests::testConstructor",
    "test.dir": "tests",
    "clz.modified": "org.jfree.data.time.Week",
    "src.dir": "source"
  },
  "timeoutSecond": 100,
  "proj": "Chart",
  "id": "8",
  "workingDir": "../bugs/Chart_8_tmp",
  "bug_name": "Chart_8",
  "derive": "defects4j",
  "trigger_tests": [
    {
      "test_class": "org.jfree.data.time.junit.WeekTests",
      "test_function": "testConstructor",
      "assertion_line": "530",
      "exception": "junit.framework.AssertionFailedError",
      "message": "expected:\u003c35\u003e but was:\u003c34\u003e"
    }
  ],
  "fixing_changes": [
    {
      "changed_type": "UPDATE",
      "changed_class": [
        "source/org/jfree/data/time/Week.java",
        "source/org/jfree/data/time/Week.java"
      ],
      "changed_functions": [
        {
          "qualified_names": [
            "org.jfree.data.time.Week:Week:[Date time, TimeZone zone]:null"
          ],
          "num": 1
        },
        {
          "qualified_names": [
            "org.jfree.data.time.Week:Week:[Date time, TimeZone zone]:null"
          ],
          "num": 1
        }
      ],
      "changed_lines": [
        {
          "qualified_names": [
            "175"
          ],
          "num": 1
        },
        {
          "qualified_names": [
            "175"
          ],
          "num": 1
        }
      ],
      "diff": "diff --git a/source/org/jfree/data/time/Week.java b/source/org/jfree/data/time/Week.java\nindex 8228589..3cc4138 100644\n--- a/source/org/jfree/data/time/Week.java\n+++ b/source/org/jfree/data/time/Week.java\n@@ -172,7 +172,7 @@\n      */\r\n     public Week(Date time, TimeZone zone) {\r\n         // defer argument checking...\r\n-        this(time, zone, Locale.getDefault());\r\n+        this(time, RegularTimePeriod.DEFAULT_TIME_ZONE, Locale.getDefault());\r\n     }\r\n \r\n     /**\r\n",
      "operations": [
        {
          "type": "insert-node",
          "from": "",
          "to": "QualifiedName: RegularTimePeriod.DEFAULT_TIME_ZONE [6878,6913]"
        },
        {
          "type": "delete-node",
          "from": "SimpleName: zone [6878,6882]",
          "to": ""
        }
      ]
    }
  ],
  "fixing_type": {
    "add_classes": {
      "qualified_names": [],
      "num": 0
    },
    "delete_classes": {
      "qualified_names": [],
      "num": 0
    },
    "add_functions": {
      "qualified_names": [],
      "num": 0
    },
    "delete_functions": {
      "qualified_names": [],
      "num": 0
    }
  }
}