{
  "logger": {
    "currentLogLevel": 20,
    "name": "root.bean.benchmarks.Defects4JBug"
  },
  "d4jCmd": "/home/liumengjiao/Desktop/defects4j/framework/bin/defects4j",
  "dataDir": "data/changesInfo/",
  "properties": {
    "trigger.tests": "org.jsoup.nodes.NodeTest::absHandlesRelativeQuery",
    "test.dir": "src/test/java",
    "clz.modified": "org.jsoup.nodes.Node",
    "src.dir": "src/main/java"
  },
  "timeoutSecond": 100,
  "proj": "Jsoup",
  "id": "10",
  "workingDir": "../bugs/Jsoup_10_tmp",
  "bug_name": "Jsoup_10",
  "derive": "defects4j",
  "trigger_tests": [
    {
      "test_class": "org.jsoup.nodes.NodeTest",
      "test_function": "absHandlesRelativeQuery",
      "assertion_line": "49",
      "exception": "junit.framework.AssertionFailedError",
      "message": "expected:\u003c...tp://jsoup.org/path/[file]?foo\u003e but was:\u003c...tp://jsoup.org/path/[]?foo\u003e"
    }
  ],
  "fixing_changes": [
    {
      "changed_type": "UPDATE",
      "changed_class": [
        "src/main/java/org/jsoup/nodes/Node.java",
        "src/main/java/org/jsoup/nodes/Node.java"
      ],
      "changed_functions": [
        {
          "qualified_names": [
            "org.jsoup.nodes.Node:absUrl:[String attributeKey]:String"
          ],
          "num": 1
        },
        {
          "qualified_names": [
            "org.jsoup.nodes.Node:absUrl:[String attributeKey]:String"
          ],
          "num": 1
        }
      ],
      "changed_lines": [
        {
          "qualified_names": [
            "173",
            "174"
          ],
          "num": 2
        },
        {
          "qualified_names": [
            "172"
          ],
          "num": 1
        }
      ],
      "diff": "diff --git a/src/main/java/org/jsoup/nodes/Node.java b/src/main/java/org/jsoup/nodes/Node.java\nindex 513c0ee..5e6eb8f 100644\n--- a/src/main/java/org/jsoup/nodes/Node.java\n+++ b/src/main/java/org/jsoup/nodes/Node.java\n@@ -170,8 +170,6 @@\n                     return abs.toExternalForm();\n                 }\n                 // workaround: java resolves \u0027//path/file + ?foo\u0027 to \u0027//path/?foo\u0027, not \u0027//path/file?foo\u0027 as desired\n-                if (relUrl.startsWith(\"?\"))\n-                    relUrl \u003d base.getPath() + relUrl;\n                 URL abs \u003d new URL(base, relUrl);\n                 return abs.toExternalForm();\n             } catch (MalformedURLException e) {\n",
      "operations": [
        {
          "type": "delete-tree",
          "from": "IfStatement [5787,5868]",
          "to": ""
        }
      ]
    }
  ],
  "fixing_type": {
    "add_classes": {
      "qualified_names": [],
      "num": 0
    },
    "delete_classes": {
      "qualified_names": [],
      "num": 0
    },
    "add_functions": {
      "qualified_names": [],
      "num": 0
    },
    "delete_functions": {
      "qualified_names": [],
      "num": 0
    }
  }
}