{
  "logger": {
    "currentLogLevel": 20,
    "name": "root.bean.benchmarks.Defects4JBug"
  },
  "d4jCmd": "/home/liumengjiao/Desktop/defects4j/framework/bin/defects4j",
  "dataDir": "data/changesInfo/",
  "properties": {
    "trigger.tests": "com.fasterxml.jackson.databind.deser.TestJdkTypes::testLocale",
    "test.dir": "src/test/java",
    "clz.modified": "com.fasterxml.jackson.databind.deser.std.FromStringDeserializer",
    "src.dir": "src/main/java"
  },
  "timeoutSecond": 100,
  "proj": "JacksonDatabind",
  "id": "42",
  "workingDir": "../bugs/JacksonDatabind_42_tmp",
  "bug_name": "JacksonDatabind_42",
  "derive": "defects4j",
  "trigger_tests": [
    {
      "test_class": "com.fasterxml.jackson.databind.deser.TestJdkTypes",
      "test_function": "testLocale",
      "assertion_line": "150",
      "exception": "junit.framework.AssertionFailedError",
      "message": "expected same:\u003c\u003e was not:\u003cnull\u003e"
    }
  ],
  "fixing_changes": [
    {
      "changed_type": "UPDATE",
      "changed_class": [
        "src/main/java/com/fasterxml/jackson/databind/deser/std/FromStringDeserializer.java",
        "src/main/java/com/fasterxml/jackson/databind/deser/std/FromStringDeserializer.java"
      ],
      "changed_functions": [
        {
          "qualified_names": [
            "com.fasterxml.jackson.databind.deser.std.FromStringDeserializer\\$Std:_deserializeFromEmptyString:[]:Object"
          ],
          "num": 1
        },
        {
          "qualified_names": [
            "com.fasterxml.jackson.databind.deser.std.FromStringDeserializer\\$Std:_deserializeFromEmptyString:[]:Object"
          ],
          "num": 1
        }
      ],
      "changed_lines": [
        {
          "qualified_names": [
            "284",
            "285",
            "286"
          ],
          "num": 3
        },
        {
          "qualified_names": [
            "283"
          ],
          "num": 1
        }
      ],
      "diff": "diff --git a/src/main/java/com/fasterxml/jackson/databind/deser/std/FromStringDeserializer.java b/src/main/java/com/fasterxml/jackson/databind/deser/std/FromStringDeserializer.java\nindex b2ccd1a..cdbd5e8 100644\n--- a/src/main/java/com/fasterxml/jackson/databind/deser/std/FromStringDeserializer.java\n+++ b/src/main/java/com/fasterxml/jackson/databind/deser/std/FromStringDeserializer.java\n@@ -281,9 +281,6 @@\n                 return URI.create(\"\");\n             }\n             // As per [databind#1123], Locale too\n-            if (_kind \u003d\u003d STD_LOCALE) {\n-                return Locale.ROOT;\n-            }\n             return super._deserializeFromEmptyString();\n         }\n     }\n",
      "operations": [
        {
          "type": "delete-tree",
          "from": "IfStatement [10762,10838]",
          "to": ""
        }
      ]
    }
  ],
  "fixing_type": {
    "add_classes": {
      "qualified_names": [],
      "num": 0
    },
    "delete_classes": {
      "qualified_names": [],
      "num": 0
    },
    "add_functions": {
      "qualified_names": [],
      "num": 0
    },
    "delete_functions": {
      "qualified_names": [],
      "num": 0
    }
  }
}