{
  "logger": {
    "currentLogLevel": 20,
    "name": "root.bean.benchmarks.Defects4JBug"
  },
  "d4jCmd": "/home/liumengjiao/Desktop/defects4j/framework/bin/defects4j",
  "dataDir": "data/changesInfo/",
  "properties": {
    "trigger.tests": "org.mockitousage.bugs.NPEWithCertainMatchersTest::shouldNotThrowNPEWhenNullPassedToSame",
    "test.dir": "test",
    "clz.modified": "org.mockito.internal.matchers.Same",
    "src.dir": "src"
  },
  "timeoutSecond": 100,
  "proj": "Mockito",
  "id": "29",
  "workingDir": "../bugs/Mockito_29_tmp",
  "bug_name": "Mockito_29",
  "derive": "defects4j",
  "trigger_tests": [
    {
      "test_class": "org.mockitousage.bugs.NPEWithCertainMatchersTest",
      "test_function": "shouldNotThrowNPEWhenNullPassedToSame",
      "assertion_line": "65",
      "exception": "java.lang.Exception",
      "message": "Unexpected exception, expected\u003cjava.lang.AssertionError\u003e but was\u003cjava.lang.NullPointerException\u003e"
    }
  ],
  "fixing_changes": [
    {
      "changed_type": "UPDATE",
      "changed_class": [
        "src/org/mockito/internal/matchers/Same.java",
        "src/org/mockito/internal/matchers/Same.java"
      ],
      "changed_functions": [
        {
          "qualified_names": [
            "org.mockito.internal.matchers.Same:describeTo:[Description description]:void"
          ],
          "num": 1
        },
        {
          "qualified_names": [
            "org.mockito.internal.matchers.Same:describeTo:[Description description]:void"
          ],
          "num": 1
        }
      ],
      "changed_lines": [
        {
          "qualified_names": [
            "29"
          ],
          "num": 1
        },
        {
          "qualified_names": [
            "29"
          ],
          "num": 1
        }
      ],
      "diff": "diff --git a/src/org/mockito/internal/matchers/Same.java b/src/org/mockito/internal/matchers/Same.java\nindex b8267b9..6c172fe 100644\n--- a/src/org/mockito/internal/matchers/Same.java\n+++ b/src/org/mockito/internal/matchers/Same.java\n@@ -26,7 +26,7 @@\n     public void describeTo(Description description) {\n         description.appendText(\"same(\");\n         appendQuoting(description);\n-        description.appendText(wanted \u003d\u003d null ? \"null\" : wanted.toString());\n+        description.appendText(wanted.toString());\n         appendQuoting(description);\n         description.appendText(\")\");\n     }\n",
      "operations": [
        {
          "type": "move-tree",
          "from": "",
          "to": ""
        },
        {
          "type": "delete-tree",
          "from": "InfixExpression [760,774]",
          "to": ""
        },
        {
          "type": "delete-node",
          "from": "StringLiteral: \"null\" [777,783]",
          "to": ""
        },
        {
          "type": "delete-node",
          "from": "ConditionalExpression [760,803]",
          "to": ""
        }
      ]
    }
  ],
  "fixing_type": {
    "add_classes": {
      "qualified_names": [],
      "num": 0
    },
    "delete_classes": {
      "qualified_names": [],
      "num": 0
    },
    "add_functions": {
      "qualified_names": [],
      "num": 0
    },
    "delete_functions": {
      "qualified_names": [],
      "num": 0
    }
  }
}