{
  "logger": {
    "currentLogLevel": 20,
    "name": "root.bean.benchmarks.Defects4JBug"
  },
  "d4jCmd": "/home/liumengjiao/Desktop/defects4j/framework/bin/defects4j",
  "dataDir": "data/changesInfo/",
  "properties": {
    "trigger.tests": "org.jsoup.parser.HtmlParserTest::testReinsertionModeForThCelss",
    "test.dir": "src/test/java",
    "clz.modified": "org.jsoup.parser.HtmlTreeBuilder",
    "src.dir": "src/main/java"
  },
  "timeoutSecond": 100,
  "proj": "Jsoup",
  "id": "45",
  "workingDir": "../bugs/Jsoup_45_tmp",
  "bug_name": "Jsoup_45",
  "derive": "defects4j",
  "trigger_tests": [
    {
      "test_class": "org.jsoup.parser.HtmlParserTest",
      "test_function": "testReinsertionModeForThCelss",
      "assertion_line": "877",
      "exception": "junit.framework.AssertionFailedError",
      "message": "expected:\u003c1\u003e but was:\u003c5\u003e"
    }
  ],
  "fixing_changes": [
    {
      "changed_type": "UPDATE",
      "changed_class": [
        "src/main/java/org/jsoup/parser/HtmlTreeBuilder.java",
        "src/main/java/org/jsoup/parser/HtmlTreeBuilder.java"
      ],
      "changed_functions": [
        {
          "qualified_names": [
            "org.jsoup.parser.HtmlTreeBuilder:resetInsertionMode:[]:void"
          ],
          "num": 1
        },
        {
          "qualified_names": [
            "org.jsoup.parser.HtmlTreeBuilder:resetInsertionMode:[]:void"
          ],
          "num": 1
        }
      ],
      "changed_lines": [
        {
          "qualified_names": [
            "394"
          ],
          "num": 1
        },
        {
          "qualified_names": [
            "394"
          ],
          "num": 1
        }
      ],
      "diff": "diff --git a/src/main/java/org/jsoup/parser/HtmlTreeBuilder.java b/src/main/java/org/jsoup/parser/HtmlTreeBuilder.java\nindex 4ac8870..4a58fdf 100644\n--- a/src/main/java/org/jsoup/parser/HtmlTreeBuilder.java\n+++ b/src/main/java/org/jsoup/parser/HtmlTreeBuilder.java\n@@ -391,7 +391,7 @@\n             if (\"select\".equals(name)) {\n                 transition(HtmlTreeBuilderState.InSelect);\n                 break; // frag\n-            } else if ((\"td\".equals(name) || \"th\".equals(name) \u0026\u0026 !last)) {\n+            } else if ((\"td\".equals(name) || \"td\".equals(name) \u0026\u0026 !last)) {\n                 transition(HtmlTreeBuilderState.InCell);\n                 break;\n             } else if (\"tr\".equals(name)) {\n",
      "operations": [
        {
          "type": "insert-node",
          "from": "",
          "to": "InfixExpression [13964,14011]"
        },
        {
          "type": "insert-tree",
          "from": "",
          "to": "MethodInvocation [13964,13981]"
        },
        {
          "type": "move-tree",
          "from": "",
          "to": ""
        },
        {
          "type": "move-tree",
          "from": "",
          "to": ""
        },
        {
          "type": "move-tree",
          "from": "",
          "to": ""
        },
        {
          "type": "move-tree",
          "from": "",
          "to": ""
        },
        {
          "type": "delete-tree",
          "from": "MethodInvocation [13985,14002]",
          "to": ""
        },
        {
          "type": "delete-node",
          "from": "InfixExpression [13985,14011]",
          "to": ""
        }
      ]
    }
  ],
  "fixing_type": {
    "add_classes": {
      "qualified_names": [],
      "num": 0
    },
    "delete_classes": {
      "qualified_names": [],
      "num": 0
    },
    "add_functions": {
      "qualified_names": [],
      "num": 0
    },
    "delete_functions": {
      "qualified_names": [],
      "num": 0
    }
  }
}