{
  "logger": {
    "currentLogLevel": 20,
    "name": "root.bean.benchmarks.Defects4JBug"
  },
  "d4jCmd": "/home/liumengjiao/Desktop/defects4j/framework/bin/defects4j",
  "dataDir": "data/changesInfo/",
  "properties": {
    "trigger.tests": "org.jsoup.parser.HtmlParserTest::preSkipsFirstNewline",
    "test.dir": "src/test/java",
    "clz.modified": "org.jsoup.parser.HtmlTreeBuilderState",
    "src.dir": "src/main/java"
  },
  "timeoutSecond": 100,
  "proj": "Jsoup",
  "id": "76",
  "workingDir": "../bugs/Jsoup_76_tmp",
  "bug_name": "Jsoup_76",
  "derive": "defects4j",
  "trigger_tests": [
    {
      "test_class": "org.jsoup.parser.HtmlParserTest",
      "test_function": "preSkipsFirstNewline",
      "assertion_line": "1164",
      "exception": "junit.framework.AssertionFailedError",
      "message": "expected:\u003c"
    }
  ],
  "fixing_changes": [
    {
      "changed_type": "UPDATE",
      "changed_class": [
        "src/main/java/org/jsoup/parser/HtmlTreeBuilderState.java",
        "src/main/java/org/jsoup/parser/HtmlTreeBuilderState.java"
      ],
      "changed_functions": [
        {
          "qualified_names": [],
          "num": 0
        },
        {
          "qualified_names": [],
          "num": 0
        }
      ],
      "changed_lines": [
        {
          "qualified_names": [
            "382"
          ],
          "num": 1
        },
        {
          "qualified_names": [
            "381"
          ],
          "num": 1
        }
      ],
      "diff": "diff --git a/src/main/java/org/jsoup/parser/HtmlTreeBuilderState.java b/src/main/java/org/jsoup/parser/HtmlTreeBuilderState.java\nindex a230677..20820ee 100644\n--- a/src/main/java/org/jsoup/parser/HtmlTreeBuilderState.java\n+++ b/src/main/java/org/jsoup/parser/HtmlTreeBuilderState.java\n@@ -379,7 +379,6 @@\n                             tb.processEndTag(\"p\");\n                         }\n                         tb.insert(startTag);\n-                        tb.reader.matchConsume(\"\\n\"); // ignore LF if next token\n                         tb.framesetOk(false);\n                     } else if (name.equals(\"form\")) {\n                         if (tb.getFormElement() !\u003d null) {\n",
      "operations": [
        {
          "type": "delete-tree",
          "from": "ExpressionStatement [17044,17073]",
          "to": ""
        }
      ]
    }
  ],
  "fixing_type": {
    "add_classes": {
      "qualified_names": [],
      "num": 0
    },
    "delete_classes": {
      "qualified_names": [],
      "num": 0
    },
    "add_functions": {
      "qualified_names": [],
      "num": 0
    },
    "delete_functions": {
      "qualified_names": [],
      "num": 0
    }
  }
}