{
  "logger": {
    "currentLogLevel": 20,
    "name": "root.bean.benchmarks.Defects4JBug"
  },
  "d4jCmd": "/home/liumengjiao/Desktop/defects4j/framework/bin/defects4j",
  "dataDir": "data/changesInfo/",
  "properties": {
    "trigger.tests": "com.google.javascript.jscomp.CommandLineRunnerTest::testTransformAMDAndProcessCJS,com.google.javascript.jscomp.CommandLineRunnerTest::testProcessCJS,com.google.javascript.jscomp.ProcessCommonJSModulesTest::testExports,com.google.javascript.jscomp.ProcessCommonJSModulesTest::testModuleName,com.google.javascript.jscomp.ProcessCommonJSModulesTest::testDash,com.google.javascript.jscomp.ProcessCommonJSModulesTest::testVarRenaming,com.google.javascript.jscomp.ProcessCommonJSModulesTest::testWithoutExports",
    "test.dir": "test",
    "clz.modified": "com.google.javascript.jscomp.ProcessCommonJSModules",
    "src.dir": "src"
  },
  "timeoutSecond": 100,
  "proj": "Closure",
  "id": "26",
  "workingDir": "../bugs/Closure_26_tmp",
  "bug_name": "Closure_26",
  "derive": "defects4j",
  "trigger_tests": [
    {
      "test_class": "com.google.javascript.jscomp.CommandLineRunnerTest",
      "test_function": "testTransformAMDAndProcessCJS",
      "assertion_line": "1057",
      "exception": "junit.framework.AssertionFailedError",
      "message": "Expected: var module$foo$bar\u003d{},module$foo$bar\u003d{foo:1}\nResult: var module$foo$bar\u003d{},module$foo$bar\u003d{foo:1};module$foo$bar.module$exports\u0026\u0026(module$foo$bar\u003dmodule$foo$bar.module$exports)"
    },
    {
      "test_class": "com.google.javascript.jscomp.CommandLineRunnerTest",
      "test_function": "testProcessCJS",
      "assertion_line": "1109",
      "exception": "junit.framework.AssertionFailedError",
      "message": "Expected: var module$foo$bar\u003d{test:1}\nResult: var module$foo$bar\u003d{test:1};module$foo$bar.module$exports\u0026\u0026(module$foo$bar\u003dmodule$foo$bar.module$exports)"
    },
    {
      "test_class": "com.google.javascript.jscomp.ProcessCommonJSModulesTest",
      "test_function": "testExports",
      "assertion_line": "60",
      "exception": "junit.framework.AssertionFailedError",
      "message": "Expected: goog.provide(\"module$test\");var module$test\u003d{};goog.require(\"module$name\");var name$$module$test\u003dmodule$name;module$test.foo\u003d1\nResult: goog.provide(\"module$test\");var module$test\u003d{};goog.require(\"module$name\");var name$$module$test\u003dmodule$name;module$test.foo\u003d1;if(module$test.module$exports)module$test\u003dmodule$test.module$exports"
    },
    {
      "test_class": "com.google.javascript.jscomp.ProcessCommonJSModulesTest",
      "test_function": "testModuleName",
      "assertion_line": "114",
      "exception": "junit.framework.AssertionFailedError",
      "message": "Expected: goog.provide(\"module$foo$bar\");var module$foo$bar\u003d{};goog.require(\"module$name\");var name$$module$foo$bar\u003dmodule$name\nResult: goog.provide(\"module$foo$bar\");var module$foo$bar\u003d{};goog.require(\"module$name\");var name$$module$foo$bar\u003dmodule$name;if(module$foo$bar.module$exports)module$foo$bar\u003dmodule$foo$bar.module$exports"
    },
    {
      "test_class": "com.google.javascript.jscomp.ProcessCommonJSModulesTest",
      "test_function": "testDash",
      "assertion_line": "93",
      "exception": "junit.framework.AssertionFailedError",
      "message": "Expected: goog.provide(\"module$test_test\");var module$test_test\u003d{};goog.require(\"module$name\");var name$$module$test_test\u003dmodule$name;module$test_test.foo\u003d1\nResult: goog.provide(\"module$test_test\");var module$test_test\u003d{};goog.require(\"module$name\");var name$$module$test_test\u003dmodule$name;module$test_test.foo\u003d1;if(module$test_test.module$exports)module$test_test\u003dmodule$test_test.module$exports"
    },
    {
      "test_class": "com.google.javascript.jscomp.ProcessCommonJSModulesTest",
      "test_function": "testVarRenaming",
      "assertion_line": "82",
      "exception": "junit.framework.AssertionFailedError",
      "message": "Expected: goog.provide(\"module$test\");var module$test\u003d{};var a$$module$test\u003d1,b$$module$test\u003d2;(function(){var a;b$$module$test\u003d4})()\nResult: goog.provide(\"module$test\");var module$test\u003d{};var a$$module$test\u003d1,b$$module$test\u003d2;(function(){var a;b$$module$test\u003d4})();if(module$test.module$exports)module$test\u003dmodule$test.module$exports"
    },
    {
      "test_class": "com.google.javascript.jscomp.ProcessCommonJSModulesTest",
      "test_function": "testWithoutExports",
      "assertion_line": "39",
      "exception": "junit.framework.AssertionFailedError",
      "message": "Expected: goog.provide(\"module$test\");var module$test\u003d{};goog.require(\"module$name\");var name$$module$test\u003dmodule$name;name$$module$test()\nResult: goog.provide(\"module$test\");var module$test\u003d{};goog.require(\"module$name\");var name$$module$test\u003dmodule$name;name$$module$test();if(module$test.module$exports)module$test\u003dmodule$test.module$exports"
    }
  ],
  "fixing_changes": [
    {
      "changed_type": "UPDATE",
      "changed_class": [
        "src/com/google/javascript/jscomp/ProcessCommonJSModules.java",
        "src/com/google/javascript/jscomp/ProcessCommonJSModules.java"
      ],
      "changed_functions": [
        {
          "qualified_names": [
            "com.google.javascript.jscomp.ProcessCommonJSModules\\$ProcessCommonJsModulesCallback:visitModuleExports:[Node prop]:void",
            "com.google.javascript.jscomp.ProcessCommonJSModules\\$ProcessCommonJsModulesCallback:emitOptionalModuleExportsOverride:[Node script, String moduleName]:void"
          ],
          "num": 2
        },
        {
          "qualified_names": [
            "com.google.javascript.jscomp.ProcessCommonJSModules\\$ProcessCommonJsModulesCallback:emitOptionalModuleExportsOverride:[Node script, String moduleName]:void",
            "com.google.javascript.jscomp.ProcessCommonJSModules\\$ProcessCommonJsModulesCallback:getCurrentScriptNode:[Node n]:Node"
          ],
          "num": 2
        }
      ],
      "changed_lines": [
        {
          "qualified_names": [
            "128",
            "208",
            "209",
            "210",
            "232"
          ],
          "num": 5
        },
        {
          "qualified_names": [
            "127",
            "208",
            "235"
          ],
          "num": 3
        }
      ],
      "diff": "diff --git a/src/com/google/javascript/jscomp/ProcessCommonJSModules.java b/src/com/google/javascript/jscomp/ProcessCommonJSModules.java\nindex fa01cd9..1744a58 100644\n--- a/src/com/google/javascript/jscomp/ProcessCommonJSModules.java\n+++ b/src/com/google/javascript/jscomp/ProcessCommonJSModules.java\n@@ -125,7 +125,6 @@\n       AbstractPostOrderCallback {\n \n     private int scriptNodeCount \u003d 0;\n-    private Set\u003cString\u003e modulesWithExports \u003d Sets.newHashSet();\n \n     @Override\n     public void visit(NodeTraversal t, Node n, Node parent) {\n@@ -205,9 +204,6 @@\n      */\n     private void emitOptionalModuleExportsOverride(Node script,\n         String moduleName) {\n-      if (!modulesWithExports.contains(moduleName)) {\n-        return;\n-      }\n \n       Node moduleExportsProp \u003d IR.getprop(IR.name(moduleName),\n           IR.string(\"module$exports\"));\n@@ -229,7 +225,6 @@\n       Node exports \u003d prop.getChildAtIndex(1);\n       exports.putProp(Node.ORIGINALNAME_PROP, \"exports\");\n       exports.setString(\"module$exports\");\n-      modulesWithExports.add(moduleName);\n     }\n \n     /**\n",
      "operations": [
        {
          "type": "delete-tree",
          "from": "FieldDeclaration [4429,4488]",
          "to": ""
        },
        {
          "type": "delete-tree",
          "from": "IfStatement [7358,7429]",
          "to": ""
        },
        {
          "type": "delete-tree",
          "from": "ExpressionStatement [8256,8291]",
          "to": ""
        }
      ]
    }
  ],
  "fixing_type": {
    "add_classes": {
      "qualified_names": [],
      "num": 0
    },
    "delete_classes": {
      "qualified_names": [],
      "num": 0
    },
    "add_functions": {
      "qualified_names": [
        "com.google.javascript.jscomp.ProcessCommonJSModules\\$ProcessCommonJsModulesCallback:getCurrentScriptNode:[Node n]:Node"
      ],
      "num": 1
    },
    "delete_functions": {
      "qualified_names": [
        "com.google.javascript.jscomp.ProcessCommonJSModules\\$ProcessCommonJsModulesCallback:visitModuleExports:[Node prop]:void"
      ],
      "num": 1
    }
  }
}