{
  "logger": {
    "currentLogLevel": 20,
    "name": "root.bean.benchmarks.Defects4JBug"
  },
  "d4jCmd": "/home/liumengjiao/Desktop/defects4j/framework/bin/defects4j",
  "dataDir": "data/changesInfo/",
  "properties": {
    "trigger.tests": "org.apache.commons.codec.binary.Base64Codec13Test::testEncoder,org.apache.commons.codec.binary.Base64Codec13Test::testBinaryEncoder",
    "test.dir": "src/test",
    "clz.modified": "org.apache.commons.codec.binary.Base64",
    "src.dir": "src/java"
  },
  "timeoutSecond": 100,
  "proj": "Codec",
  "id": "4",
  "workingDir": "../bugs/Codec_4_tmp",
  "bug_name": "Codec_4",
  "derive": "defects4j",
  "trigger_tests": [
    {
      "test_class": "org.apache.commons.codec.binary.Base64Codec13Test",
      "test_function": "testEncoder",
      "assertion_line": "378",
      "exception": "junit.framework.AssertionFailedError",
      "message": "Encoder test-1"
    },
    {
      "test_class": "org.apache.commons.codec.binary.Base64Codec13Test",
      "test_function": "testBinaryEncoder",
      "assertion_line": "414",
      "exception": "junit.framework.AssertionFailedError",
      "message": "BinaryEncoder test-1"
    }
  ],
  "fixing_changes": [
    {
      "changed_type": "UPDATE",
      "changed_class": [
        "src/java/org/apache/commons/codec/binary/Base64.java",
        "src/java/org/apache/commons/codec/binary/Base64.java"
      ],
      "changed_functions": [
        {
          "qualified_names": [
            "org.apache.commons.codec.binary.Base64:Base64:[]:null"
          ],
          "num": 1
        },
        {
          "qualified_names": [
            "org.apache.commons.codec.binary.Base64:Base64:[]:null"
          ],
          "num": 1
        }
      ],
      "changed_lines": [
        {
          "qualified_names": [
            "225"
          ],
          "num": 1
        },
        {
          "qualified_names": [
            "225"
          ],
          "num": 1
        }
      ],
      "diff": "diff --git a/src/java/org/apache/commons/codec/binary/Base64.java b/src/java/org/apache/commons/codec/binary/Base64.java\nindex 31671e6..e4d1276 100644\n--- a/src/java/org/apache/commons/codec/binary/Base64.java\n+++ b/src/java/org/apache/commons/codec/binary/Base64.java\n@@ -222,7 +222,7 @@\n      * \u003c/p\u003e\n      */\n     public Base64() {\n-        this(0);\n+        this(false);\n     }\n \n     /**\n",
      "operations": [
        {
          "type": "insert-node",
          "from": "",
          "to": "BooleanLiteral: false [9005,9010]"
        },
        {
          "type": "delete-node",
          "from": "NumberLiteral: 0 [9005,9006]",
          "to": ""
        }
      ]
    }
  ],
  "fixing_type": {
    "add_classes": {
      "qualified_names": [],
      "num": 0
    },
    "delete_classes": {
      "qualified_names": [],
      "num": 0
    },
    "add_functions": {
      "qualified_names": [],
      "num": 0
    },
    "delete_functions": {
      "qualified_names": [],
      "num": 0
    }
  }
}