{
  "logger": {
    "currentLogLevel": 20,
    "name": "root.bean.benchmarks.Defects4JBug"
  },
  "d4jCmd": "/home/liumengjiao/Desktop/defects4j/framework/bin/defects4j",
  "dataDir": "data/changesInfo/",
  "properties": {
    "trigger.tests": "org.jsoup.integration.ParseTest::testYahooArticle,org.jsoup.nodes.EntitiesTest::quoteReplacements",
    "test.dir": "src/test/java",
    "clz.modified": "org.jsoup.nodes.Entities",
    "src.dir": "src/main/java"
  },
  "timeoutSecond": 100,
  "proj": "Jsoup",
  "id": "6",
  "workingDir": "../bugs/Jsoup_6_tmp",
  "bug_name": "Jsoup_6",
  "derive": "defects4j",
  "trigger_tests": [
    {
      "test_class": "org.jsoup.integration.ParseTest",
      "test_function": "testYahooArticle",
      "assertion_line": "145",
      "exception": "java.lang.IllegalArgumentException",
      "message": "Illegal group reference: group index is missing"
    },
    {
      "test_class": "org.jsoup.nodes.EntitiesTest",
      "test_function": "quoteReplacements",
      "assertion_line": "42",
      "exception": "java.lang.IllegalArgumentException",
      "message": "character to be escaped is missing"
    }
  ],
  "fixing_changes": [
    {
      "changed_type": "UPDATE",
      "changed_class": [
        "src/main/java/org/jsoup/nodes/Entities.java",
        "src/main/java/org/jsoup/nodes/Entities.java"
      ],
      "changed_functions": [
        {
          "qualified_names": [
            "org.jsoup.nodes.Entities:unescape:[String string]:String"
          ],
          "num": 1
        },
        {
          "qualified_names": [
            "org.jsoup.nodes.Entities:unescape:[String string]:String"
          ],
          "num": 1
        }
      ],
      "changed_lines": [
        {
          "qualified_names": [
            "70",
            "72"
          ],
          "num": 2
        },
        {
          "qualified_names": [
            "70",
            "72"
          ],
          "num": 2
        }
      ],
      "diff": "diff --git a/src/main/java/org/jsoup/nodes/Entities.java b/src/main/java/org/jsoup/nodes/Entities.java\nindex 739897c..4daf720 100644\n--- a/src/main/java/org/jsoup/nodes/Entities.java\n+++ b/src/main/java/org/jsoup/nodes/Entities.java\n@@ -67,9 +67,9 @@\n \n             if (charval !\u003d -1 || charval \u003e 0xFFFF) { // out of range\n                 String c \u003d Character.toString((char) charval);\n-                m.appendReplacement(accum, Matcher.quoteReplacement(c));\n+                m.appendReplacement(accum, c);\n             } else {\n-                m.appendReplacement(accum, Matcher.quoteReplacement(m.group(0))); // replace with original string\n+                m.appendReplacement(accum, m.group(0));\n             }\n         }\n         m.appendTail(accum);\n",
      "operations": [
        {
          "type": "move-tree",
          "from": "",
          "to": ""
        },
        {
          "type": "move-tree",
          "from": "",
          "to": ""
        },
        {
          "type": "insert-node",
          "from": "",
          "to": "SimpleName: c [2703,2704]"
        },
        {
          "type": "update-node",
          "from": "",
          "to": ""
        },
        {
          "type": "update-node",
          "from": "",
          "to": ""
        },
        {
          "type": "insert-node",
          "from": "",
          "to": "NumberLiteral: 0 [2779,2780]"
        },
        {
          "type": "delete-tree",
          "from": "MethodInvocation [2797,2833]",
          "to": ""
        },
        {
          "type": "delete-node",
          "from": "SimpleName: c [2728,2729]",
          "to": ""
        }
      ]
    }
  ],
  "fixing_type": {
    "add_classes": {
      "qualified_names": [],
      "num": 0
    },
    "delete_classes": {
      "qualified_names": [],
      "num": 0
    },
    "add_functions": {
      "qualified_names": [],
      "num": 0
    },
    "delete_functions": {
      "qualified_names": [],
      "num": 0
    }
  }
}