{
  "logger": {
    "currentLogLevel": 20,
    "name": "root.bean.benchmarks.Defects4JBug"
  },
  "d4jCmd": "/home/liumengjiao/Desktop/defects4j/framework/bin/defects4j",
  "dataDir": "data/changesInfo/",
  "properties": {
    "trigger.tests": "com.google.javascript.jscomp.TypeCheckTest::testIssue700",
    "test.dir": "test",
    "clz.modified": "com.google.javascript.rhino.jstype.PrototypeObjectType",
    "src.dir": "src"
  },
  "timeoutSecond": 100,
  "proj": "Closure",
  "id": "33",
  "workingDir": "../bugs/Closure_33_tmp",
  "bug_name": "Closure_33",
  "derive": "defects4j",
  "trigger_tests": [
    {
      "test_class": "com.google.javascript.jscomp.TypeCheckTest",
      "test_function": "testIssue700",
      "assertion_line": "5777",
      "exception": "junit.framework.AssertionFailedError",
      "message": "unexpected warnings(s):"
    }
  ],
  "fixing_changes": [
    {
      "changed_type": "UPDATE",
      "changed_class": [
        "src/com/google/javascript/rhino/jstype/PrototypeObjectType.java",
        "src/com/google/javascript/rhino/jstype/PrototypeObjectType.java"
      ],
      "changed_functions": [
        {
          "qualified_names": [
            "com.google.javascript.rhino.jstype.PrototypeObjectType:matchConstraint:[ObjectType constraintObj]:void"
          ],
          "num": 1
        },
        {
          "qualified_names": [
            "com.google.javascript.rhino.jstype.PrototypeObjectType:matchConstraint:[ObjectType constraintObj]:void"
          ],
          "num": 1
        }
      ],
      "changed_lines": [
        {
          "qualified_names": [
            "557",
            "558",
            "559"
          ],
          "num": 3
        },
        {
          "qualified_names": [
            "556"
          ],
          "num": 1
        }
      ],
      "diff": "diff --git a/src/com/google/javascript/rhino/jstype/PrototypeObjectType.java b/src/com/google/javascript/rhino/jstype/PrototypeObjectType.java\nindex 81a7d89..b6e3fc7 100644\n--- a/src/com/google/javascript/rhino/jstype/PrototypeObjectType.java\n+++ b/src/com/google/javascript/rhino/jstype/PrototypeObjectType.java\n@@ -554,9 +554,6 @@\n   @Override\n   public void matchConstraint(ObjectType constraintObj) {\n     // We only want to match contraints on anonymous types.\n-    if (hasReferenceName()) {\n-      return;\n-    }\n \n     // Handle the case where the constraint object is a record type.\n     //\n",
      "operations": [
        {
          "type": "delete-tree",
          "from": "IfStatement [16821,16866]",
          "to": ""
        }
      ]
    }
  ],
  "fixing_type": {
    "add_classes": {
      "qualified_names": [],
      "num": 0
    },
    "delete_classes": {
      "qualified_names": [],
      "num": 0
    },
    "add_functions": {
      "qualified_names": [],
      "num": 0
    },
    "delete_functions": {
      "qualified_names": [],
      "num": 0
    }
  }
}