{
  "logger": {
    "currentLogLevel": 20,
    "name": "root.bean.benchmarks.Defects4JBug"
  },
  "d4jCmd": "/home/liumengjiao/Desktop/defects4j/framework/bin/defects4j",
  "dataDir": "data/changesInfo/",
  "properties": {
    "trigger.tests": "org.apache.commons.codec.binary.Base64Test::testByteToStringVariations,org.apache.commons.codec.binary.Base64Test::testRfc4648Section10Encode",
    "test.dir": "src/test",
    "clz.modified": "org.apache.commons.codec.binary.Base64",
    "src.dir": "src/java"
  },
  "timeoutSecond": 100,
  "proj": "Codec",
  "id": "7",
  "workingDir": "../bugs/Codec_7_tmp",
  "bug_name": "Codec_7",
  "derive": "defects4j",
  "trigger_tests": [
    {
      "test_class": "org.apache.commons.codec.binary.Base64Test",
      "test_function": "testByteToStringVariations",
      "assertion_line": "1129",
      "exception": "junit.framework.ComparisonFailure",
      "message": "byteToString static Hello World expected:\u003cSGVsbG8gV29ybGQ\u003d[]\u003e but was:\u003cSGVsbG8gV29ybGQ\u003d["
    },
    {
      "test_class": "org.apache.commons.codec.binary.Base64Test",
      "test_function": "testRfc4648Section10Encode",
      "assertion_line": "586",
      "exception": "junit.framework.ComparisonFailure",
      "message": "expected:\u003cZg\u003d\u003d[]\u003e but was:\u003cZg\u003d\u003d["
    }
  ],
  "fixing_changes": [
    {
      "changed_type": "UPDATE",
      "changed_class": [
        "src/java/org/apache/commons/codec/binary/Base64.java",
        "src/java/org/apache/commons/codec/binary/Base64.java"
      ],
      "changed_functions": [
        {
          "qualified_names": [
            "org.apache.commons.codec.binary.Base64:encodeBase64String:[byte[] binaryData]:String"
          ],
          "num": 1
        },
        {
          "qualified_names": [
            "org.apache.commons.codec.binary.Base64:encodeBase64String:[byte[] binaryData]:String"
          ],
          "num": 1
        }
      ],
      "changed_lines": [
        {
          "qualified_names": [
            "670"
          ],
          "num": 1
        },
        {
          "qualified_names": [
            "670"
          ],
          "num": 1
        }
      ],
      "diff": "diff --git a/src/java/org/apache/commons/codec/binary/Base64.java b/src/java/org/apache/commons/codec/binary/Base64.java\nindex a5c44ab..19a6959 100644\n--- a/src/java/org/apache/commons/codec/binary/Base64.java\n+++ b/src/java/org/apache/commons/codec/binary/Base64.java\n@@ -667,7 +667,7 @@\n      * @since 1.4\n      */    \n     public static String encodeBase64String(byte[] binaryData) {\n-        return StringUtils.newStringUtf8(encodeBase64(binaryData, false));\n+        return StringUtils.newStringUtf8(encodeBase64(binaryData, true));\n     }\n     \n     /**\n",
      "operations": [
        {
          "type": "update-node",
          "from": "",
          "to": ""
        }
      ]
    }
  ],
  "fixing_type": {
    "add_classes": {
      "qualified_names": [],
      "num": 0
    },
    "delete_classes": {
      "qualified_names": [],
      "num": 0
    },
    "add_functions": {
      "qualified_names": [],
      "num": 0
    },
    "delete_functions": {
      "qualified_names": [],
      "num": 0
    }
  }
}