{
  "logger": {
    "currentLogLevel": 20,
    "name": "root.bean.benchmarks.Defects4JBug"
  },
  "d4jCmd": "/home/liumengjiao/Desktop/defects4j/framework/bin/defects4j",
  "dataDir": "data/changesInfo/",
  "properties": {
    "trigger.tests": "com.google.gson.stream.JsonWriterTest::testNonFiniteDoublesWhenLenient",
    "test.dir": "gson/src/test/java",
    "clz.modified": "com.google.gson.stream.JsonWriter",
    "src.dir": "gson/src/main/java"
  },
  "timeoutSecond": 100,
  "proj": "Gson",
  "id": "15",
  "workingDir": "../bugs/Gson_15_tmp",
  "bug_name": "Gson_15",
  "derive": "defects4j",
  "trigger_tests": [
    {
      "test_class": "com.google.gson.stream.JsonWriterTest",
      "test_function": "testNonFiniteDoublesWhenLenient",
      "assertion_line": "222",
      "exception": "java.lang.IllegalArgumentException",
      "message": "Numeric values must be finite, but was NaN"
    }
  ],
  "fixing_changes": [
    {
      "changed_type": "UPDATE",
      "changed_class": [
        "gson/src/main/java/com/google/gson/stream/JsonWriter.java",
        "gson/src/main/java/com/google/gson/stream/JsonWriter.java"
      ],
      "changed_functions": [
        {
          "qualified_names": [
            "com.google.gson.stream.JsonWriter:value:[double value]:JsonWriter"
          ],
          "num": 1
        },
        {
          "qualified_names": [
            "com.google.gson.stream.JsonWriter:value:[double value]:JsonWriter"
          ],
          "num": 1
        }
      ],
      "changed_lines": [
        {
          "qualified_names": [
            "495"
          ],
          "num": 1
        },
        {
          "qualified_names": [
            "495"
          ],
          "num": 1
        }
      ],
      "diff": "diff --git a/gson/src/main/java/com/google/gson/stream/JsonWriter.java b/gson/src/main/java/com/google/gson/stream/JsonWriter.java\nindex 8148816..043c3bd 100644\n--- a/gson/src/main/java/com/google/gson/stream/JsonWriter.java\n+++ b/gson/src/main/java/com/google/gson/stream/JsonWriter.java\n@@ -492,7 +492,7 @@\n    */\n   public JsonWriter value(double value) throws IOException {\n     writeDeferredName();\n-    if (!lenient \u0026\u0026 (Double.isNaN(value) || Double.isInfinite(value))) {\n+    if (Double.isNaN(value) || Double.isInfinite(value)) {\n       throw new IllegalArgumentException(\"Numeric values must be finite, but was \" + value);\n     }\n     beforeValue();\n",
      "operations": [
        {
          "type": "move-tree",
          "from": "",
          "to": ""
        },
        {
          "type": "delete-tree",
          "from": "PrefixExpression [14624,14632]",
          "to": ""
        },
        {
          "type": "delete-node",
          "from": "INFIX_EXPRESSION_OPERATOR: \u0026\u0026 [14633,14635]",
          "to": ""
        },
        {
          "type": "delete-node",
          "from": "ParenthesizedExpression [14636,14685]",
          "to": ""
        },
        {
          "type": "delete-node",
          "from": "InfixExpression [14624,14685]",
          "to": ""
        }
      ]
    }
  ],
  "fixing_type": {
    "add_classes": {
      "qualified_names": [],
      "num": 0
    },
    "delete_classes": {
      "qualified_names": [],
      "num": 0
    },
    "add_functions": {
      "qualified_names": [],
      "num": 0
    },
    "delete_functions": {
      "qualified_names": [],
      "num": 0
    }
  }
}