{
  "logger": {
    "currentLogLevel": 20,
    "name": "root.bean.benchmarks.Defects4JBug"
  },
  "d4jCmd": "/home/liumengjiao/Desktop/defects4j/framework/bin/defects4j",
  "dataDir": "data/changesInfo/",
  "properties": {
    "trigger.tests": "org.apache.commons.cli.PosixParserTest::testStop2",
    "test.dir": "src/test",
    "clz.modified": "org.apache.commons.cli.PosixParser",
    "src.dir": "src/java"
  },
  "timeoutSecond": 100,
  "proj": "Cli",
  "id": "18",
  "workingDir": "../bugs/Cli_18_tmp",
  "bug_name": "Cli_18",
  "derive": "defects4j",
  "trigger_tests": [
    {
      "test_class": "org.apache.commons.cli.PosixParserTest",
      "test_function": "testStop2",
      "assertion_line": "140",
      "exception": "junit.framework.AssertionFailedError",
      "message": "Confirm -a is not set"
    }
  ],
  "fixing_changes": [
    {
      "changed_type": "UPDATE",
      "changed_class": [
        "src/java/org/apache/commons/cli/PosixParser.java",
        "src/java/org/apache/commons/cli/PosixParser.java"
      ],
      "changed_functions": [
        {
          "qualified_names": [
            "org.apache.commons.cli.PosixParser:processOptionToken:[String token, boolean stopAtNonOption]:void",
            "org.apache.commons.cli.PosixParser:process:[String value]:void",
            "org.apache.commons.cli.PosixParser:flatten:[Options options, String[] arguments, boolean stopAtNonOption]:String[]"
          ],
          "num": 3
        },
        {
          "qualified_names": [
            "org.apache.commons.cli.PosixParser:flatten:[Options options, String[] arguments, boolean stopAtNonOption]:String[]",
            "org.apache.commons.cli.PosixParser:processOptionToken:[String token, boolean stopAtNonOption]:void",
            "org.apache.commons.cli.PosixParser:processSingleHyphen:[String hyphen]:void"
          ],
          "num": 3
        }
      ],
      "changed_lines": [
        {
          "qualified_names": [
            "128",
            "212",
            "237"
          ],
          "num": 3
        },
        {
          "qualified_names": [
            "128",
            "213",
            "214",
            "215",
            "216",
            "232"
          ],
          "num": 6
        }
      ],
      "diff": "diff --git a/src/java/org/apache/commons/cli/PosixParser.java b/src/java/org/apache/commons/cli/PosixParser.java\nindex 08a9280..8f03474 100644\n--- a/src/java/org/apache/commons/cli/PosixParser.java\n+++ b/src/java/org/apache/commons/cli/PosixParser.java\n@@ -125,7 +125,7 @@\n             // single hyphen\n             else if (\"-\".equals(token))\n             {\n-                tokens.add(token);\n+                processSingleHyphen(token);\n             }\n             else if (token.startsWith(\"-\"))\n             {\n@@ -210,6 +210,10 @@\n             tokens.add(value);\n         }\n     }\n+    private void processSingleHyphen(String hyphen)\n+    {\n+        tokens.add(hyphen);\n+    }\n \n     /**\n      * \u003cp\u003eIf an {@link Option} exists for \u003ccode\u003etoken\u003c/code\u003e then\n@@ -234,7 +238,6 @@\n         else if (stopAtNonOption)\n         {\n             eatTheRest \u003d true;\n-            tokens.add(token);\n         }\n     }\n \n",
      "operations": [
        {
          "type": "insert-node",
          "from": "",
          "to": "MethodDeclaration [7271,7358]"
        },
        {
          "type": "insert-node",
          "from": "",
          "to": "Modifier: private [7271,7278]"
        },
        {
          "type": "insert-node",
          "from": "",
          "to": "PrimitiveType: void [7279,7283]"
        },
        {
          "type": "insert-node",
          "from": "",
          "to": "SimpleName: processSingleHyphen [7284,7303]"
        },
        {
          "type": "insert-tree",
          "from": "",
          "to": "SingleVariableDeclaration [7304,7317]"
        },
        {
          "type": "insert-node",
          "from": "",
          "to": "Block [7323,7358]"
        },
        {
          "type": "move-tree",
          "from": "",
          "to": ""
        },
        {
          "type": "insert-node",
          "from": "",
          "to": "SimpleName: hyphen [7344,7350]"
        },
        {
          "type": "insert-node",
          "from": "",
          "to": "ExpressionStatement [4959,4986]"
        },
        {
          "type": "insert-node",
          "from": "",
          "to": "MethodInvocation [4959,4985]"
        },
        {
          "type": "insert-node",
          "from": "",
          "to": "SimpleName: processSingleHyphen [4959,4978]"
        },
        {
          "type": "insert-node",
          "from": "",
          "to": "METHOD_INVOCATION_ARGUMENTS [4979,4984]"
        },
        {
          "type": "move-tree",
          "from": "",
          "to": ""
        },
        {
          "type": "delete-tree",
          "from": "ExpressionStatement [8099,8117]",
          "to": ""
        }
      ]
    }
  ],
  "fixing_type": {
    "add_classes": {
      "qualified_names": [],
      "num": 0
    },
    "delete_classes": {
      "qualified_names": [],
      "num": 0
    },
    "add_functions": {
      "qualified_names": [
        "org.apache.commons.cli.PosixParser:processSingleHyphen:[String hyphen]:void"
      ],
      "num": 1
    },
    "delete_functions": {
      "qualified_names": [
        "org.apache.commons.cli.PosixParser:process:[String value]:void"
      ],
      "num": 1
    }
  }
}