{
  "logger": {
    "currentLogLevel": 20,
    "name": "root.bean.benchmarks.Defects4JBug"
  },
  "d4jCmd": "/home/liumengjiao/Desktop/defects4j/framework/bin/defects4j",
  "dataDir": "data/changesInfo/",
  "properties": {
    "trigger.tests": "com.fasterxml.jackson.databind.type.TestTypeFactory::testCanonicalNames",
    "test.dir": "src/test/java",
    "clz.modified": "com.fasterxml.jackson.databind.type.ReferenceType",
    "src.dir": "src/main/java"
  },
  "timeoutSecond": 100,
  "proj": "JacksonDatabind",
  "id": "99",
  "workingDir": "../bugs/JacksonDatabind_99_tmp",
  "bug_name": "JacksonDatabind_99",
  "derive": "defects4j",
  "trigger_tests": [
    {
      "test_class": "com.fasterxml.jackson.databind.type.TestTypeFactory",
      "test_function": "testCanonicalNames",
      "assertion_line": "238",
      "exception": "junit.framework.ComparisonFailure",
      "message": "expected:\u003c...rence\u003cjava.lang.Long[\u003e]\u003e but was:\u003c...rence\u003cjava.lang.Long[]\u003e"
    }
  ],
  "fixing_changes": [
    {
      "changed_type": "UPDATE",
      "changed_class": [
        "src/main/java/com/fasterxml/jackson/databind/type/ReferenceType.java",
        "src/main/java/com/fasterxml/jackson/databind/type/ReferenceType.java"
      ],
      "changed_functions": [
        {
          "qualified_names": [
            "com.fasterxml.jackson.databind.type.ReferenceType:buildCanonicalName:[]:String"
          ],
          "num": 1
        },
        {
          "qualified_names": [
            "com.fasterxml.jackson.databind.type.ReferenceType:buildCanonicalName:[]:String"
          ],
          "num": 1
        }
      ],
      "changed_lines": [
        {
          "qualified_names": [
            "169"
          ],
          "num": 1
        },
        {
          "qualified_names": [
            "168"
          ],
          "num": 1
        }
      ],
      "diff": "diff --git a/src/main/java/com/fasterxml/jackson/databind/type/ReferenceType.java b/src/main/java/com/fasterxml/jackson/databind/type/ReferenceType.java\nindex e8c6962..4add34e 100644\n--- a/src/main/java/com/fasterxml/jackson/databind/type/ReferenceType.java\n+++ b/src/main/java/com/fasterxml/jackson/databind/type/ReferenceType.java\n@@ -166,7 +166,6 @@\n         sb.append(_class.getName());\n         sb.append(\u0027\u003c\u0027);\n         sb.append(_referencedType.toCanonical());\n-        sb.append(\u0027\u003e\u0027);\n         return sb.toString();\n     }\n \n",
      "operations": [
        {
          "type": "delete-tree",
          "from": "ExpressionStatement [6023,6038]",
          "to": ""
        }
      ]
    }
  ],
  "fixing_type": {
    "add_classes": {
      "qualified_names": [],
      "num": 0
    },
    "delete_classes": {
      "qualified_names": [],
      "num": 0
    },
    "add_functions": {
      "qualified_names": [],
      "num": 0
    },
    "delete_functions": {
      "qualified_names": [],
      "num": 0
    }
  }
}