{
  "logger": {
    "currentLogLevel": 20,
    "name": "root.bean.benchmarks.Defects4JBug"
  },
  "d4jCmd": "/home/liumengjiao/Desktop/defects4j/framework/bin/defects4j",
  "dataDir": "data/changesInfo/",
  "properties": {
    "trigger.tests": "org.jsoup.parser.HtmlParserTest::convertsImageToImg",
    "test.dir": "src/test/java",
    "clz.modified": "org.jsoup.parser.HtmlTreeBuilderState",
    "src.dir": "src/main/java"
  },
  "timeoutSecond": 100,
  "proj": "Jsoup",
  "id": "38",
  "workingDir": "../bugs/Jsoup_38_tmp",
  "bug_name": "Jsoup_38",
  "derive": "defects4j",
  "trigger_tests": [
    {
      "test_class": "org.jsoup.parser.HtmlParserTest",
      "test_function": "convertsImageToImg",
      "assertion_line": "807",
      "exception": "junit.framework.AssertionFailedError",
      "message": "expected:\u003c\u003cimg /\u003e"
    }
  ],
  "fixing_changes": [
    {
      "changed_type": "UPDATE",
      "changed_class": [
        "src/main/java/org/jsoup/parser/HtmlTreeBuilderState.java",
        "src/main/java/org/jsoup/parser/HtmlTreeBuilderState.java"
      ],
      "changed_functions": [
        {
          "qualified_names": [],
          "num": 0
        },
        {
          "qualified_names": [],
          "num": 0
        }
      ],
      "changed_lines": [
        {
          "qualified_names": [
            "455",
            "457",
            "458"
          ],
          "num": 3
        },
        {
          "qualified_names": [
            "454"
          ],
          "num": 1
        }
      ],
      "diff": "diff --git a/src/main/java/org/jsoup/parser/HtmlTreeBuilderState.java b/src/main/java/org/jsoup/parser/HtmlTreeBuilderState.java\nindex 2df4323..b012f20 100644\n--- a/src/main/java/org/jsoup/parser/HtmlTreeBuilderState.java\n+++ b/src/main/java/org/jsoup/parser/HtmlTreeBuilderState.java\n@@ -452,10 +452,7 @@\n                         tb.insertEmpty(startTag);\n                         tb.framesetOk(false);\n                     } else if (name.equals(\"image\")) {\n-                        if (tb.getFromStack(\"svg\") \u003d\u003d null)\n                             return tb.process(startTag.name(\"img\")); // change \u003cimage\u003e to \u003cimg\u003e, unless in svg\n-                        else\n-                            tb.insert(startTag);\n                     } else if (name.equals(\"isindex\")) {\n                         // how much do we care about the early 90s?\n                         tb.error(this);\n",
      "operations": [
        {
          "type": "move-tree",
          "from": "",
          "to": ""
        },
        {
          "type": "delete-tree",
          "from": "InfixExpression [21000,21030]",
          "to": ""
        },
        {
          "type": "delete-tree",
          "from": "ExpressionStatement [21200,21220]",
          "to": ""
        },
        {
          "type": "delete-node",
          "from": "IfStatement [20996,21220]",
          "to": ""
        }
      ]
    }
  ],
  "fixing_type": {
    "add_classes": {
      "qualified_names": [],
      "num": 0
    },
    "delete_classes": {
      "qualified_names": [],
      "num": 0
    },
    "add_functions": {
      "qualified_names": [],
      "num": 0
    },
    "delete_functions": {
      "qualified_names": [],
      "num": 0
    }
  }
}