{
  "logger": {
    "currentLogLevel": 20,
    "name": "root.bean.benchmarks.Defects4JBug"
  },
  "d4jCmd": "/home/liumengjiao/Desktop/defects4j/framework/bin/defects4j",
  "dataDir": "data/changesInfo/",
  "properties": {
    "trigger.tests": "com.fasterxml.jackson.databind.creators.InnerClassCreatorTest::testIssue1501",
    "test.dir": "src/test/java",
    "clz.modified": "com.fasterxml.jackson.databind.deser.impl.InnerClassProperty",
    "src.dir": "src/main/java"
  },
  "timeoutSecond": 100,
  "proj": "JacksonDatabind",
  "id": "72",
  "workingDir": "../bugs/JacksonDatabind_72_tmp",
  "bug_name": "JacksonDatabind_72",
  "derive": "defects4j",
  "trigger_tests": [
    {
      "test_class": "com.fasterxml.jackson.databind.creators.InnerClassCreatorTest",
      "test_function": "testIssue1501",
      "assertion_line": "30",
      "exception": "java.lang.IllegalStateException",
      "message": "Internal error: no creator index for property \u0027a\u0027 (of type com.fasterxml.jackson.databind.deser.impl.InnerClassProperty)"
    }
  ],
  "fixing_changes": [
    {
      "changed_type": "UPDATE",
      "changed_class": [
        "src/main/java/com/fasterxml/jackson/databind/deser/impl/InnerClassProperty.java",
        "src/main/java/com/fasterxml/jackson/databind/deser/impl/InnerClassProperty.java"
      ],
      "changed_functions": [
        {
          "qualified_names": [
            "com.fasterxml.jackson.databind.deser.impl.InnerClassProperty:getCreatorIndex:[]:int"
          ],
          "num": 1
        },
        {
          "qualified_names": [],
          "num": 0
        }
      ],
      "changed_lines": [
        {
          "qualified_names": [
            "93",
            "94",
            "169"
          ],
          "num": 3
        },
        {
          "qualified_names": [
            "92",
            "170"
          ],
          "num": 2
        }
      ],
      "diff": "diff --git a/src/main/java/com/fasterxml/jackson/databind/deser/impl/InnerClassProperty.java b/src/main/java/com/fasterxml/jackson/databind/deser/impl/InnerClassProperty.java\nindex 4a9ca99..021a3cf 100644\n--- a/src/main/java/com/fasterxml/jackson/databind/deser/impl/InnerClassProperty.java\n+++ b/src/main/java/com/fasterxml/jackson/databind/deser/impl/InnerClassProperty.java\n@@ -90,8 +90,6 @@\n     @Override\n     public int getPropertyIndex() { return _delegate.getPropertyIndex(); }\n \n-    @Override\n-    public int getCreatorIndex() { return _delegate.getCreatorIndex(); }\n     \n     // // // BeanProperty impl\n     \n@@ -166,4 +164,4 @@\n         }\n         return new InnerClassProperty(this, new AnnotatedConstructor(null, _creator, null, null));\n     }\n-}\n\\ No newline at end of file\n+}\n",
      "operations": [
        {
          "type": "delete-tree",
          "from": "MethodDeclaration [2928,3010]",
          "to": ""
        }
      ]
    }
  ],
  "fixing_type": {
    "add_classes": {
      "qualified_names": [],
      "num": 0
    },
    "delete_classes": {
      "qualified_names": [],
      "num": 0
    },
    "add_functions": {
      "qualified_names": [],
      "num": 0
    },
    "delete_functions": {
      "qualified_names": [
        "com.fasterxml.jackson.databind.deser.impl.InnerClassProperty:getCreatorIndex:[]:int"
      ],
      "num": 1
    }
  }
}