{
  "logger": {
    "currentLogLevel": 20,
    "name": "root.bean.benchmarks.Defects4JBug"
  },
  "d4jCmd": "/home/liumengjiao/Desktop/defects4j/framework/bin/defects4j",
  "dataDir": "data/changesInfo/",
  "properties": {
    "trigger.tests": "org.apache.commons.cli.bug.BugCLI162Test::testLongLineChunkingIndentIgnored",
    "test.dir": "src/test",
    "clz.modified": "org.apache.commons.cli.HelpFormatter",
    "src.dir": "src/java"
  },
  "timeoutSecond": 100,
  "proj": "Cli",
  "id": "24",
  "workingDir": "../bugs/Cli_24_tmp",
  "bug_name": "Cli_24",
  "derive": "defects4j",
  "trigger_tests": [
    {
      "test_class": "org.apache.commons.cli.bug.BugCLI162Test",
      "test_function": "testLongLineChunkingIndentIgnored",
      "assertion_line": "269",
      "exception": "java.lang.IllegalStateException",
      "message": "Total width is less than the width of the argument and indent - no room for the description"
    }
  ],
  "fixing_changes": [
    {
      "changed_type": "UPDATE",
      "changed_class": [
        "src/java/org/apache/commons/cli/HelpFormatter.java",
        "src/java/org/apache/commons/cli/HelpFormatter.java"
      ],
      "changed_functions": [
        {
          "qualified_names": [
            "org.apache.commons.cli.HelpFormatter:renderWrappedText:[StringBuffer sb, int width, int nextLineTabStop, String text]:StringBuffer"
          ],
          "num": 1
        },
        {
          "qualified_names": [
            "org.apache.commons.cli.HelpFormatter:renderWrappedText:[StringBuffer sb, int width, int nextLineTabStop, String text]:StringBuffer"
          ],
          "num": 1
        }
      ],
      "changed_lines": [
        {
          "qualified_names": [
            "825"
          ],
          "num": 1
        },
        {
          "qualified_names": [
            "825",
            "826"
          ],
          "num": 2
        }
      ],
      "diff": "diff --git a/src/java/org/apache/commons/cli/HelpFormatter.java b/src/java/org/apache/commons/cli/HelpFormatter.java\nindex 028ff5c..9993a07 100644\n--- a/src/java/org/apache/commons/cli/HelpFormatter.java\n+++ b/src/java/org/apache/commons/cli/HelpFormatter.java\n@@ -822,7 +822,8 @@\n         if (nextLineTabStop \u003e\u003d width)\n         {\n             // stops infinite loop happening\n-            nextLineTabStop \u003d width - 1;\n+            throw new IllegalStateException(\"Total width is less than the width of the argument and indent \" + \n+                                            \"- no room for the description\");\n         }\n \n         // all following lines must be padded with nextLineTabStop space \n",
      "operations": [
        {
          "type": "insert-tree",
          "from": "",
          "to": "ThrowStatement [25356,25533]"
        },
        {
          "type": "delete-tree",
          "from": "ExpressionStatement [25356,25384]",
          "to": ""
        }
      ]
    }
  ],
  "fixing_type": {
    "add_classes": {
      "qualified_names": [],
      "num": 0
    },
    "delete_classes": {
      "qualified_names": [],
      "num": 0
    },
    "add_functions": {
      "qualified_names": [],
      "num": 0
    },
    "delete_functions": {
      "qualified_names": [],
      "num": 0
    }
  }
}