{
  "logger": {
    "currentLogLevel": 20,
    "name": "root.bean.benchmarks.Defects4JBug"
  },
  "d4jCmd": "/home/liumengjiao/Desktop/defects4j/framework/bin/defects4j",
  "dataDir": "data/changesInfo/",
  "properties": {
    "trigger.tests": "org.apache.commons.cli.HelpFormatterTest::testPrintOptionWithEmptyArgNameUsage",
    "test.dir": "src/test",
    "clz.modified": "org.apache.commons.cli.HelpFormatter",
    "src.dir": "src/java"
  },
  "timeoutSecond": 100,
  "proj": "Cli",
  "id": "11",
  "workingDir": "../bugs/Cli_11_tmp",
  "bug_name": "Cli_11",
  "derive": "defects4j",
  "trigger_tests": [
    {
      "test_class": "org.apache.commons.cli.HelpFormatterTest",
      "test_function": "testPrintOptionWithEmptyArgNameUsage",
      "assertion_line": "273",
      "exception": "junit.framework.ComparisonFailure",
      "message": "expected:\u003cusage: app -f[]"
    }
  ],
  "fixing_changes": [
    {
      "changed_type": "UPDATE",
      "changed_class": [
        "src/java/org/apache/commons/cli/HelpFormatter.java",
        "src/java/org/apache/commons/cli/HelpFormatter.java"
      ],
      "changed_functions": [
        {
          "qualified_names": [
            "org.apache.commons.cli.HelpFormatter:appendOption:[final StringBuffer buff, final Option option, final boolean required]:void"
          ],
          "num": 1
        },
        {
          "qualified_names": [
            "org.apache.commons.cli.HelpFormatter:appendOption:[final StringBuffer buff, final Option option, final boolean required]:void"
          ],
          "num": 1
        }
      ],
      "changed_lines": [
        {
          "qualified_names": [
            "632"
          ],
          "num": 1
        },
        {
          "qualified_names": [
            "632"
          ],
          "num": 1
        }
      ],
      "diff": "diff --git a/src/java/org/apache/commons/cli/HelpFormatter.java b/src/java/org/apache/commons/cli/HelpFormatter.java\nindex 9a841fd..183cae3 100644\n--- a/src/java/org/apache/commons/cli/HelpFormatter.java\n+++ b/src/java/org/apache/commons/cli/HelpFormatter.java\n@@ -629,7 +629,7 @@\n         }\n \n         // if the Option has a value\n-        if (option.hasArg() \u0026\u0026 option.hasArgName())\n+        if (option.hasArg() \u0026\u0026 (option.getArgName() !\u003d null))\n         {\n             buff.append(\" \u003c\").append(option.getArgName()).append(\"\u003e\");\n         }\n",
      "operations": [
        {
          "type": "insert-node",
          "from": "",
          "to": "ParenthesizedExpression [19065,19094]"
        },
        {
          "type": "insert-node",
          "from": "",
          "to": "InfixExpression [19066,19093]"
        },
        {
          "type": "move-tree",
          "from": "",
          "to": ""
        },
        {
          "type": "insert-node",
          "from": "",
          "to": "INFIX_EXPRESSION_OPERATOR: !\u003d [19086,19088]"
        },
        {
          "type": "insert-node",
          "from": "",
          "to": "NullLiteral [19089,19093]"
        },
        {
          "type": "update-node",
          "from": "",
          "to": ""
        }
      ]
    }
  ],
  "fixing_type": {
    "add_classes": {
      "qualified_names": [],
      "num": 0
    },
    "delete_classes": {
      "qualified_names": [],
      "num": 0
    },
    "add_functions": {
      "qualified_names": [],
      "num": 0
    },
    "delete_functions": {
      "qualified_names": [],
      "num": 0
    }
  }
}