{
  "logger": {
    "currentLogLevel": 20,
    "name": "root.bean.benchmarks.Defects4JBug"
  },
  "d4jCmd": "/home/liumengjiao/Desktop/defects4j/framework/bin/defects4j",
  "dataDir": "data/changesInfo/",
  "properties": {
    "trigger.tests": "org.jsoup.parser.ParserTest::handlesDataOnlyTags",
    "test.dir": "src/test/java",
    "clz.modified": "org.jsoup.parser.TreeBuilderState",
    "src.dir": "src/main/java"
  },
  "timeoutSecond": 100,
  "proj": "Jsoup",
  "id": "15",
  "workingDir": "../bugs/Jsoup_15_tmp",
  "bug_name": "Jsoup_15",
  "derive": "defects4j",
  "trigger_tests": [
    {
      "test_class": "org.jsoup.parser.ParserTest",
      "test_function": "handlesDataOnlyTags",
      "assertion_line": "163",
      "exception": "junit.framework.AssertionFailedError",
      "message": "expected:\u003cHello []There\u003e but was:\u003cHello [\u0027); i++; ]There\u003e"
    }
  ],
  "fixing_changes": [
    {
      "changed_type": "UPDATE",
      "changed_class": [
        "src/main/java/org/jsoup/parser/TreeBuilderState.java",
        "src/main/java/org/jsoup/parser/TreeBuilderState.java"
      ],
      "changed_functions": [
        {
          "qualified_names": [],
          "num": 0
        },
        {
          "qualified_names": [],
          "num": 0
        }
      ],
      "changed_lines": [
        {
          "qualified_names": [
            "283"
          ],
          "num": 1
        },
        {
          "qualified_names": [
            "283"
          ],
          "num": 1
        }
      ],
      "diff": "diff --git a/src/main/java/org/jsoup/parser/TreeBuilderState.java b/src/main/java/org/jsoup/parser/TreeBuilderState.java\nindex 4ae01e1..e82eed5 100644\n--- a/src/main/java/org/jsoup/parser/TreeBuilderState.java\n+++ b/src/main/java/org/jsoup/parser/TreeBuilderState.java\n@@ -280,7 +280,7 @@\n                             if (!html.hasAttr(attribute.getKey()))\n                                 html.attributes().put(attribute);\n                         }\n-                    } else if (StringUtil.in(name, \"base\", \"basefont\", \"bgsound\", \"command\", \"link\", \"meta\", \"noframes\", \"script\", \"style\", \"title\")) {\n+                    } else if (StringUtil.in(name, \"base\", \"basefont\", \"bgsound\", \"command\", \"link\", \"meta\", \"noframes\", \"style\", \"title\")) {\n                         return tb.process(t, InHead);\n                     } else if (name.equals(\"body\")) {\n                         tb.error(this);\n",
      "operations": [
        {
          "type": "delete-node",
          "from": "StringLiteral: \"script\" [11723,11731]",
          "to": ""
        }
      ]
    }
  ],
  "fixing_type": {
    "add_classes": {
      "qualified_names": [],
      "num": 0
    },
    "delete_classes": {
      "qualified_names": [],
      "num": 0
    },
    "add_functions": {
      "qualified_names": [],
      "num": 0
    },
    "delete_functions": {
      "qualified_names": [],
      "num": 0
    }
  }
}