{
  "logger": {
    "currentLogLevel": 20,
    "name": "root.bean.benchmarks.Defects4JBug"
  },
  "d4jCmd": "/home/liumengjiao/Desktop/defects4j/framework/bin/defects4j",
  "dataDir": "data/changesInfo/",
  "properties": {
    "trigger.tests": "org.apache.commons.jxpath.ri.compiler.CoreOperationTest::testEmptyNodeSetOperations",
    "test.dir": "src/test",
    "clz.modified": "org.apache.commons.jxpath.ri.compiler.CoreOperationRelationalExpression",
    "src.dir": "src/java"
  },
  "timeoutSecond": 100,
  "proj": "JxPath",
  "id": "10",
  "workingDir": "../bugs/JxPath_10_tmp",
  "bug_name": "JxPath_10",
  "derive": "defects4j",
  "trigger_tests": [
    {
      "test_class": "org.apache.commons.jxpath.ri.compiler.CoreOperationTest",
      "test_function": "testEmptyNodeSetOperations",
      "assertion_line": "120",
      "exception": "junit.framework.AssertionFailedError",
      "message": "Evaluating \u003c/idonotexist \u003e\u003d 0\u003e expected:\u003cfalse\u003e but was:\u003ctrue\u003e"
    }
  ],
  "fixing_changes": [
    {
      "changed_type": "UPDATE",
      "changed_class": [
        "src/java/org/apache/commons/jxpath/ri/compiler/CoreOperationRelationalExpression.java",
        "src/java/org/apache/commons/jxpath/ri/compiler/CoreOperationRelationalExpression.java"
      ],
      "changed_functions": [
        {
          "qualified_names": [
            "org.apache.commons.jxpath.ri.compiler.CoreOperationRelationalExpression:computeValue:[EvalContext context]:Object"
          ],
          "num": 1
        },
        {
          "qualified_names": [
            "org.apache.commons.jxpath.ri.compiler.CoreOperationRelationalExpression:computeValue:[EvalContext context]:Object"
          ],
          "num": 1
        }
      ],
      "changed_lines": [
        {
          "qualified_names": [
            "42"
          ],
          "num": 1
        },
        {
          "qualified_names": [
            "42"
          ],
          "num": 1
        }
      ],
      "diff": "diff --git a/src/java/org/apache/commons/jxpath/ri/compiler/CoreOperationRelationalExpression.java b/src/java/org/apache/commons/jxpath/ri/compiler/CoreOperationRelationalExpression.java\nindex a09afa8..b968cd5 100644\n--- a/src/java/org/apache/commons/jxpath/ri/compiler/CoreOperationRelationalExpression.java\n+++ b/src/java/org/apache/commons/jxpath/ri/compiler/CoreOperationRelationalExpression.java\n@@ -39,7 +39,7 @@\n     }\n \n     public final Object computeValue(EvalContext context) {\n-        return compute(args[0].compute(context), args[1].compute(context))\n+        return compute(args[0].computeValue(context), args[1].computeValue(context)) \n                 ? Boolean.TRUE : Boolean.FALSE;\n     }\n \n",
      "operations": [
        {
          "type": "update-node",
          "from": "",
          "to": ""
        },
        {
          "type": "update-node",
          "from": "",
          "to": ""
        }
      ]
    }
  ],
  "fixing_type": {
    "add_classes": {
      "qualified_names": [],
      "num": 0
    },
    "delete_classes": {
      "qualified_names": [],
      "num": 0
    },
    "add_functions": {
      "qualified_names": [],
      "num": 0
    },
    "delete_functions": {
      "qualified_names": [],
      "num": 0
    }
  }
}