{
  "logger": {
    "currentLogLevel": 20,
    "name": "root.bean.benchmarks.Defects4JBug"
  },
  "d4jCmd": "/home/liumengjiao/Desktop/defects4j/framework/bin/defects4j",
  "dataDir": "data/changesInfo/",
  "properties": {
    "trigger.tests": "com.google.gson.internal.bind.RecursiveTypesResolveTest::testRecursiveTypeVariablesResolve12,com.google.gson.internal.bind.RecursiveTypesResolveTest::testRecursiveTypeVariablesResolve1",
    "test.dir": "gson/src/test/java",
    "clz.modified": "com.google.gson.internal.$Gson$Types",
    "src.dir": "gson/src/main/java"
  },
  "timeoutSecond": 100,
  "proj": "Gson",
  "id": "16",
  "workingDir": "../bugs/Gson_16_tmp",
  "bug_name": "Gson_16",
  "derive": "defects4j",
  "trigger_tests": [
    {
      "test_class": "com.google.gson.internal.bind.RecursiveTypesResolveTest",
      "test_function": "testRecursiveTypeVariablesResolve12",
      "exception": "java.lang.StackOverflowError",
      "message": ""
    }
  ],
  "fixing_changes": [
    {
      "changed_type": "UPDATE",
      "changed_class": [
        "gson/src/main/java/com/google/gson/internal/$Gson$Types.java",
        "gson/src/main/java/com/google/gson/internal/$Gson$Types.java"
      ],
      "changed_functions": [
        {
          "qualified_names": [
            "com.google.gson.internal.$Gson$Types:resolve:[Type context, Class\u003c?\u003e contextRawType, Type toResolve, Collection\u003cTypeVariable\u003e visitedTypeVariables]:Type"
          ],
          "num": 1
        },
        {
          "qualified_names": [
            "com.google.gson.internal.$Gson$Types:resolve:[Type context, Class\u003c?\u003e contextRawType, Type toResolve, Collection\u003cTypeVariable\u003e visitedTypeVariables]:Type"
          ],
          "num": 1
        }
      ],
      "changed_lines": [
        {
          "qualified_names": [
            "342",
            "344",
            "345",
            "346",
            "347"
          ],
          "num": 5
        },
        {
          "qualified_names": [
            "341"
          ],
          "num": 1
        }
      ],
      "diff": "diff --git a/gson/src/main/java/com/google/gson/internal/$Gson$Types.java b/gson/src/main/java/com/google/gson/internal/$Gson$Types.java\nindex f66ac15..17ed0ff 100644\n--- a/gson/src/main/java/com/google/gson/internal/$Gson$Types.java\n+++ b/gson/src/main/java/com/google/gson/internal/$Gson$Types.java\n@@ -339,12 +339,7 @@\n     while (true) {\n       if (toResolve instanceof TypeVariable) {\n         TypeVariable\u003c?\u003e typeVariable \u003d (TypeVariable\u003c?\u003e) toResolve;\n-        if (visitedTypeVariables.contains(typeVariable)) {\n           // cannot reduce due to infinite recursion\n-          return toResolve;\n-        } else {\n-          visitedTypeVariables.add(typeVariable);\n-        }\n         toResolve \u003d resolveTypeVariable(context, contextRawType, typeVariable);\n         if (toResolve \u003d\u003d typeVariable) {\n           return toResolve;\n",
      "operations": [
        {
          "type": "delete-tree",
          "from": "IfStatement [12466,12674]",
          "to": ""
        }
      ]
    }
  ],
  "fixing_type": {
    "add_classes": {
      "qualified_names": [],
      "num": 0
    },
    "delete_classes": {
      "qualified_names": [],
      "num": 0
    },
    "add_functions": {
      "qualified_names": [],
      "num": 0
    },
    "delete_functions": {
      "qualified_names": [],
      "num": 0
    }
  }
}