{
  "logger": {
    "currentLogLevel": 20,
    "name": "root.bean.benchmarks.Defects4JBug"
  },
  "d4jCmd": "/home/liumengjiao/Desktop/defects4j/framework/bin/defects4j",
  "dataDir": "data/changesInfo/",
  "properties": {
    "trigger.tests": "org.jsoup.parser.HtmlParserTest::fallbackToUtfIfCantEncode",
    "test.dir": "src/test/java",
    "clz.modified": "org.jsoup.helper.DataUtil",
    "src.dir": "src/main/java"
  },
  "timeoutSecond": 100,
  "proj": "Jsoup",
  "id": "82",
  "workingDir": "../bugs/Jsoup_82_tmp",
  "bug_name": "Jsoup_82",
  "derive": "defects4j",
  "trigger_tests": [
    {
      "test_class": "org.jsoup.parser.HtmlParserTest",
      "test_function": "fallbackToUtfIfCantEncode",
      "assertion_line": "1207",
      "exception": "junit.framework.AssertionFailedError",
      "message": "expected:\u003c[UTF-8]\u003e but was:\u003c[ISO-2022-CN]\u003e"
    }
  ],
  "fixing_changes": [
    {
      "changed_type": "UPDATE",
      "changed_class": [
        "src/main/java/org/jsoup/helper/DataUtil.java",
        "src/main/java/org/jsoup/helper/DataUtil.java"
      ],
      "changed_functions": [
        {
          "qualified_names": [
            "org.jsoup.helper.DataUtil:parseInputStream:[InputStream input, String charsetName, String baseUri, Parser parser]:Document"
          ],
          "num": 1
        },
        {
          "qualified_names": [
            "org.jsoup.helper.DataUtil:parseInputStream:[InputStream input, String charsetName, String baseUri, Parser parser]:Document"
          ],
          "num": 1
        }
      ],
      "changed_lines": [
        {
          "qualified_names": [
            "171",
            "173",
            "174"
          ],
          "num": 3
        },
        {
          "qualified_names": [
            "170"
          ],
          "num": 1
        }
      ],
      "diff": "diff --git a/src/main/java/org/jsoup/helper/DataUtil.java b/src/main/java/org/jsoup/helper/DataUtil.java\nindex f4012fc..dc12cb3 100644\n--- a/src/main/java/org/jsoup/helper/DataUtil.java\n+++ b/src/main/java/org/jsoup/helper/DataUtil.java\n@@ -168,10 +168,7 @@\n             }\n             Charset charset \u003d Charset.forName(charsetName);\n             doc.outputSettings().charset(charset);\n-            if (!charset.canEncode()) {\n                 // some charsets can read but not encode; switch to an encodable charset and update the meta el\n-                doc.charset(Charset.forName(defaultCharset));\n-            }\n         }\n         input.close();\n         return doc;\n",
      "operations": [
        {
          "type": "delete-tree",
          "from": "IfStatement [7570,7785]",
          "to": ""
        }
      ]
    }
  ],
  "fixing_type": {
    "add_classes": {
      "qualified_names": [],
      "num": 0
    },
    "delete_classes": {
      "qualified_names": [],
      "num": 0
    },
    "add_functions": {
      "qualified_names": [],
      "num": 0
    },
    "delete_functions": {
      "qualified_names": [],
      "num": 0
    }
  }
}