{
  "logger": {
    "currentLogLevel": 20,
    "name": "root.bean.benchmarks.Defects4JBug"
  },
  "d4jCmd": "/home/liumengjiao/Desktop/defects4j/framework/bin/defects4j",
  "dataDir": "data/changesInfo/",
  "properties": {
    "trigger.tests": "com.google.gson.DefaultDateTypeAdapterTest::testDateDeserializationISO8601",
    "test.dir": "gson/src/test/java",
    "clz.modified": "com.google.gson.internal.bind.util.ISO8601Utils",
    "src.dir": "gson/src/main/java"
  },
  "timeoutSecond": 100,
  "proj": "Gson",
  "id": "5",
  "workingDir": "../bugs/Gson_5_tmp",
  "bug_name": "Gson_5",
  "derive": "defects4j",
  "trigger_tests": [
    {
      "test_class": "com.google.gson.DefaultDateTypeAdapterTest",
      "test_function": "testDateDeserializationISO8601",
      "assertion_line": "133",
      "exception": "com.google.gson.JsonSyntaxException",
      "message": "1970-01-01T01:00:00+01"
    }
  ],
  "fixing_changes": [
    {
      "changed_type": "UPDATE",
      "changed_class": [
        "gson/src/main/java/com/google/gson/internal/bind/util/ISO8601Utils.java",
        "gson/src/main/java/com/google/gson/internal/bind/util/ISO8601Utils.java"
      ],
      "changed_functions": [
        {
          "qualified_names": [
            "com.google.gson.internal.bind.util.ISO8601Utils:parse:[String date, ParsePosition pos]:Date"
          ],
          "num": 1
        },
        {
          "qualified_names": [
            "com.google.gson.internal.bind.util.ISO8601Utils:parse:[String date, ParsePosition pos]:Date"
          ],
          "num": 1
        }
      ],
      "changed_lines": [
        {
          "qualified_names": [
            "214"
          ],
          "num": 1
        },
        {
          "qualified_names": [
            "213"
          ],
          "num": 1
        }
      ],
      "diff": "diff --git a/gson/src/main/java/com/google/gson/internal/bind/util/ISO8601Utils.java b/gson/src/main/java/com/google/gson/internal/bind/util/ISO8601Utils.java\nindex c931b09..a326f76 100644\n--- a/gson/src/main/java/com/google/gson/internal/bind/util/ISO8601Utils.java\n+++ b/gson/src/main/java/com/google/gson/internal/bind/util/ISO8601Utils.java\n@@ -211,7 +211,6 @@\n                 String timezoneOffset \u003d date.substring(offset);\n \n                 // When timezone has no minutes, we should append it, valid timezones are, for example: +00:00, +0000 and +00\n-                timezoneOffset \u003d timezoneOffset.length() \u003e\u003d 5 ? timezoneOffset : timezoneOffset + \"00\";\n \n                 offset +\u003d timezoneOffset.length();\n                 // 18-Jun-2015, tatu: Minor simplification, skip offset of \"+0000\"/\"+00:00\"\n",
      "operations": [
        {
          "type": "delete-tree",
          "from": "ExpressionStatement [8560,8647]",
          "to": ""
        }
      ]
    }
  ],
  "fixing_type": {
    "add_classes": {
      "qualified_names": [],
      "num": 0
    },
    "delete_classes": {
      "qualified_names": [],
      "num": 0
    },
    "add_functions": {
      "qualified_names": [],
      "num": 0
    },
    "delete_functions": {
      "qualified_names": [],
      "num": 0
    }
  }
}