{
  "logger": {
    "currentLogLevel": 20,
    "name": "root.bean.benchmarks.Defects4JBug"
  },
  "d4jCmd": "/home/liumengjiao/Desktop/defects4j/framework/bin/defects4j",
  "dataDir": "data/changesInfo/",
  "properties": {
    "trigger.tests": "org.apache.commons.cli.PatternOptionBuilderTest::testSimplePattern",
    "test.dir": "src/test",
    "clz.modified": "org.apache.commons.cli.TypeHandler",
    "src.dir": "src/java"
  },
  "timeoutSecond": 100,
  "proj": "Cli",
  "id": "3",
  "workingDir": "../bugs/Cli_3_tmp",
  "bug_name": "Cli_3",
  "derive": "defects4j",
  "trigger_tests": [
    {
      "test_class": "org.apache.commons.cli.PatternOptionBuilderTest",
      "test_function": "testSimplePattern",
      "assertion_line": "70",
      "exception": "junit.framework.AssertionFailedError",
      "message": "number flag n expected:\u003c4.5\u003e but was:\u003c4.5\u003e"
    }
  ],
  "fixing_changes": [
    {
      "changed_type": "UPDATE",
      "changed_class": [
        "src/java/org/apache/commons/cli/TypeHandler.java",
        "src/java/org/apache/commons/cli/TypeHandler.java"
      ],
      "changed_functions": [
        {
          "qualified_names": [
            "org.apache.commons.cli.TypeHandler:createNumber:[String str]:Number"
          ],
          "num": 1
        },
        {
          "qualified_names": [
            "org.apache.commons.cli.TypeHandler:createNumber:[String str]:Number"
          ],
          "num": 1
        }
      ],
      "changed_lines": [
        {
          "qualified_names": [
            "24",
            "161",
            "162",
            "163",
            "164",
            "165",
            "166",
            "167",
            "168",
            "169",
            "170",
            "171"
          ],
          "num": 12
        },
        {
          "qualified_names": [
            "25",
            "162"
          ],
          "num": 2
        }
      ],
      "diff": "diff --git a/src/java/org/apache/commons/cli/TypeHandler.java b/src/java/org/apache/commons/cli/TypeHandler.java\nindex 0a0aa72..1ddde5b 100644\n--- a/src/java/org/apache/commons/cli/TypeHandler.java\n+++ b/src/java/org/apache/commons/cli/TypeHandler.java\n@@ -22,6 +22,7 @@\n \n import java.util.Date;\n \n+import org.apache.commons.lang.math.NumberUtils;\n /**\n   * This is a temporary implementation. TypeHandler will handle the \n   * pluggableness of OptionTypes and it will direct all of these types \n@@ -158,17 +159,7 @@\n     {\n         try\n         {\n-            if( str !\u003d null )\n-            {\n-                if( str.indexOf(\u0027.\u0027) !\u003d -1 )\n-                {\n-                    return Double.valueOf(str);\n-                }\n-                else\n-                {\n-                    return Long.valueOf(str);\n-                }\n-            }\n+            return NumberUtils.createNumber(str);\n         }\n         catch (NumberFormatException nfe)\n         {\n",
      "operations": [
        {
          "type": "insert-tree",
          "from": "",
          "to": "ImportDeclaration [760,808]"
        },
        {
          "type": "delete-tree",
          "from": "InfixExpression [4522,4533]",
          "to": ""
        },
        {
          "type": "delete-tree",
          "from": "InfixExpression [4570,4592]",
          "to": ""
        },
        {
          "type": "delete-node",
          "from": "Block [4611,4678]",
          "to": ""
        },
        {
          "type": "delete-node",
          "from": "Block [4716,4781]",
          "to": ""
        },
        {
          "type": "delete-node",
          "from": "IfStatement [4566,4781]",
          "to": ""
        },
        {
          "type": "delete-node",
          "from": "Block [4548,4795]",
          "to": ""
        },
        {
          "type": "delete-node",
          "from": "IfStatement [4518,4795]",
          "to": ""
        },
        {
          "type": "multi-move-tree",
          "from": "",
          "to": ""
        },
        {
          "type": "multi-move-tree",
          "from": "",
          "to": ""
        },
        {
          "type": "multi-move-tree",
          "from": "",
          "to": ""
        },
        {
          "type": "multi-move-tree",
          "from": "",
          "to": ""
        },
        {
          "type": "multi-move-tree",
          "from": "",
          "to": ""
        },
        {
          "type": "multi-move-tree",
          "from": "",
          "to": ""
        }
      ]
    }
  ],
  "fixing_type": {
    "add_classes": {
      "qualified_names": [],
      "num": 0
    },
    "delete_classes": {
      "qualified_names": [],
      "num": 0
    },
    "add_functions": {
      "qualified_names": [],
      "num": 0
    },
    "delete_functions": {
      "qualified_names": [],
      "num": 0
    }
  }
}