{
  "logger": {
    "currentLogLevel": 20,
    "name": "root.bean.benchmarks.Defects4JBug"
  },
  "d4jCmd": "/home/liumengjiao/Desktop/defects4j/framework/bin/defects4j",
  "dataDir": "data/changesInfo/",
  "properties": {
    "trigger.tests": "org.apache.commons.cli.BasicParserTest::testPropertyOptionGroup,org.apache.commons.cli.BasicParserTest::testPropertyOptionUnexpected,org.apache.commons.cli.DefaultParserTest::testPropertyOptionGroup,org.apache.commons.cli.DefaultParserTest::testPropertyOptionUnexpected,org.apache.commons.cli.GnuParserTest::testPropertyOptionGroup,org.apache.commons.cli.GnuParserTest::testPropertyOptionUnexpected,org.apache.commons.cli.OptionGroupTest::testTwoOptionsFromGroupWithProperties,org.apache.commons.cli.PosixParserTest::testPropertyOptionGroup,org.apache.commons.cli.PosixParserTest::testPropertyOptionUnexpected",
    "test.dir": "src/test/java",
    "clz.modified": "org.apache.commons.cli.DefaultParser,org.apache.commons.cli.Parser",
    "src.dir": "src/main/java"
  },
  "timeoutSecond": 100,
  "proj": "Cli",
  "id": "30",
  "workingDir": "../bugs/Cli_30_tmp",
  "bug_name": "Cli_30",
  "derive": "defects4j",
  "trigger_tests": [
    {
      "test_class": "org.apache.commons.cli.BasicParserTest",
      "test_function": "testPropertyOptionGroup",
      "exception": "org.apache.commons.cli.AlreadySelectedException",
      "message": "The option \u0027b\u0027 was specified but an option from this group has already been selected: \u0027a\u0027"
    }
  ],
  "fixing_changes": [
    {
      "changed_type": "UPDATE",
      "changed_class": [
        "src/main/java/org/apache/commons/cli/DefaultParser.java",
        "src/main/java/org/apache/commons/cli/DefaultParser.java"
      ],
      "changed_functions": [
        {
          "qualified_names": [
            "org.apache.commons.cli.DefaultParser:handleProperties:[Properties properties]:void"
          ],
          "num": 1
        },
        {
          "qualified_names": [
            "org.apache.commons.cli.DefaultParser:handleProperties:[Properties properties]:void"
          ],
          "num": 1
        }
      ],
      "changed_lines": [
        {
          "qualified_names": [
            "150",
            "151",
            "153",
            "154",
            "157",
            "158",
            "160",
            "161"
          ],
          "num": 8
        },
        {
          "qualified_names": [
            "150",
            "152"
          ],
          "num": 2
        }
      ],
      "diff": "diff --git a/src/main/java/org/apache/commons/cli/DefaultParser.java b/src/main/java/org/apache/commons/cli/DefaultParser.java\nindex 2f957b1..bfea0e4 100644\n--- a/src/main/java/org/apache/commons/cli/DefaultParser.java\n+++ b/src/main/java/org/apache/commons/cli/DefaultParser.java\n@@ -147,18 +147,12 @@\n         {\n             String option \u003d e.nextElement().toString();\n             \n-            Option opt \u003d options.getOption(option);\n-            if (opt \u003d\u003d null)\n+            if (!cmd.hasOption(option))\n             {\n-                throw new UnrecognizedOptionException(\"Default option wasn\u0027t defined\", option);\n-            }\n+                Option opt \u003d options.getOption(option);\n             \n             // if the option is part of a group, check if another option of the group has been selected\n-            OptionGroup group \u003d options.getOptionGroup(opt);\n-            boolean selected \u003d group !\u003d null \u0026\u0026 group.getSelected() !\u003d null;\n             \n-            if (!cmd.hasOption(option) \u0026\u0026 !selected)\n-            {\n                 // get the value from the properties\n                 String value \u003d properties.getProperty(option);\n                 \n",
      "operations": [
        {
          "type": "move-tree",
          "from": "",
          "to": ""
        },
        {
          "type": "move-tree",
          "from": "",
          "to": ""
        },
        {
          "type": "delete-tree",
          "from": "IfStatement [5197,5337]",
          "to": ""
        },
        {
          "type": "delete-tree",
          "from": "VariableDeclarationStatement [5467,5515]",
          "to": ""
        },
        {
          "type": "delete-tree",
          "from": "VariableDeclarationStatement [5528,5592]",
          "to": ""
        },
        {
          "type": "delete-node",
          "from": "INFIX_EXPRESSION_OPERATOR: \u0026\u0026 [5645,5647]",
          "to": ""
        },
        {
          "type": "delete-tree",
          "from": "PrefixExpression [5648,5657]",
          "to": ""
        },
        {
          "type": "delete-node",
          "from": "InfixExpression [5622,5657]",
          "to": ""
        }
      ]
    },
    {
      "changed_type": "UPDATE",
      "changed_class": [
        "src/main/java/org/apache/commons/cli/Parser.java",
        "src/main/java/org/apache/commons/cli/Parser.java"
      ],
      "changed_functions": [
        {
          "qualified_names": [
            "org.apache.commons.cli.Parser:processProperties:[Properties properties]:void"
          ],
          "num": 1
        },
        {
          "qualified_names": [
            "org.apache.commons.cli.Parser:processProperties:[Properties properties]:void"
          ],
          "num": 1
        }
      ],
      "changed_lines": [
        {
          "qualified_names": [
            "263",
            "264",
            "266",
            "267",
            "270",
            "271",
            "273",
            "274"
          ],
          "num": 8
        },
        {
          "qualified_names": [
            "263",
            "265"
          ],
          "num": 2
        }
      ],
      "diff": "diff --git a/src/main/java/org/apache/commons/cli/Parser.java b/src/main/java/org/apache/commons/cli/Parser.java\nindex ba4b6bc..913922d 100644\n--- a/src/main/java/org/apache/commons/cli/Parser.java\n+++ b/src/main/java/org/apache/commons/cli/Parser.java\n@@ -260,18 +260,12 @@\n         {\n             String option \u003d e.nextElement().toString();\n             \n-            Option opt \u003d options.getOption(option);\n-            if (opt \u003d\u003d null)\n+            if (!cmd.hasOption(option))\n             {\n-                throw new UnrecognizedOptionException(\"Default option wasn\u0027t defined\", option);\n-            }\n+                Option opt \u003d getOptions().getOption(option);\n             \n             // if the option is part of a group, check if another option of the group has been selected\n-            OptionGroup group \u003d options.getOptionGroup(opt);\n-            boolean selected \u003d group !\u003d null \u0026\u0026 group.getSelected() !\u003d null;\n             \n-            if (!cmd.hasOption(option) \u0026\u0026 !selected)\n-            {\n                 // get the value from the properties instance\n                 String value \u003d properties.getProperty(option);\n \n",
      "operations": [
        {
          "type": "move-tree",
          "from": "",
          "to": ""
        },
        {
          "type": "move-tree",
          "from": "",
          "to": ""
        },
        {
          "type": "insert-tree",
          "from": "",
          "to": "MethodInvocation [8515,8527]"
        },
        {
          "type": "delete-tree",
          "from": "IfStatement [8496,8636]",
          "to": ""
        },
        {
          "type": "delete-tree",
          "from": "VariableDeclarationStatement [8766,8814]",
          "to": ""
        },
        {
          "type": "delete-tree",
          "from": "VariableDeclarationStatement [8827,8891]",
          "to": ""
        },
        {
          "type": "delete-node",
          "from": "INFIX_EXPRESSION_OPERATOR: \u0026\u0026 [8944,8946]",
          "to": ""
        },
        {
          "type": "delete-tree",
          "from": "PrefixExpression [8947,8956]",
          "to": ""
        },
        {
          "type": "delete-node",
          "from": "InfixExpression [8921,8956]",
          "to": ""
        },
        {
          "type": "delete-node",
          "from": "SimpleName: options [8457,8464]",
          "to": ""
        }
      ]
    }
  ],
  "fixing_type": {
    "add_classes": {
      "qualified_names": [],
      "num": 0
    },
    "delete_classes": {
      "qualified_names": [],
      "num": 0
    },
    "add_functions": {
      "qualified_names": [],
      "num": 0
    },
    "delete_functions": {
      "qualified_names": [],
      "num": 0
    }
  }
}