{
  "logger": {
    "currentLogLevel": 20,
    "name": "root.bean.benchmarks.Defects4JBug"
  },
  "d4jCmd": "/home/liumengjiao/Desktop/defects4j/framework/bin/defects4j",
  "dataDir": "data/changesInfo/",
  "properties": {
    "trigger.tests": "org.jsoup.parser.XmlTreeBuilderTest::normalizesDiscordantTags",
    "test.dir": "src/test/java",
    "clz.modified": "org.jsoup.parser.XmlTreeBuilder",
    "src.dir": "src/main/java"
  },
  "timeoutSecond": 100,
  "proj": "Jsoup",
  "id": "77",
  "workingDir": "../bugs/Jsoup_77_tmp",
  "bug_name": "Jsoup_77",
  "derive": "defects4j",
  "trigger_tests": [
    {
      "test_class": "org.jsoup.parser.XmlTreeBuilderTest",
      "test_function": "normalizesDiscordantTags",
      "assertion_line": "197",
      "exception": "junit.framework.AssertionFailedError",
      "message": "expected:\u003c\u003cdiv\u003e"
    }
  ],
  "fixing_changes": [
    {
      "changed_type": "UPDATE",
      "changed_class": [
        "src/main/java/org/jsoup/parser/XmlTreeBuilder.java",
        "src/main/java/org/jsoup/parser/XmlTreeBuilder.java"
      ],
      "changed_functions": [
        {
          "qualified_names": [
            "org.jsoup.parser.XmlTreeBuilder:popStackToClose:[Token.EndTag endTag]:void"
          ],
          "num": 1
        },
        {
          "qualified_names": [
            "org.jsoup.parser.XmlTreeBuilder:popStackToClose:[Token.EndTag endTag]:void"
          ],
          "num": 1
        }
      ],
      "changed_lines": [
        {
          "qualified_names": [
            "117"
          ],
          "num": 1
        },
        {
          "qualified_names": [
            "117"
          ],
          "num": 1
        }
      ],
      "diff": "diff --git a/src/main/java/org/jsoup/parser/XmlTreeBuilder.java b/src/main/java/org/jsoup/parser/XmlTreeBuilder.java\nindex 0851833..65d3045 100644\n--- a/src/main/java/org/jsoup/parser/XmlTreeBuilder.java\n+++ b/src/main/java/org/jsoup/parser/XmlTreeBuilder.java\n@@ -114,7 +114,7 @@\n      * @param endTag tag to close\n      */\n     private void popStackToClose(Token.EndTag endTag) {\n-        String elName \u003d endTag.normalName();\n+        String elName \u003d endTag.name();\n         Element firstFound \u003d null;\n \n         for (int pos \u003d stack.size() -1; pos \u003e\u003d 0; pos--) {\n",
      "operations": [
        {
          "type": "update-node",
          "from": "",
          "to": ""
        }
      ]
    }
  ],
  "fixing_type": {
    "add_classes": {
      "qualified_names": [],
      "num": 0
    },
    "delete_classes": {
      "qualified_names": [],
      "num": 0
    },
    "add_functions": {
      "qualified_names": [],
      "num": 0
    },
    "delete_functions": {
      "qualified_names": [],
      "num": 0
    }
  }
}