{
  "logger": {
    "currentLogLevel": 20,
    "name": "root.bean.benchmarks.Defects4JBug"
  },
  "d4jCmd": "/home/liumengjiao/Desktop/defects4j/framework/bin/defects4j",
  "dataDir": "data/changesInfo/",
  "properties": {
    "trigger.tests": "com.google.javascript.jscomp.TypeCheckTest::testIssue586",
    "test.dir": "test",
    "clz.modified": "com.google.javascript.jscomp.TypedScopeCreator",
    "src.dir": "src"
  },
  "timeoutSecond": 100,
  "proj": "Closure",
  "id": "48",
  "workingDir": "../bugs/Closure_48_tmp",
  "bug_name": "Closure_48",
  "derive": "defects4j",
  "trigger_tests": [
    {
      "test_class": "com.google.javascript.jscomp.TypeCheckTest",
      "test_function": "testIssue586",
      "assertion_line": "5443",
      "exception": "junit.framework.AssertionFailedError",
      "message": "expected a warning"
    }
  ],
  "fixing_changes": [
    {
      "changed_type": "UPDATE",
      "changed_class": [
        "src/com/google/javascript/jscomp/TypedScopeCreator.java",
        "src/com/google/javascript/jscomp/TypedScopeCreator.java"
      ],
      "changed_functions": [
        {
          "qualified_names": [
            "com.google.javascript.jscomp.TypedScopeCreator\\$AbstractScopeBuilder:maybeDeclareQualifiedName:[NodeTraversal t, JSDocInfo info, Node n, Node parent, Node rhsValue]:void"
          ],
          "num": 1
        },
        {
          "qualified_names": [
            "com.google.javascript.jscomp.TypedScopeCreator\\$AbstractScopeBuilder:maybeDeclareQualifiedName:[NodeTraversal t, JSDocInfo info, Node n, Node parent, Node rhsValue]:void"
          ],
          "num": 1
        }
      ],
      "changed_lines": [
        {
          "qualified_names": [
            "1521",
            "1523",
            "1524",
            "1525",
            "1526",
            "1527",
            "1528"
          ],
          "num": 7
        },
        {
          "qualified_names": [
            "1521",
            "1523",
            "1524",
            "1525"
          ],
          "num": 4
        }
      ],
      "diff": "diff --git a/src/com/google/javascript/jscomp/TypedScopeCreator.java b/src/com/google/javascript/jscomp/TypedScopeCreator.java\nindex 09aba12..3fb4813 100644\n--- a/src/com/google/javascript/jscomp/TypedScopeCreator.java\n+++ b/src/com/google/javascript/jscomp/TypedScopeCreator.java\n@@ -1518,14 +1518,11 @@\n             || FunctionTypeBuilder.isFunctionTypeDeclaration(info));\n       }\n \n-      if (inferred \u0026\u0026 rhsValue !\u003d null \u0026\u0026 rhsValue.isFunction()) {\n+      if (inferred) {\n         // Determining declaration for #2\n-        if (info !\u003d null) {\n-          inferred \u003d false;\n-        } else if (!scope.isDeclared(qName, false) \u0026\u0026\n-                   n.isUnscopedQualifiedName()) {\n-          inferred \u003d false;\n-        }\n+        inferred \u003d !(rhsValue !\u003d null \u0026\u0026\n+            rhsValue.isFunction() \u0026\u0026\n+            (info !\u003d null || !scope.isDeclared(qName, false)));\n       }\n \n       if (!inferred) {\n",
      "operations": [
        {
          "type": "insert-node",
          "from": "",
          "to": "SimpleName: inferred [58326,58334]"
        },
        {
          "type": "insert-node",
          "from": "",
          "to": "ExpressionStatement [58388,58521]"
        },
        {
          "type": "insert-node",
          "from": "",
          "to": "Assignment [58388,58520]"
        },
        {
          "type": "move-tree",
          "from": "",
          "to": ""
        },
        {
          "type": "insert-node",
          "from": "",
          "to": "ASSIGNMENT_OPERATOR: \u003d [58397,58398]"
        },
        {
          "type": "insert-node",
          "from": "",
          "to": "PrefixExpression [58399,58520]"
        },
        {
          "type": "insert-node",
          "from": "",
          "to": "PREFIX_EXPRESSION_OPERATOR: ! [58399,58400]"
        },
        {
          "type": "insert-node",
          "from": "",
          "to": "ParenthesizedExpression [58400,58520]"
        },
        {
          "type": "insert-node",
          "from": "",
          "to": "InfixExpression [58401,58519]"
        },
        {
          "type": "move-tree",
          "from": "",
          "to": ""
        },
        {
          "type": "move-tree",
          "from": "",
          "to": ""
        },
        {
          "type": "insert-tree",
          "from": "",
          "to": "ParenthesizedExpression [58470,58519]"
        },
        {
          "type": "move-tree",
          "from": "",
          "to": ""
        },
        {
          "type": "move-tree",
          "from": "",
          "to": ""
        },
        {
          "type": "delete-node",
          "from": "InfixExpression [58326,58379]",
          "to": ""
        },
        {
          "type": "delete-tree",
          "from": "IfStatement [58433,58622]",
          "to": ""
        }
      ]
    }
  ],
  "fixing_type": {
    "add_classes": {
      "qualified_names": [],
      "num": 0
    },
    "delete_classes": {
      "qualified_names": [],
      "num": 0
    },
    "add_functions": {
      "qualified_names": [],
      "num": 0
    },
    "delete_functions": {
      "qualified_names": [],
      "num": 0
    }
  }
}