{
  "logger": {
    "currentLogLevel": 20,
    "name": "root.bean.benchmarks.Defects4JBug"
  },
  "d4jCmd": "/home/liumengjiao/Desktop/defects4j/framework/bin/defects4j",
  "dataDir": "data/changesInfo/",
  "properties": {
    "trigger.tests": "org.apache.commons.compress.compressors.bzip2.BZip2CompressorInputStreamTest::readOfLength0ShouldReturn0",
    "test.dir": "src/test/java",
    "clz.modified": "org.apache.commons.compress.compressors.bzip2.BZip2CompressorInputStream",
    "src.dir": "src/main/java"
  },
  "timeoutSecond": 100,
  "proj": "Compress",
  "id": "30",
  "workingDir": "../bugs/Compress_30_tmp",
  "bug_name": "Compress_30",
  "derive": "defects4j",
  "trigger_tests": [
    {
      "test_class": "org.apache.commons.compress.compressors.bzip2.BZip2CompressorInputStreamTest",
      "test_function": "readOfLength0ShouldReturn0",
      "assertion_line": "67",
      "exception": "junit.framework.AssertionFailedError",
      "message": "expected:\u003c0\u003e but was:\u003c-1\u003e"
    }
  ],
  "fixing_changes": [
    {
      "changed_type": "UPDATE",
      "changed_class": [
        "src/main/java/org/apache/commons/compress/compressors/bzip2/BZip2CompressorInputStream.java",
        "src/main/java/org/apache/commons/compress/compressors/bzip2/BZip2CompressorInputStream.java"
      ],
      "changed_functions": [
        {
          "qualified_names": [
            "org.apache.commons.compress.compressors.bzip2.BZip2CompressorInputStream:read:[final byte[] dest, final int offs, final int len]:int"
          ],
          "num": 1
        },
        {
          "qualified_names": [
            "org.apache.commons.compress.compressors.bzip2.BZip2CompressorInputStream:read:[final byte[] dest, final int offs, final int len]:int"
          ],
          "num": 1
        }
      ],
      "changed_lines": [
        {
          "qualified_names": [
            "168",
            "169",
            "170"
          ],
          "num": 3
        },
        {
          "qualified_names": [
            "167"
          ],
          "num": 1
        }
      ],
      "diff": "diff --git a/src/main/java/org/apache/commons/compress/compressors/bzip2/BZip2CompressorInputStream.java b/src/main/java/org/apache/commons/compress/compressors/bzip2/BZip2CompressorInputStream.java\nindex b32b1f9..e0e3b1e 100644\n--- a/src/main/java/org/apache/commons/compress/compressors/bzip2/BZip2CompressorInputStream.java\n+++ b/src/main/java/org/apache/commons/compress/compressors/bzip2/BZip2CompressorInputStream.java\n@@ -165,9 +165,6 @@\n         if (this.in \u003d\u003d null) {\n             throw new IOException(\"stream closed\");\n         }\n-        if (len \u003d\u003d 0) {\n-            return 0;\n-        }\n \n         final int hi \u003d offs + len;\n         int destOffs \u003d offs;\n",
      "operations": [
        {
          "type": "delete-tree",
          "from": "IfStatement [5510,5557]",
          "to": ""
        }
      ]
    }
  ],
  "fixing_type": {
    "add_classes": {
      "qualified_names": [],
      "num": 0
    },
    "delete_classes": {
      "qualified_names": [],
      "num": 0
    },
    "add_functions": {
      "qualified_names": [],
      "num": 0
    },
    "delete_functions": {
      "qualified_names": [],
      "num": 0
    }
  }
}