{
  "logger": {
    "currentLogLevel": 20,
    "name": "root.bean.benchmarks.Defects4JBug"
  },
  "d4jCmd": "/home/liumengjiao/Desktop/defects4j/framework/bin/defects4j",
  "dataDir": "data/changesInfo/",
  "properties": {
    "trigger.tests": "org.apache.commons.compress.archivers.tar.TarArchiveInputStreamTest::testCompress197",
    "test.dir": "src/test/java",
    "clz.modified": "org.apache.commons.compress.archivers.tar.TarUtils",
    "src.dir": "src/main/java"
  },
  "timeoutSecond": 100,
  "proj": "Compress",
  "id": "17",
  "workingDir": "../bugs/Compress_17_tmp",
  "bug_name": "Compress_17",
  "derive": "defects4j",
  "trigger_tests": [
    {
      "test_class": "org.apache.commons.compress.archivers.tar.TarArchiveInputStreamTest",
      "test_function": "testCompress197",
      "assertion_line": "134",
      "exception": "junit.framework.AssertionFailedError",
      "message": "COMPRESS-197: Error detected parsing the header"
    }
  ],
  "fixing_changes": [
    {
      "changed_type": "UPDATE",
      "changed_class": [
        "src/main/java/org/apache/commons/compress/archivers/tar/TarUtils.java",
        "src/main/java/org/apache/commons/compress/archivers/tar/TarUtils.java"
      ],
      "changed_functions": [
        {
          "qualified_names": [
            "org.apache.commons.compress.archivers.tar.TarUtils:parseOctal:[final byte[] buffer, final int offset, final int length]:long"
          ],
          "num": 1
        },
        {
          "qualified_names": [
            "org.apache.commons.compress.archivers.tar.TarUtils:parseOctal:[final byte[] buffer, final int offset, final int length]:long"
          ],
          "num": 1
        }
      ],
      "changed_lines": [
        {
          "qualified_names": [
            "135",
            "137"
          ],
          "num": 2
        },
        {
          "qualified_names": [
            "135"
          ],
          "num": 1
        }
      ],
      "diff": "diff --git a/src/main/java/org/apache/commons/compress/archivers/tar/TarUtils.java b/src/main/java/org/apache/commons/compress/archivers/tar/TarUtils.java\nindex 0a38336..c553249 100644\n--- a/src/main/java/org/apache/commons/compress/archivers/tar/TarUtils.java\n+++ b/src/main/java/org/apache/commons/compress/archivers/tar/TarUtils.java\n@@ -132,9 +132,8 @@\n         }\n         // May have additional NULs or spaces\n         trailer \u003d buffer[end - 1];\n-        while (start \u003c end - 1 \u0026\u0026 (trailer \u003d\u003d 0 || trailer \u003d\u003d \u0027 \u0027)) {\n+        if (trailer \u003d\u003d 0 || trailer \u003d\u003d \u0027 \u0027){\n             end--;\n-            trailer \u003d buffer[end - 1];\n         }\n \n         for ( ;start \u003c end; start++) {\n",
      "operations": [
        {
          "type": "move-tree",
          "from": "",
          "to": ""
        },
        {
          "type": "delete-tree",
          "from": "InfixExpression [4765,4780]",
          "to": ""
        },
        {
          "type": "delete-node",
          "from": "INFIX_EXPRESSION_OPERATOR: \u0026\u0026 [4781,4783]",
          "to": ""
        },
        {
          "type": "delete-node",
          "from": "ParenthesizedExpression [4784,4816]",
          "to": ""
        },
        {
          "type": "delete-node",
          "from": "InfixExpression [4765,4816]",
          "to": ""
        },
        {
          "type": "delete-tree",
          "from": "ExpressionStatement [4851,4877]",
          "to": ""
        }
      ]
    }
  ],
  "fixing_type": {
    "add_classes": {
      "qualified_names": [],
      "num": 0
    },
    "delete_classes": {
      "qualified_names": [],
      "num": 0
    },
    "add_functions": {
      "qualified_names": [],
      "num": 0
    },
    "delete_functions": {
      "qualified_names": [],
      "num": 0
    }
  }
}