{
  "logger": {
    "currentLogLevel": 20,
    "name": "root.bean.benchmarks.Defects4JBug"
  },
  "d4jCmd": "/home/liumengjiao/Desktop/defects4j/framework/bin/defects4j",
  "dataDir": "data/changesInfo/",
  "properties": {
    "trigger.tests": "com.google.gson.internal.bind.JsonTreeReaderTest::testSkipValue_filledJsonObject,com.google.gson.internal.bind.JsonTreeReaderTest::testSkipValue_emptyJsonObject",
    "test.dir": "gson/src/test/java",
    "clz.modified": "com.google.gson.internal.bind.JsonTreeReader",
    "src.dir": "gson/src/main/java"
  },
  "timeoutSecond": 100,
  "proj": "Gson",
  "id": "12",
  "workingDir": "../bugs/Gson_12_tmp",
  "bug_name": "Gson_12",
  "derive": "defects4j",
  "trigger_tests": [
    {
      "test_class": "com.google.gson.internal.bind.JsonTreeReaderTest",
      "test_function": "testSkipValue_filledJsonObject",
      "assertion_line": "47",
      "exception": "java.lang.ArrayIndexOutOfBoundsException",
      "message": "-1"
    },
    {
      "test_class": "com.google.gson.internal.bind.JsonTreeReaderTest",
      "test_function": "testSkipValue_emptyJsonObject",
      "assertion_line": "29",
      "exception": "java.lang.ArrayIndexOutOfBoundsException",
      "message": "-1"
    }
  ],
  "fixing_changes": [
    {
      "changed_type": "UPDATE",
      "changed_class": [
        "gson/src/main/java/com/google/gson/internal/bind/JsonTreeReader.java",
        "gson/src/main/java/com/google/gson/internal/bind/JsonTreeReader.java"
      ],
      "changed_functions": [
        {
          "qualified_names": [
            "com.google.gson.internal.bind.JsonTreeReader:skipValue:[]:void"
          ],
          "num": 1
        },
        {
          "qualified_names": [
            "com.google.gson.internal.bind.JsonTreeReader:skipValue:[]:void"
          ],
          "num": 1
        }
      ],
      "changed_lines": [
        {
          "qualified_names": [
            "262",
            "264",
            "266",
            "268"
          ],
          "num": 4
        },
        {
          "qualified_names": [
            "261"
          ],
          "num": 1
        }
      ],
      "diff": "diff --git a/gson/src/main/java/com/google/gson/internal/bind/JsonTreeReader.java b/gson/src/main/java/com/google/gson/internal/bind/JsonTreeReader.java\nindex 387b29e..2e7644f 100644\n--- a/gson/src/main/java/com/google/gson/internal/bind/JsonTreeReader.java\n+++ b/gson/src/main/java/com/google/gson/internal/bind/JsonTreeReader.java\n@@ -259,13 +259,9 @@\n       pathNames[stackSize - 2] \u003d \"null\";\n     } else {\n       popStack();\n-      if (stackSize \u003e 0) {\n         pathNames[stackSize - 1] \u003d \"null\";\n-      }\n     }\n-    if (stackSize \u003e 0) {\n       pathIndices[stackSize - 1]++;\n-    }\n   }\n \n   @Override public String toString() {\n",
      "operations": [
        {
          "type": "move-tree",
          "from": "",
          "to": ""
        },
        {
          "type": "move-tree",
          "from": "",
          "to": ""
        },
        {
          "type": "delete-tree",
          "from": "InfixExpression [8139,8152]",
          "to": ""
        },
        {
          "type": "delete-node",
          "from": "Block [8154,8206]",
          "to": ""
        },
        {
          "type": "delete-node",
          "from": "IfStatement [8135,8206]",
          "to": ""
        },
        {
          "type": "delete-tree",
          "from": "InfixExpression [8221,8234]",
          "to": ""
        },
        {
          "type": "delete-node",
          "from": "Block [8236,8279]",
          "to": ""
        },
        {
          "type": "delete-node",
          "from": "IfStatement [8217,8279]",
          "to": ""
        }
      ]
    }
  ],
  "fixing_type": {
    "add_classes": {
      "qualified_names": [],
      "num": 0
    },
    "delete_classes": {
      "qualified_names": [],
      "num": 0
    },
    "add_functions": {
      "qualified_names": [],
      "num": 0
    },
    "delete_functions": {
      "qualified_names": [],
      "num": 0
    }
  }
}