{
  "logger": {
    "currentLogLevel": 20,
    "name": "root.bean.benchmarks.Defects4JBug"
  },
  "d4jCmd": "/home/liumengjiao/Desktop/defects4j/framework/bin/defects4j",
  "dataDir": "data/changesInfo/",
  "properties": {
    "trigger.tests": "org.apache.commons.cli.bug.BugCLI265Test::shouldParseConcatenatedShortOptions",
    "test.dir": "src/test/java",
    "clz.modified": "org.apache.commons.cli.DefaultParser",
    "src.dir": "src/main/java"
  },
  "timeoutSecond": 100,
  "proj": "Cli",
  "id": "38",
  "workingDir": "../bugs/Cli_38_tmp",
  "bug_name": "Cli_38",
  "derive": "defects4j",
  "trigger_tests": [
    {
      "test_class": "org.apache.commons.cli.bug.BugCLI265Test",
      "test_function": "shouldParseConcatenatedShortOptions",
      "assertion_line": "83",
      "exception": "junit.framework.AssertionFailedError",
      "message": "expected null, but was:\u003c-ab\u003e"
    }
  ],
  "fixing_changes": [
    {
      "changed_type": "UPDATE",
      "changed_class": [
        "src/main/java/org/apache/commons/cli/DefaultParser.java",
        "src/main/java/org/apache/commons/cli/DefaultParser.java"
      ],
      "changed_functions": [
        {
          "qualified_names": [
            "org.apache.commons.cli.DefaultParser:isShortOption:[String token]:boolean"
          ],
          "num": 1
        },
        {
          "qualified_names": [
            "org.apache.commons.cli.DefaultParser:isShortOption:[String token]:boolean"
          ],
          "num": 1
        }
      ],
      "changed_lines": [
        {
          "qualified_names": [
            "310",
            "311",
            "312",
            "313",
            "315"
          ],
          "num": 5
        },
        {
          "qualified_names": [
            "310"
          ],
          "num": 1
        }
      ],
      "diff": "diff --git a/src/main/java/org/apache/commons/cli/DefaultParser.java b/src/main/java/org/apache/commons/cli/DefaultParser.java\nindex 2cee432..4bff7f3 100644\n--- a/src/main/java/org/apache/commons/cli/DefaultParser.java\n+++ b/src/main/java/org/apache/commons/cli/DefaultParser.java\n@@ -307,12 +307,8 @@\n         // remove leading \"-\" and \"\u003dvalue\"\n         int pos \u003d token.indexOf(\"\u003d\");\n         String optName \u003d pos \u003d\u003d -1 ? token.substring(1) : token.substring(1, pos);\n-        if (options.hasShortOption(optName))\n-        {\n-            return true;\n-        }\n+        return options.hasShortOption(optName);\n         // check for several concatenated short options\n-        return optName.length() \u003e 0 \u0026\u0026 options.hasShortOption(String.valueOf(optName.charAt(0)));\n     }\n \n     /**\n",
      "operations": [
        {
          "type": "move-tree",
          "from": "",
          "to": ""
        },
        {
          "type": "move-tree",
          "from": "",
          "to": ""
        },
        {
          "type": "delete-tree",
          "from": "IfStatement [9458,9539]",
          "to": ""
        },
        {
          "type": "delete-tree",
          "from": "METHOD_INVOCATION_RECEIVER [9658,9664]",
          "to": ""
        },
        {
          "type": "delete-node",
          "from": "SimpleName: valueOf [9665,9672]",
          "to": ""
        },
        {
          "type": "delete-node",
          "from": "METHOD_INVOCATION_RECEIVER [9673,9680]",
          "to": ""
        },
        {
          "type": "delete-node",
          "from": "SimpleName: charAt [9681,9687]",
          "to": ""
        },
        {
          "type": "delete-tree",
          "from": "METHOD_INVOCATION_ARGUMENTS [9688,9689]",
          "to": ""
        },
        {
          "type": "delete-node",
          "from": "MethodInvocation [9673,9690]",
          "to": ""
        },
        {
          "type": "delete-node",
          "from": "METHOD_INVOCATION_ARGUMENTS [9673,9690]",
          "to": ""
        },
        {
          "type": "delete-node",
          "from": "MethodInvocation [9658,9691]",
          "to": ""
        },
        {
          "type": "delete-tree",
          "from": "InfixExpression [9611,9631]",
          "to": ""
        },
        {
          "type": "delete-node",
          "from": "INFIX_EXPRESSION_OPERATOR: \u0026\u0026 [9632,9634]",
          "to": ""
        },
        {
          "type": "delete-node",
          "from": "InfixExpression [9611,9692]",
          "to": ""
        }
      ]
    }
  ],
  "fixing_type": {
    "add_classes": {
      "qualified_names": [],
      "num": 0
    },
    "delete_classes": {
      "qualified_names": [],
      "num": 0
    },
    "add_functions": {
      "qualified_names": [],
      "num": 0
    },
    "delete_functions": {
      "qualified_names": [],
      "num": 0
    }
  }
}