{
  "logger": {
    "currentLogLevel": 20,
    "name": "root.bean.benchmarks.Defects4JBug"
  },
  "d4jCmd": "/home/liumengjiao/Desktop/defects4j/framework/bin/defects4j",
  "dataDir": "data/changesInfo/",
  "properties": {
    "trigger.tests": "org.apache.commons.jxpath.ri.compiler.VariableTest::testIterateVariable",
    "test.dir": "src/test",
    "clz.modified": "org.apache.commons.jxpath.ri.compiler.CoreOperationCompare",
    "src.dir": "src/java"
  },
  "timeoutSecond": 100,
  "proj": "JxPath",
  "id": "6",
  "workingDir": "../bugs/JxPath_6_tmp",
  "bug_name": "JxPath_6",
  "derive": "defects4j",
  "trigger_tests": [
    {
      "test_class": "org.apache.commons.jxpath.ri.compiler.VariableTest",
      "test_function": "testIterateVariable",
      "assertion_line": "278",
      "exception": "junit.framework.AssertionFailedError",
      "message": "Evaluating \u003c$d \u003d \u0027a\u0027\u003e expected:\u003ctrue\u003e but was:\u003cfalse\u003e"
    }
  ],
  "fixing_changes": [
    {
      "changed_type": "UPDATE",
      "changed_class": [
        "src/java/org/apache/commons/jxpath/ri/compiler/CoreOperationCompare.java",
        "src/java/org/apache/commons/jxpath/ri/compiler/CoreOperationCompare.java"
      ],
      "changed_functions": [
        {
          "qualified_names": [
            "org.apache.commons.jxpath.ri.compiler.CoreOperationCompare:equal:[EvalContext context, Expression left, Expression right]:boolean"
          ],
          "num": 1
        },
        {
          "qualified_names": [
            "org.apache.commons.jxpath.ri.compiler.CoreOperationCompare:equal:[EvalContext context, Expression left, Expression right]:boolean"
          ],
          "num": 1
        }
      ],
      "changed_lines": [
        {
          "qualified_names": [
            "57",
            "58",
            "59",
            "60",
            "61",
            "65",
            "66",
            "67",
            "68",
            "69"
          ],
          "num": 10
        },
        {
          "qualified_names": [
            "57",
            "61"
          ],
          "num": 2
        }
      ],
      "diff": "diff --git a/src/java/org/apache/commons/jxpath/ri/compiler/CoreOperationCompare.java b/src/java/org/apache/commons/jxpath/ri/compiler/CoreOperationCompare.java\nindex 945cddb..5058dd2 100644\n--- a/src/java/org/apache/commons/jxpath/ri/compiler/CoreOperationCompare.java\n+++ b/src/java/org/apache/commons/jxpath/ri/compiler/CoreOperationCompare.java\n@@ -54,19 +54,11 @@\n //            (l \u003d\u003d null ? \"null\" : l.getClass().getName()) + \" \" +\n //            (r \u003d\u003d null ? \"null\" : r.getClass().getName()));\n \n-        if (l instanceof InitialContext) {\n-            ((EvalContext) l).reset();\n-        }\n-\n-        if (l instanceof SelfContext) {\n+        if (l instanceof InitialContext || l instanceof SelfContext) {\n             l \u003d ((EvalContext) l).getSingleNodePointer();\n         }\n \n-        if (r instanceof InitialContext) {\n-            ((EvalContext) r).reset();\n-        }\n-\n-        if (r instanceof SelfContext) {\n+        if (r instanceof InitialContext || r instanceof SelfContext) {\n             r \u003d ((EvalContext) r).getSingleNodePointer();\n         }\n \n",
      "operations": [
        {
          "type": "insert-node",
          "from": "",
          "to": "InfixExpression [1973,2028]"
        },
        {
          "type": "insert-node",
          "from": "",
          "to": "InfixExpression [2113,2168]"
        },
        {
          "type": "insert-tree",
          "from": "",
          "to": "InstanceofExpression [1973,2000]"
        },
        {
          "type": "insert-node",
          "from": "",
          "to": "INFIX_EXPRESSION_OPERATOR: || [2001,2003]"
        },
        {
          "type": "move-tree",
          "from": "",
          "to": ""
        },
        {
          "type": "insert-tree",
          "from": "",
          "to": "InstanceofExpression [2113,2140]"
        },
        {
          "type": "insert-node",
          "from": "",
          "to": "INFIX_EXPRESSION_OPERATOR: || [2141,2143]"
        },
        {
          "type": "move-tree",
          "from": "",
          "to": ""
        },
        {
          "type": "delete-tree",
          "from": "IfStatement [1969,2052]",
          "to": ""
        },
        {
          "type": "delete-tree",
          "from": "IfStatement [2171,2254]",
          "to": ""
        }
      ]
    }
  ],
  "fixing_type": {
    "add_classes": {
      "qualified_names": [],
      "num": 0
    },
    "delete_classes": {
      "qualified_names": [],
      "num": 0
    },
    "add_functions": {
      "qualified_names": [],
      "num": 0
    },
    "delete_functions": {
      "qualified_names": [],
      "num": 0
    }
  }
}