{
  "logger": {
    "currentLogLevel": 20,
    "name": "root.bean.benchmarks.Defects4JBug"
  },
  "d4jCmd": "/home/liumengjiao/Desktop/defects4j/framework/bin/defects4j",
  "dataDir": "data/changesInfo/",
  "properties": {
    "trigger.tests": "com.fasterxml.jackson.databind.TestJDKSerialization::testEnumHandlers",
    "test.dir": "src/test/java",
    "clz.modified": "com.fasterxml.jackson.databind.ser.BeanPropertyWriter",
    "src.dir": "src/main/java"
  },
  "timeoutSecond": 100,
  "proj": "JacksonDatabind",
  "id": "26",
  "workingDir": "../bugs/JacksonDatabind_26_tmp",
  "bug_name": "JacksonDatabind_26",
  "derive": "defects4j",
  "trigger_tests": [
    {
      "test_class": "com.fasterxml.jackson.databind.TestJDKSerialization",
      "test_function": "testEnumHandlers",
      "assertion_line": "93",
      "exception": "java.io.NotSerializableException",
      "message": "com.fasterxml.jackson.databind.ser.BeanPropertyWriter"
    }
  ],
  "fixing_changes": [
    {
      "changed_type": "UPDATE",
      "changed_class": [
        "src/main/java/com/fasterxml/jackson/databind/ser/BeanPropertyWriter.java",
        "src/main/java/com/fasterxml/jackson/databind/ser/BeanPropertyWriter.java"
      ],
      "changed_functions": [
        {
          "qualified_names": [],
          "num": 0
        },
        {
          "qualified_names": [],
          "num": 0
        }
      ],
      "changed_lines": [
        {
          "qualified_names": [
            "39",
            "40",
            "43"
          ],
          "num": 3
        },
        {
          "qualified_names": [
            "39"
          ],
          "num": 1
        }
      ],
      "diff": "diff --git a/src/main/java/com/fasterxml/jackson/databind/ser/BeanPropertyWriter.java b/src/main/java/com/fasterxml/jackson/databind/ser/BeanPropertyWriter.java\nindex acaa178..2093b7b 100644\n--- a/src/main/java/com/fasterxml/jackson/databind/ser/BeanPropertyWriter.java\n+++ b/src/main/java/com/fasterxml/jackson/databind/ser/BeanPropertyWriter.java\n@@ -36,11 +36,9 @@\n  */\n @JacksonStdImpl // since 2.6. NOTE: sub-classes typically are not\n public class BeanPropertyWriter extends PropertyWriter\n-    implements BeanProperty,\n-        java.io.Serializable // since 2.6.2\n+    implements BeanProperty\n {\n     // as of 2.6.2\n-    private static final long serialVersionUID \u003d 4603296144163950020L;\n \n     /**\n      * Marker object used to indicate \"do not serialize if empty\"\n",
      "operations": [
        {
          "type": "delete-tree",
          "from": "SimpleType [1791,1811]",
          "to": ""
        },
        {
          "type": "delete-tree",
          "from": "FieldDeclaration [1852,1918]",
          "to": ""
        }
      ]
    }
  ],
  "fixing_type": {
    "add_classes": {
      "qualified_names": [],
      "num": 0
    },
    "delete_classes": {
      "qualified_names": [],
      "num": 0
    },
    "add_functions": {
      "qualified_names": [],
      "num": 0
    },
    "delete_functions": {
      "qualified_names": [],
      "num": 0
    }
  }
}