{
  "logger": {
    "currentLogLevel": 20,
    "name": "root.bean.benchmarks.Defects4JBug"
  },
  "d4jCmd": "/home/liumengjiao/Desktop/defects4j/framework/bin/defects4j",
  "dataDir": "data/changesInfo/",
  "properties": {
    "trigger.tests": "org.jsoup.nodes.TextNodeTest::testLeadNodesHaveNoChildren",
    "test.dir": "src/test/java",
    "clz.modified": "org.jsoup.nodes.LeafNode",
    "src.dir": "src/main/java"
  },
  "timeoutSecond": 100,
  "proj": "Jsoup",
  "id": "79",
  "workingDir": "../bugs/Jsoup_79_tmp",
  "bug_name": "Jsoup_79",
  "derive": "defects4j",
  "trigger_tests": [
    {
      "test_class": "org.jsoup.nodes.TextNodeTest",
      "test_function": "testLeadNodesHaveNoChildren",
      "assertion_line": "82",
      "exception": "java.lang.UnsupportedOperationException",
      "message": "Leaf Nodes do not have child nodes."
    }
  ],
  "fixing_changes": [
    {
      "changed_type": "UPDATE",
      "changed_class": [
        "src/main/java/org/jsoup/nodes/LeafNode.java",
        "src/main/java/org/jsoup/nodes/LeafNode.java"
      ],
      "changed_functions": [
        {
          "qualified_names": [
            "org.jsoup.nodes.LeafNode:ensureChildNodes:[]:List\u003cNode\u003e"
          ],
          "num": 1
        },
        {
          "qualified_names": [
            "org.jsoup.nodes.LeafNode:ensureChildNodes:[]:List\u003cNode\u003e"
          ],
          "num": 1
        }
      ],
      "changed_lines": [
        {
          "qualified_names": [
            "5",
            "9",
            "96"
          ],
          "num": 3
        },
        {
          "qualified_names": [
            "4",
            "94"
          ],
          "num": 2
        }
      ],
      "diff": "diff --git a/src/main/java/org/jsoup/nodes/LeafNode.java b/src/main/java/org/jsoup/nodes/LeafNode.java\nindex ea3605d..0e068b5 100644\n--- a/src/main/java/org/jsoup/nodes/LeafNode.java\n+++ b/src/main/java/org/jsoup/nodes/LeafNode.java\n@@ -2,11 +2,9 @@\n \n import org.jsoup.helper.Validate;\n \n-import java.util.Collections;\n import java.util.List;\n \n abstract class LeafNode extends Node {\n-    private static final List\u003cNode\u003e EmptyNodes \u003d Collections.emptyList();\n \n     Object value; // either a string value, or an attribute map (in the rare case multiple attributes are set)\n \n@@ -93,6 +91,6 @@\n \n     @Override\n     protected List\u003cNode\u003e ensureChildNodes() {\n-        return EmptyNodes;\n+        throw new UnsupportedOperationException(\"Leaf Nodes do not have child nodes.\");\n     }\n }\n",
      "operations": [
        {
          "type": "insert-tree",
          "from": "",
          "to": "ThrowStatement [2131,2210]"
        },
        {
          "type": "delete-tree",
          "from": "ImportDeclaration [61,90]",
          "to": ""
        },
        {
          "type": "delete-tree",
          "from": "FieldDeclaration [158,227]",
          "to": ""
        },
        {
          "type": "delete-tree",
          "from": "ReturnStatement [2235,2253]",
          "to": ""
        }
      ]
    }
  ],
  "fixing_type": {
    "add_classes": {
      "qualified_names": [],
      "num": 0
    },
    "delete_classes": {
      "qualified_names": [],
      "num": 0
    },
    "add_functions": {
      "qualified_names": [],
      "num": 0
    },
    "delete_functions": {
      "qualified_names": [],
      "num": 0
    }
  }
}