{
  "logger": {
    "currentLogLevel": 20,
    "name": "root.bean.benchmarks.Defects4JBug"
  },
  "d4jCmd": "/home/liumengjiao/Desktop/defects4j/framework/bin/defects4j",
  "dataDir": "data/changesInfo/",
  "properties": {
    "trigger.tests": "com.fasterxml.jackson.databind.objectid.Objecid1083Test::testSimple",
    "test.dir": "src/test/java",
    "clz.modified": "com.fasterxml.jackson.databind.type.SimpleType",
    "src.dir": "src/main/java"
  },
  "timeoutSecond": 100,
  "proj": "JacksonDatabind",
  "id": "37",
  "workingDir": "../bugs/JacksonDatabind_37_tmp",
  "bug_name": "JacksonDatabind_37",
  "derive": "defects4j",
  "trigger_tests": [
    {
      "test_class": "com.fasterxml.jackson.databind.objectid.Objecid1083Test",
      "test_function": "testSimple",
      "assertion_line": "43",
      "exception": "com.fasterxml.jackson.databind.exc.UnrecognizedPropertyException",
      "message": "Unrecognized field \"name\" (class com.fasterxml.jackson.databind.objectid.Objecid1083Test$JsonMapSchema), not marked as ignorable (0 known properties: ])"
    }
  ],
  "fixing_changes": [
    {
      "changed_type": "UPDATE",
      "changed_class": [
        "src/main/java/com/fasterxml/jackson/databind/type/SimpleType.java",
        "src/main/java/com/fasterxml/jackson/databind/type/SimpleType.java"
      ],
      "changed_functions": [
        {
          "qualified_names": [
            "com.fasterxml.jackson.databind.type.SimpleType:_narrow:[Class\u003c?\u003e subclass]:JavaType"
          ],
          "num": 1
        },
        {
          "qualified_names": [
            "com.fasterxml.jackson.databind.type.SimpleType:_narrow:[Class\u003c?\u003e subclass]:JavaType"
          ],
          "num": 1
        }
      ],
      "changed_lines": [
        {
          "qualified_names": [
            "135"
          ],
          "num": 1
        },
        {
          "qualified_names": [
            "135"
          ],
          "num": 1
        }
      ],
      "diff": "diff --git a/src/main/java/com/fasterxml/jackson/databind/type/SimpleType.java b/src/main/java/com/fasterxml/jackson/databind/type/SimpleType.java\nindex 1c741ec..eca7e8e 100644\n--- a/src/main/java/com/fasterxml/jackson/databind/type/SimpleType.java\n+++ b/src/main/java/com/fasterxml/jackson/databind/type/SimpleType.java\n@@ -132,7 +132,7 @@\n         }\n         */\n         // 15-Jan-2015, tatu: Not correct; should really re-resolve...\n-        return new SimpleType(subclass, _bindings, this, _superInterfaces,\n+        return new SimpleType(subclass, _bindings, _superClass, _superInterfaces,\n                 _valueHandler, _typeHandler, _asStatic);\n     }\n     \n",
      "operations": [
        {
          "type": "insert-node",
          "from": "",
          "to": "SimpleName: _superClass [5080,5091]"
        },
        {
          "type": "delete-node",
          "from": "ThisExpression [5080,5084]",
          "to": ""
        }
      ]
    }
  ],
  "fixing_type": {
    "add_classes": {
      "qualified_names": [],
      "num": 0
    },
    "delete_classes": {
      "qualified_names": [],
      "num": 0
    },
    "add_functions": {
      "qualified_names": [],
      "num": 0
    },
    "delete_functions": {
      "qualified_names": [],
      "num": 0
    }
  }
}