{
  "logger": {
    "currentLogLevel": 20,
    "name": "root.bean.benchmarks.Defects4JBug"
  },
  "d4jCmd": "/home/liumengjiao/Desktop/defects4j/framework/bin/defects4j",
  "dataDir": "data/changesInfo/",
  "properties": {
    "trigger.tests": "org.apache.commons.csv.CSVFormatTest::testNullRecordSeparatorCsv106",
    "test.dir": "src/test/java",
    "clz.modified": "org.apache.commons.csv.CSVPrinter",
    "src.dir": "src/main/java"
  },
  "timeoutSecond": 100,
  "proj": "Csv",
  "id": "5",
  "workingDir": "../bugs/Csv_5_tmp",
  "bug_name": "Csv_5",
  "derive": "defects4j",
  "trigger_tests": [
    {
      "test_class": "org.apache.commons.csv.CSVFormatTest",
      "test_function": "testNullRecordSeparatorCsv106",
      "assertion_line": "237",
      "exception": "junit.framework.AssertionFailedError",
      "message": ""
    }
  ],
  "fixing_changes": [
    {
      "changed_type": "UPDATE",
      "changed_class": [
        "src/main/java/org/apache/commons/csv/CSVPrinter.java",
        "src/main/java/org/apache/commons/csv/CSVPrinter.java"
      ],
      "changed_functions": [
        {
          "qualified_names": [
            "org.apache.commons.csv.CSVPrinter:println:[]:void"
          ],
          "num": 1
        },
        {
          "qualified_names": [
            "org.apache.commons.csv.CSVPrinter:println:[]:void"
          ],
          "num": 1
        }
      ],
      "changed_lines": [
        {
          "qualified_names": [
            "325",
            "327"
          ],
          "num": 2
        },
        {
          "qualified_names": [
            "324"
          ],
          "num": 1
        }
      ],
      "diff": "diff --git a/src/main/java/org/apache/commons/csv/CSVPrinter.java b/src/main/java/org/apache/commons/csv/CSVPrinter.java\nindex a8aa33f..3255360 100644\n--- a/src/main/java/org/apache/commons/csv/CSVPrinter.java\n+++ b/src/main/java/org/apache/commons/csv/CSVPrinter.java\n@@ -322,9 +322,7 @@\n      */\n     public void println() throws IOException {\n         final String recordSeparator \u003d format.getRecordSeparator();\n-        if (recordSeparator !\u003d null) {\n             out.append(recordSeparator);\n-        }\n         newRecord \u003d true;\n     }\n \n",
      "operations": [
        {
          "type": "move-tree",
          "from": "",
          "to": ""
        },
        {
          "type": "delete-tree",
          "from": "InfixExpression [11283,11306]",
          "to": ""
        },
        {
          "type": "delete-node",
          "from": "Block [11308,11360]",
          "to": ""
        },
        {
          "type": "delete-node",
          "from": "IfStatement [11279,11360]",
          "to": ""
        }
      ]
    }
  ],
  "fixing_type": {
    "add_classes": {
      "qualified_names": [],
      "num": 0
    },
    "delete_classes": {
      "qualified_names": [],
      "num": 0
    },
    "add_functions": {
      "qualified_names": [],
      "num": 0
    },
    "delete_functions": {
      "qualified_names": [],
      "num": 0
    }
  }
}