{
  "logger": {
    "currentLogLevel": 20,
    "name": "root.bean.benchmarks.Defects4JBug"
  },
  "d4jCmd": "/home/liumengjiao/Desktop/defects4j/framework/bin/defects4j",
  "dataDir": "data/changesInfo/",
  "properties": {
    "trigger.tests": "org.jsoup.nodes.ElementTest::testElementSiblingIndexSameContent,org.jsoup.nodes.ElementTest::testGetSiblingsWithDuplicateContent",
    "test.dir": "src/test/java",
    "clz.modified": "org.jsoup.nodes.Element",
    "src.dir": "src/main/java"
  },
  "timeoutSecond": 100,
  "proj": "Jsoup",
  "id": "43",
  "workingDir": "../bugs/Jsoup_43_tmp",
  "bug_name": "Jsoup_43",
  "derive": "defects4j",
  "trigger_tests": [
    {
      "test_class": "org.jsoup.nodes.ElementTest",
      "test_function": "testElementSiblingIndexSameContent",
      "assertion_line": "156",
      "exception": "junit.framework.AssertionFailedError",
      "message": ""
    },
    {
      "test_class": "org.jsoup.nodes.ElementTest",
      "test_function": "testGetSiblingsWithDuplicateContent",
      "exception": "junit.framework.AssertionFailedError",
      "message": "expected:\u003c[]is\u003e but was:\u003c[th]is\u003e"
    }
  ],
  "fixing_changes": [
    {
      "changed_type": "UPDATE",
      "changed_class": [
        "src/main/java/org/jsoup/nodes/Element.java",
        "src/main/java/org/jsoup/nodes/Element.java"
      ],
      "changed_functions": [
        {
          "qualified_names": [
            "org.jsoup.nodes.Element:indexInList:[Element search, List\u003cE\u003e elements]:Integer"
          ],
          "num": 1
        },
        {
          "qualified_names": [
            "org.jsoup.nodes.Element:indexInList:[Element search, List\u003cE\u003e elements]:Integer"
          ],
          "num": 1
        }
      ],
      "changed_lines": [
        {
          "qualified_names": [
            "574"
          ],
          "num": 1
        },
        {
          "qualified_names": [
            "574"
          ],
          "num": 1
        }
      ],
      "diff": "diff --git a/src/main/java/org/jsoup/nodes/Element.java b/src/main/java/org/jsoup/nodes/Element.java\nindex 1575fd0..f1ae8dd 100644\n--- a/src/main/java/org/jsoup/nodes/Element.java\n+++ b/src/main/java/org/jsoup/nodes/Element.java\n@@ -571,7 +571,7 @@\n \n         for (int i \u003d 0; i \u003c elements.size(); i++) {\n             E element \u003d elements.get(i);\n-            if (element \u003d\u003d search)\n+            if (element.equals(search))\n                 return i;\n         }\n         return null;\n",
      "operations": [
        {
          "type": "insert-node",
          "from": "",
          "to": "MethodInvocation [19694,19716]"
        },
        {
          "type": "insert-node",
          "from": "",
          "to": "METHOD_INVOCATION_RECEIVER [19694,19701]"
        },
        {
          "type": "insert-node",
          "from": "",
          "to": "SimpleName: equals [19702,19708]"
        },
        {
          "type": "insert-node",
          "from": "",
          "to": "METHOD_INVOCATION_ARGUMENTS [19709,19715]"
        },
        {
          "type": "move-tree",
          "from": "",
          "to": ""
        },
        {
          "type": "move-tree",
          "from": "",
          "to": ""
        },
        {
          "type": "delete-node",
          "from": "INFIX_EXPRESSION_OPERATOR: \u003d\u003d [19702,19704]",
          "to": ""
        },
        {
          "type": "delete-node",
          "from": "InfixExpression [19694,19711]",
          "to": ""
        }
      ]
    }
  ],
  "fixing_type": {
    "add_classes": {
      "qualified_names": [],
      "num": 0
    },
    "delete_classes": {
      "qualified_names": [],
      "num": 0
    },
    "add_functions": {
      "qualified_names": [],
      "num": 0
    },
    "delete_functions": {
      "qualified_names": [],
      "num": 0
    }
  }
}