{
  "logger": {
    "currentLogLevel": 20,
    "name": "root.bean.benchmarks.Defects4JBug"
  },
  "d4jCmd": "/home/liumengjiao/Desktop/defects4j/framework/bin/defects4j",
  "dataDir": "data/changesInfo/",
  "properties": {
    "trigger.tests": "org.apache.commons.cli.HelpFormatterTest::testIndentedHeaderAndFooter",
    "test.dir": "src/test/java",
    "clz.modified": "org.apache.commons.cli.HelpFormatter",
    "src.dir": "src/main/java"
  },
  "timeoutSecond": 100,
  "proj": "Cli",
  "id": "33",
  "workingDir": "../bugs/Cli_33_tmp",
  "bug_name": "Cli_33",
  "derive": "defects4j",
  "trigger_tests": [
    {
      "test_class": "org.apache.commons.cli.HelpFormatterTest",
      "test_function": "testIndentedHeaderAndFooter",
      "assertion_line": "441",
      "exception": "junit.framework.ComparisonFailure",
      "message": "expected:\u003c...e: foobar"
    }
  ],
  "fixing_changes": [
    {
      "changed_type": "UPDATE",
      "changed_class": [
        "src/main/java/org/apache/commons/cli/HelpFormatter.java",
        "src/main/java/org/apache/commons/cli/HelpFormatter.java"
      ],
      "changed_functions": [
        {
          "qualified_names": [
            "org.apache.commons.cli.HelpFormatter:renderWrappedTextBlock:[StringBuffer sb, int width, int nextLineTabStop, String text]:StringBuffer",
            "org.apache.commons.cli.HelpFormatter:printWrapped:[PrintWriter pw, int width, int nextLineTabStop, String text]:void"
          ],
          "num": 2
        },
        {
          "qualified_names": [
            "org.apache.commons.cli.HelpFormatter:printWrapped:[PrintWriter pw, int width, int nextLineTabStop, String text]:void"
          ],
          "num": 1
        }
      ],
      "changed_lines": [
        {
          "qualified_names": [
            "730",
            "900",
            "901",
            "902",
            "903",
            "904",
            "905",
            "906",
            "907",
            "908",
            "909",
            "910",
            "911",
            "912",
            "913",
            "915",
            "917",
            "918"
          ],
          "num": 18
        },
        {
          "qualified_names": [
            "730",
            "899"
          ],
          "num": 2
        }
      ],
      "diff": "diff --git a/src/main/java/org/apache/commons/cli/HelpFormatter.java b/src/main/java/org/apache/commons/cli/HelpFormatter.java\nindex 4329a8b..3322f76 100644\n--- a/src/main/java/org/apache/commons/cli/HelpFormatter.java\n+++ b/src/main/java/org/apache/commons/cli/HelpFormatter.java\n@@ -727,7 +727,7 @@\n     {\n         StringBuffer sb \u003d new StringBuffer(text.length());\n \n-        renderWrappedTextBlock(sb, width, nextLineTabStop, text);\n+        renderWrappedText(sb, width, nextLineTabStop, text);\n         pw.println(sb.toString());\n     }\n \n@@ -897,25 +897,8 @@\n      * @param nextLineTabStop The position on the next line for the first tab.\n      * @param text The text to be rendered.\n      */\n-    private StringBuffer renderWrappedTextBlock(StringBuffer sb, int width, int nextLineTabStop, String text) {\n-        try {\n-            BufferedReader in \u003d new BufferedReader(new StringReader(text));\n-            String line;\n-            boolean firstLine \u003d true;\n-            while ((line \u003d in.readLine()) !\u003d null) {\n-                if (!firstLine) {\n-                    sb.append(getNewLine());\n-                } else {\n-                    firstLine \u003d false;\n-                }\n-                renderWrappedText(sb, width, nextLineTabStop, line);\n-            }\n-        } catch (IOException e) {\n             // cannot happen\n-        }\n \n-        return sb;\n-    }\n \n     /**\n      * Finds the next text wrap position after \u003ccode\u003estartPos\u003c/code\u003e for the\n",
      "operations": [
        {
          "type": "update-node",
          "from": "",
          "to": ""
        },
        {
          "type": "delete-tree",
          "from": "MethodDeclaration [27558,28648]",
          "to": ""
        }
      ]
    }
  ],
  "fixing_type": {
    "add_classes": {
      "qualified_names": [],
      "num": 0
    },
    "delete_classes": {
      "qualified_names": [],
      "num": 0
    },
    "add_functions": {
      "qualified_names": [],
      "num": 0
    },
    "delete_functions": {
      "qualified_names": [
        "org.apache.commons.cli.HelpFormatter:renderWrappedTextBlock:[StringBuffer sb, int width, int nextLineTabStop, String text]:StringBuffer"
      ],
      "num": 1
    }
  }
}