{
  "logger": {
    "currentLogLevel": 20,
    "name": "root.bean.benchmarks.Defects4JBug"
  },
  "d4jCmd": "/home/liumengjiao/Desktop/defects4j/framework/bin/defects4j",
  "dataDir": "data/changesInfo/",
  "properties": {
    "trigger.tests": "com.fasterxml.jackson.databind.type.TestJavaType::testGenericSignature1195",
    "test.dir": "src/test/java",
    "clz.modified": "com.fasterxml.jackson.databind.type.ReferenceType",
    "src.dir": "src/main/java"
  },
  "timeoutSecond": 100,
  "proj": "JacksonDatabind",
  "id": "46",
  "workingDir": "../bugs/JacksonDatabind_46_tmp",
  "bug_name": "JacksonDatabind_46",
  "derive": "defects4j",
  "trigger_tests": [
    {
      "test_class": "com.fasterxml.jackson.databind.type.TestJavaType",
      "test_function": "testGenericSignature1195",
      "assertion_line": "56",
      "exception": "junit.framework.ComparisonFailure",
      "message": "expected:\u003c...e\u003cLjava/lang/String;[\u003e];\u003e but was:\u003c...e\u003cLjava/lang/String;[];\u003e"
    }
  ],
  "fixing_changes": [
    {
      "changed_type": "UPDATE",
      "changed_class": [
        "src/main/java/com/fasterxml/jackson/databind/type/ReferenceType.java",
        "src/main/java/com/fasterxml/jackson/databind/type/ReferenceType.java"
      ],
      "changed_functions": [
        {
          "qualified_names": [
            "com.fasterxml.jackson.databind.type.ReferenceType:getGenericSignature:[StringBuilder sb]:StringBuilder"
          ],
          "num": 1
        },
        {
          "qualified_names": [
            "com.fasterxml.jackson.databind.type.ReferenceType:getGenericSignature:[StringBuilder sb]:StringBuilder"
          ],
          "num": 1
        }
      ],
      "changed_lines": [
        {
          "qualified_names": [
            "156"
          ],
          "num": 1
        },
        {
          "qualified_names": [
            "156"
          ],
          "num": 1
        }
      ],
      "diff": "diff --git a/src/main/java/com/fasterxml/jackson/databind/type/ReferenceType.java b/src/main/java/com/fasterxml/jackson/databind/type/ReferenceType.java\nindex 6083faf..b724510 100644\n--- a/src/main/java/com/fasterxml/jackson/databind/type/ReferenceType.java\n+++ b/src/main/java/com/fasterxml/jackson/databind/type/ReferenceType.java\n@@ -153,7 +153,7 @@\n         _classSignature(_class, sb, false);\n         sb.append(\u0027\u003c\u0027);\n         sb \u003d _referencedType.getGenericSignature(sb);\n-        sb.append(\"\u003e;\");\n+        sb.append(\u0027;\u0027);\n         return sb;\n     }\n     \n",
      "operations": [
        {
          "type": "insert-node",
          "from": "",
          "to": "CharacterLiteral: \u0027;\u0027 [4392,4395]"
        },
        {
          "type": "delete-node",
          "from": "StringLiteral: \"\u003e;\" [4392,4396]",
          "to": ""
        }
      ]
    }
  ],
  "fixing_type": {
    "add_classes": {
      "qualified_names": [],
      "num": 0
    },
    "delete_classes": {
      "qualified_names": [],
      "num": 0
    },
    "add_functions": {
      "qualified_names": [],
      "num": 0
    },
    "delete_functions": {
      "qualified_names": [],
      "num": 0
    }
  }
}