{
  "logger": {
    "currentLogLevel": 20,
    "name": "root.bean.benchmarks.Defects4JBug"
  },
  "d4jCmd": "/home/liumengjiao/Desktop/defects4j/framework/bin/defects4j",
  "dataDir": "data/changesInfo/",
  "properties": {
    "trigger.tests": "org.jfree.data.time.junit.TimeSeriesTests::testBug1864222",
    "test.dir": "tests",
    "clz.modified": "org.jfree.data.time.TimeSeries",
    "src.dir": "source"
  },
  "timeoutSecond": 100,
  "proj": "Chart",
  "id": "9",
  "workingDir": "../bugs/Chart_9_tmp",
  "bug_name": "Chart_9",
  "derive": "defects4j",
  "trigger_tests": [
    {
      "test_class": "org.jfree.data.time.junit.TimeSeriesTests",
      "test_function": "testBug1864222",
      "assertion_line": "829",
      "exception": "java.lang.IllegalArgumentException",
      "message": "Requires start \u003c\u003d end."
    }
  ],
  "fixing_changes": [
    {
      "changed_type": "UPDATE",
      "changed_class": [
        "source/org/jfree/data/time/TimeSeries.java",
        "source/org/jfree/data/time/TimeSeries.java"
      ],
      "changed_functions": [
        {
          "qualified_names": [
            "org.jfree.data.time.TimeSeries:createCopy:[RegularTimePeriod start, RegularTimePeriod end]:TimeSeries"
          ],
          "num": 1
        },
        {
          "qualified_names": [
            "org.jfree.data.time.TimeSeries:createCopy:[RegularTimePeriod start, RegularTimePeriod end]:TimeSeries"
          ],
          "num": 1
        }
      ],
      "changed_lines": [
        {
          "qualified_names": [
            "944"
          ],
          "num": 1
        },
        {
          "qualified_names": [
            "944"
          ],
          "num": 1
        }
      ],
      "diff": "diff --git a/source/org/jfree/data/time/TimeSeries.java b/source/org/jfree/data/time/TimeSeries.java\nindex d16d447..4067e3e 100644\n--- a/source/org/jfree/data/time/TimeSeries.java\n+++ b/source/org/jfree/data/time/TimeSeries.java\n@@ -941,7 +941,7 @@\n             endIndex \u003d -(endIndex + 1); // this is first item AFTER end period\r\n             endIndex \u003d endIndex - 1;    // so this is last item BEFORE end\r\n         }\r\n-        if ((endIndex \u003c 0)  || (endIndex \u003c startIndex)) {\r\n+        if (endIndex \u003c 0) {\r\n             emptyRange \u003d true;\r\n         }\r\n         if (emptyRange) {\r\n",
      "operations": [
        {
          "type": "move-tree",
          "from": "",
          "to": ""
        },
        {
          "type": "delete-node",
          "from": "ParenthesizedExpression [34419,34433]",
          "to": ""
        },
        {
          "type": "delete-node",
          "from": "INFIX_EXPRESSION_OPERATOR: || [34435,34437]",
          "to": ""
        },
        {
          "type": "delete-tree",
          "from": "ParenthesizedExpression [34438,34461]",
          "to": ""
        },
        {
          "type": "delete-node",
          "from": "InfixExpression [34419,34461]",
          "to": ""
        }
      ]
    }
  ],
  "fixing_type": {
    "add_classes": {
      "qualified_names": [],
      "num": 0
    },
    "delete_classes": {
      "qualified_names": [],
      "num": 0
    },
    "add_functions": {
      "qualified_names": [],
      "num": 0
    },
    "delete_functions": {
      "qualified_names": [],
      "num": 0
    }
  }
}