{
  "logger": {
    "currentLogLevel": 20,
    "name": "root.bean.benchmarks.Defects4JBug"
  },
  "d4jCmd": "/home/liumengjiao/Desktop/defects4j/framework/bin/defects4j",
  "dataDir": "data/changesInfo/",
  "properties": {
    "trigger.tests": "org.mockito.internal.stubbing.defaultanswers.ReturnsSmartNullsTest::shouldPrintTheParametersWhenCallingAMethodWithArgs",
    "test.dir": "test",
    "clz.modified": "org.mockito.internal.stubbing.defaultanswers.ReturnsSmartNulls",
    "src.dir": "src"
  },
  "timeoutSecond": 100,
  "proj": "Mockito",
  "id": "31",
  "workingDir": "../bugs/Mockito_31_tmp",
  "bug_name": "Mockito_31",
  "derive": "defects4j",
  "trigger_tests": [
    {
      "test_class": "org.mockito.internal.stubbing.defaultanswers.ReturnsSmartNullsTest",
      "test_function": "shouldPrintTheParametersWhenCallingAMethodWithArgs",
      "assertion_line": "57",
      "exception": "junit.framework.ComparisonFailure",
      "message": "expected:\u003c... unstubbed withArgs([oompa, lumpa]) method on mock\u003e but was:\u003c... unstubbed withArgs([]) method on mock\u003e"
    }
  ],
  "fixing_changes": [
    {
      "changed_type": "UPDATE",
      "changed_class": [
        "src/org/mockito/internal/stubbing/defaultanswers/ReturnsSmartNulls.java",
        "src/org/mockito/internal/stubbing/defaultanswers/ReturnsSmartNulls.java"
      ],
      "changed_functions": [
        {
          "qualified_names": [
            "org.mockito.internal.stubbing.defaultanswers.ReturnsSmartNulls\\$ThrowingInterceptor:formatMethodCall:[]:String"
          ],
          "num": 1
        },
        {
          "qualified_names": [
            "org.mockito.internal.stubbing.defaultanswers.ReturnsSmartNulls\\$ThrowingInterceptor:formatMethodCall:[]:String"
          ],
          "num": 1
        }
      ],
      "changed_lines": [
        {
          "qualified_names": [
            "9",
            "61",
            "62"
          ],
          "num": 3
        },
        {
          "qualified_names": [
            "8",
            "60"
          ],
          "num": 2
        }
      ],
      "diff": "diff --git a/src/org/mockito/internal/stubbing/defaultanswers/ReturnsSmartNulls.java b/src/org/mockito/internal/stubbing/defaultanswers/ReturnsSmartNulls.java\nindex 4942d7c..10d3b0f 100644\n--- a/src/org/mockito/internal/stubbing/defaultanswers/ReturnsSmartNulls.java\n+++ b/src/org/mockito/internal/stubbing/defaultanswers/ReturnsSmartNulls.java\n@@ -6,7 +6,6 @@\n \r\n import java.io.Serializable;\r\n import java.lang.reflect.Method;\r\n-import java.util.Arrays;\r\n \r\n import org.mockito.Mockito;\r\n import org.mockito.cglib.proxy.MethodInterceptor;\r\n@@ -58,8 +57,7 @@\n         }\r\n \r\n \t\tprivate String formatMethodCall() {\r\n-\t\t\tString args \u003d Arrays.toString(invocation.getArguments());\r\n-\t\t\treturn invocation.getMethod().getName() + \"(\" + args.substring(1, args.length() - 1) +\t\")\";\r\n+\t\t\treturn invocation.getMethod().getName() + \"()\";\r\n \t\t}\r\n     }\r\n \r\n",
      "operations": [
        {
          "type": "insert-tree",
          "from": "",
          "to": "ReturnStatement [2441,2488]"
        },
        {
          "type": "delete-tree",
          "from": "ImportDeclaration [245,269]",
          "to": ""
        },
        {
          "type": "delete-tree",
          "from": "VariableDeclarationStatement [2467,2524]",
          "to": ""
        },
        {
          "type": "delete-tree",
          "from": "ReturnStatement [2529,2620]",
          "to": ""
        }
      ]
    }
  ],
  "fixing_type": {
    "add_classes": {
      "qualified_names": [],
      "num": 0
    },
    "delete_classes": {
      "qualified_names": [],
      "num": 0
    },
    "add_functions": {
      "qualified_names": [],
      "num": 0
    },
    "delete_functions": {
      "qualified_names": [],
      "num": 0
    }
  }
}