{
  "logger": {
    "currentLogLevel": 20,
    "name": "root.bean.benchmarks.Defects4JBug"
  },
  "d4jCmd": "/home/liumengjiao/Desktop/defects4j/framework/bin/defects4j",
  "dataDir": "data/changesInfo/",
  "properties": {
    "trigger.tests": "org.apache.commons.cli.bug.BugCLI252Test::testExactOptionNameMatch",
    "test.dir": "src/test/java",
    "clz.modified": "org.apache.commons.cli.Options",
    "src.dir": "src/main/java"
  },
  "timeoutSecond": 100,
  "proj": "Cli",
  "id": "35",
  "workingDir": "../bugs/Cli_35_tmp",
  "bug_name": "Cli_35",
  "derive": "defects4j",
  "trigger_tests": [
    {
      "test_class": "org.apache.commons.cli.bug.BugCLI252Test",
      "test_function": "testExactOptionNameMatch",
      "assertion_line": "10",
      "exception": "org.apache.commons.cli.AmbiguousOptionException",
      "message": "Ambiguous option: \u0027--prefix\u0027  (could be: \u0027prefix\u0027, \u0027prefixplusplus\u0027)"
    }
  ],
  "fixing_changes": [
    {
      "changed_type": "UPDATE",
      "changed_class": [
        "src/main/java/org/apache/commons/cli/Options.java",
        "src/main/java/org/apache/commons/cli/Options.java"
      ],
      "changed_functions": [
        {
          "qualified_names": [
            "org.apache.commons.cli.Options:getMatchingOptions:[String opt]:List\u003cString\u003e"
          ],
          "num": 1
        },
        {
          "qualified_names": [
            "org.apache.commons.cli.Options:getMatchingOptions:[String opt]:List\u003cString\u003e"
          ],
          "num": 1
        }
      ],
      "changed_lines": [
        {
          "qualified_names": [
            "240",
            "241",
            "242"
          ],
          "num": 3
        },
        {
          "qualified_names": [
            "239"
          ],
          "num": 1
        }
      ],
      "diff": "diff --git a/src/main/java/org/apache/commons/cli/Options.java b/src/main/java/org/apache/commons/cli/Options.java\nindex 798b176..e9a0aa9 100644\n--- a/src/main/java/org/apache/commons/cli/Options.java\n+++ b/src/main/java/org/apache/commons/cli/Options.java\n@@ -237,9 +237,6 @@\n         List\u003cString\u003e matchingOpts \u003d new ArrayList\u003cString\u003e();\n \n         // for a perfect match return the single option only\n-        if(longOpts.keySet().contains(opt)) {\n-            return Collections.singletonList(opt);\n-        }\n \n         for (String longOpt : longOpts.keySet())\n         {\n",
      "operations": [
        {
          "type": "delete-tree",
          "from": "IfStatement [7332,7430]",
          "to": ""
        }
      ]
    }
  ],
  "fixing_type": {
    "add_classes": {
      "qualified_names": [],
      "num": 0
    },
    "delete_classes": {
      "qualified_names": [],
      "num": 0
    },
    "add_functions": {
      "qualified_names": [],
      "num": 0
    },
    "delete_functions": {
      "qualified_names": [],
      "num": 0
    }
  }
}