{
  "logger": {
    "currentLogLevel": 20,
    "name": "root.bean.benchmarks.Defects4JBug"
  },
  "d4jCmd": "/home/liumengjiao/Desktop/defects4j/framework/bin/defects4j",
  "dataDir": "data/changesInfo/",
  "properties": {
    "trigger.tests": "org.mockitousage.bugs.deepstubs.DeepStubFailingWhenGenricNestedAsRawTypeTest::discoverDeepMockingOfGenerics",
    "test.dir": "test",
    "clz.modified": "org.mockito.internal.util.reflection.GenericMetadataSupport",
    "src.dir": "src"
  },
  "timeoutSecond": 100,
  "proj": "Mockito",
  "id": "7",
  "workingDir": "../bugs/Mockito_7_tmp",
  "bug_name": "Mockito_7",
  "derive": "defects4j",
  "trigger_tests": [
    {
      "test_class": "org.mockitousage.bugs.deepstubs.DeepStubFailingWhenGenricNestedAsRawTypeTest",
      "test_function": "discoverDeepMockingOfGenerics",
      "assertion_line": "26",
      "exception": "org.mockito.exceptions.base.MockitoException",
      "message": "Raw extraction not supported for : \u0027null\u0027"
    }
  ],
  "fixing_changes": [
    {
      "changed_type": "UPDATE",
      "changed_class": [
        "src/org/mockito/internal/util/reflection/GenericMetadataSupport.java",
        "src/org/mockito/internal/util/reflection/GenericMetadataSupport.java"
      ],
      "changed_functions": [
        {
          "qualified_names": [
            "org.mockito.internal.util.reflection.GenericMetadataSupport\\$TypeVariableReturnType:readTypeVariables:[]:void"
          ],
          "num": 1
        },
        {
          "qualified_names": [
            "org.mockito.internal.util.reflection.GenericMetadataSupport\\$TypeVariableReturnType:readTypeVariables:[]:void"
          ],
          "num": 1
        }
      ],
      "changed_lines": [
        {
          "qualified_names": [
            "379"
          ],
          "num": 1
        },
        {
          "qualified_names": [
            "378"
          ],
          "num": 1
        }
      ],
      "diff": "diff --git a/src/org/mockito/internal/util/reflection/GenericMetadataSupport.java b/src/org/mockito/internal/util/reflection/GenericMetadataSupport.java\nindex 80bd908..2d6c07b 100644\n--- a/src/org/mockito/internal/util/reflection/GenericMetadataSupport.java\n+++ b/src/org/mockito/internal/util/reflection/GenericMetadataSupport.java\n@@ -376,7 +376,6 @@\n             for (Type type : typeVariable.getBounds()) {\r\n                 registerTypeVariablesOn(type);\r\n             }\r\n-            registerTypeParametersOn(new TypeVariable[] { typeVariable });\r\n             registerTypeVariablesOn(getActualTypeArgumentFor(typeVariable));\r\n         }\r\n \r\n",
      "operations": [
        {
          "type": "delete-tree",
          "from": "ExpressionStatement [15994,16056]",
          "to": ""
        }
      ]
    }
  ],
  "fixing_type": {
    "add_classes": {
      "qualified_names": [],
      "num": 0
    },
    "delete_classes": {
      "qualified_names": [],
      "num": 0
    },
    "add_functions": {
      "qualified_names": [],
      "num": 0
    },
    "delete_functions": {
      "qualified_names": [],
      "num": 0
    }
  }
}