{
  "logger": {
    "currentLogLevel": 20,
    "name": "root.bean.benchmarks.Defects4JBug"
  },
  "d4jCmd": "/home/liumengjiao/Desktop/defects4j/framework/bin/defects4j",
  "dataDir": "data/changesInfo/",
  "properties": {
    "trigger.tests": "com.fasterxml.jackson.core.TestJsonPointer::testWonkyNumber173",
    "test.dir": "src/test/java",
    "clz.modified": "com.fasterxml.jackson.core.JsonPointer",
    "src.dir": "src/main/java"
  },
  "timeoutSecond": 100,
  "proj": "JacksonCore",
  "id": "5",
  "workingDir": "../bugs/JacksonCore_5_tmp",
  "bug_name": "JacksonCore_5",
  "derive": "defects4j",
  "trigger_tests": [
    {
      "test_class": "com.fasterxml.jackson.core.TestJsonPointer",
      "test_function": "testWonkyNumber173",
      "assertion_line": "41",
      "exception": "java.lang.NumberFormatException",
      "message": "For input string: \"1e0\""
    }
  ],
  "fixing_changes": [
    {
      "changed_type": "UPDATE",
      "changed_class": [
        "src/main/java/com/fasterxml/jackson/core/JsonPointer.java",
        "src/main/java/com/fasterxml/jackson/core/JsonPointer.java"
      ],
      "changed_functions": [
        {
          "qualified_names": [
            "com.fasterxml.jackson.core.JsonPointer:_parseIndex:[String str]:int"
          ],
          "num": 1
        },
        {
          "qualified_names": [
            "com.fasterxml.jackson.core.JsonPointer:_parseIndex:[String str]:int"
          ],
          "num": 1
        }
      ],
      "changed_lines": [
        {
          "qualified_names": [
            "193"
          ],
          "num": 1
        },
        {
          "qualified_names": [
            "193"
          ],
          "num": 1
        }
      ],
      "diff": "diff --git a/src/main/java/com/fasterxml/jackson/core/JsonPointer.java b/src/main/java/com/fasterxml/jackson/core/JsonPointer.java\nindex a802239..d353b39 100644\n--- a/src/main/java/com/fasterxml/jackson/core/JsonPointer.java\n+++ b/src/main/java/com/fasterxml/jackson/core/JsonPointer.java\n@@ -190,7 +190,7 @@\n             return -1;\n         }\n         for (int i \u003d 0; i \u003c len; ++i) {\n-            char c \u003d str.charAt(i);\n+            char c \u003d str.charAt(i++);\n             if (c \u003e \u00279\u0027 || c \u003c \u00270\u0027) {\n                 return -1;\n             }\n",
      "operations": [
        {
          "type": "insert-node",
          "from": "",
          "to": "PostfixExpression [6231,6234]"
        },
        {
          "type": "move-tree",
          "from": "",
          "to": ""
        },
        {
          "type": "insert-node",
          "from": "",
          "to": "POSTFIX_EXPRESSION_OPERATOR: ++ [6232,6234]"
        }
      ]
    }
  ],
  "fixing_type": {
    "add_classes": {
      "qualified_names": [],
      "num": 0
    },
    "delete_classes": {
      "qualified_names": [],
      "num": 0
    },
    "add_functions": {
      "qualified_names": [],
      "num": 0
    },
    "delete_functions": {
      "qualified_names": [],
      "num": 0
    }
  }
}