{
  "logger": {
    "currentLogLevel": 20,
    "name": "root.bean.benchmarks.Defects4JBug"
  },
  "d4jCmd": "/home/liumengjiao/Desktop/defects4j/framework/bin/defects4j",
  "dataDir": "data/changesInfo/",
  "properties": {
    "trigger.tests": "org.jsoup.select.ElementsTest::hasClassCaseInsensitive,org.jsoup.select.SelectorTest::testByClassCaseInsensitive",
    "test.dir": "src/test/java",
    "clz.modified": "org.jsoup.nodes.Element",
    "src.dir": "src/main/java"
  },
  "timeoutSecond": 100,
  "proj": "Jsoup",
  "id": "61",
  "workingDir": "../bugs/Jsoup_61_tmp",
  "bug_name": "Jsoup_61",
  "derive": "defects4j",
  "trigger_tests": [
    {
      "test_class": "org.jsoup.select.ElementsTest",
      "test_function": "hasClassCaseInsensitive",
      "assertion_line": "104",
      "exception": "junit.framework.AssertionFailedError",
      "message": ""
    },
    {
      "test_class": "org.jsoup.select.SelectorTest",
      "test_function": "testByClassCaseInsensitive",
      "assertion_line": "56",
      "exception": "junit.framework.AssertionFailedError",
      "message": "expected:\u003c3\u003e but was:\u003c1\u003e"
    }
  ],
  "fixing_changes": [
    {
      "changed_type": "UPDATE",
      "changed_class": [
        "src/main/java/org/jsoup/nodes/Element.java",
        "src/main/java/org/jsoup/nodes/Element.java"
      ],
      "changed_functions": [
        {
          "qualified_names": [
            "org.jsoup.nodes.Element:hasClass:[String className]:boolean"
          ],
          "num": 1
        },
        {
          "qualified_names": [
            "org.jsoup.nodes.Element:hasClass:[String className]:boolean"
          ],
          "num": 1
        }
      ],
      "changed_lines": [
        {
          "qualified_names": [
            "1092"
          ],
          "num": 1
        },
        {
          "qualified_names": [
            "1092"
          ],
          "num": 1
        }
      ],
      "diff": "diff --git a/src/main/java/org/jsoup/nodes/Element.java b/src/main/java/org/jsoup/nodes/Element.java\nindex 175654e..caf1110 100644\n--- a/src/main/java/org/jsoup/nodes/Element.java\n+++ b/src/main/java/org/jsoup/nodes/Element.java\n@@ -1089,7 +1089,7 @@\n      */\n     // performance sensitive\n     public boolean hasClass(String className) {\n-        final String classAttr \u003d attributes.getIgnoreCase(\"class\");\n+        final String classAttr \u003d attributes.get(\"class\");\n         final int len \u003d classAttr.length();\n         final int wantLen \u003d className.length();\n \n",
      "operations": [
        {
          "type": "update-node",
          "from": "",
          "to": ""
        }
      ]
    }
  ],
  "fixing_type": {
    "add_classes": {
      "qualified_names": [],
      "num": 0
    },
    "delete_classes": {
      "qualified_names": [],
      "num": 0
    },
    "add_functions": {
      "qualified_names": [],
      "num": 0
    },
    "delete_functions": {
      "qualified_names": [],
      "num": 0
    }
  }
}