{
  "logger": {
    "currentLogLevel": 20,
    "name": "root.bean.benchmarks.Defects4JBug"
  },
  "d4jCmd": "/home/liumengjiao/Desktop/defects4j/framework/bin/defects4j",
  "dataDir": "data/changesInfo/",
  "properties": {
    "trigger.tests": "com.fasterxml.jackson.databind.deser.TestSimpleTypes::testEmptyToNullCoercionForPrimitives",
    "test.dir": "src/test/java",
    "clz.modified": "com.fasterxml.jackson.databind.deser.std.NumberDeserializers",
    "src.dir": "src/main/java"
  },
  "timeoutSecond": 100,
  "proj": "JacksonDatabind",
  "id": "40",
  "workingDir": "../bugs/JacksonDatabind_40_tmp",
  "bug_name": "JacksonDatabind_40",
  "derive": "defects4j",
  "trigger_tests": [
    {
      "test_class": "com.fasterxml.jackson.databind.deser.TestSimpleTypes",
      "test_function": "testEmptyToNullCoercionForPrimitives",
      "assertion_line": "263",
      "exception": "junit.framework.AssertionFailedError",
      "message": "Should not have passed"
    }
  ],
  "fixing_changes": [
    {
      "changed_type": "UPDATE",
      "changed_class": [
        "src/main/java/com/fasterxml/jackson/databind/deser/std/NumberDeserializers.java",
        "src/main/java/com/fasterxml/jackson/databind/deser/std/NumberDeserializers.java"
      ],
      "changed_functions": [
        {
          "qualified_names": [
            "com.fasterxml.jackson.databind.deser.std.NumberDeserializers\\$PrimitiveOrWrapperDeserializer:getEmptyValue:[DeserializationContext ctxt]:T"
          ],
          "num": 1
        },
        {
          "qualified_names": [],
          "num": 0
        }
      ],
      "changed_lines": [
        {
          "qualified_names": [
            "148",
            "149",
            "152",
            "153",
            "154",
            "155",
            "156",
            "157",
            "158"
          ],
          "num": 9
        },
        {
          "qualified_names": [
            "147"
          ],
          "num": 1
        }
      ],
      "diff": "diff --git a/src/main/java/com/fasterxml/jackson/databind/deser/std/NumberDeserializers.java b/src/main/java/com/fasterxml/jackson/databind/deser/std/NumberDeserializers.java\nindex b8ade5b..10954f5 100644\n--- a/src/main/java/com/fasterxml/jackson/databind/deser/std/NumberDeserializers.java\n+++ b/src/main/java/com/fasterxml/jackson/databind/deser/std/NumberDeserializers.java\n@@ -145,17 +145,8 @@\n             return _nullValue;\n         }\n \n-        @Override\n-        public T getEmptyValue(DeserializationContext ctxt) throws JsonMappingException {\n             // [databind#1095]: Should not allow coercion from into null from Empty String\n             // either, if `null` not allowed\n-            if (_primitive \u0026\u0026 ctxt.isEnabled(DeserializationFeature.FAIL_ON_NULL_FOR_PRIMITIVES)) {\n-                throw ctxt.mappingException(\n-                        \"Can not map Empty String as null into type %s (set DeserializationConfig.DeserializationFeature.FAIL_ON_NULL_FOR_PRIMITIVES to \u0027false\u0027 to allow)\",\n-                        handledType().toString());\n-            }\n-            return _nullValue;\n-        }\n     }\n \n     /*\n",
      "operations": [
        {
          "type": "delete-tree",
          "from": "MethodDeclaration [5372,6030]",
          "to": ""
        }
      ]
    }
  ],
  "fixing_type": {
    "add_classes": {
      "qualified_names": [],
      "num": 0
    },
    "delete_classes": {
      "qualified_names": [],
      "num": 0
    },
    "add_functions": {
      "qualified_names": [],
      "num": 0
    },
    "delete_functions": {
      "qualified_names": [
        "com.fasterxml.jackson.databind.deser.std.NumberDeserializers\\$PrimitiveOrWrapperDeserializer:getEmptyValue:[DeserializationContext ctxt]:T"
      ],
      "num": 1
    }
  }
}