{
  "logger": {
    "currentLogLevel": 20,
    "name": "root.bean.benchmarks.Defects4JBug"
  },
  "d4jCmd": "/home/liumengjiao/Desktop/defects4j/framework/bin/defects4j",
  "dataDir": "data/changesInfo/",
  "properties": {
    "trigger.tests": "com.fasterxml.jackson.databind.node.POJONodeTest::testPOJONodeCustomSer",
    "test.dir": "src/test/java",
    "clz.modified": "com.fasterxml.jackson.databind.node.POJONode",
    "src.dir": "src/main/java"
  },
  "timeoutSecond": 100,
  "proj": "JacksonDatabind",
  "id": "97",
  "workingDir": "../bugs/JacksonDatabind_97_tmp",
  "bug_name": "JacksonDatabind_97",
  "derive": "defects4j",
  "trigger_tests": [
    {
      "test_class": "com.fasterxml.jackson.databind.node.POJONodeTest",
      "test_function": "testPOJONodeCustomSer",
      "assertion_line": "53",
      "exception": "junit.framework.ComparisonFailure",
      "message": "expected:\u003c...Str\":\"The value is: [Hello!]\"}}\u003e but was:\u003c...Str\":\"The value is: [NULL]\"}}\u003e"
    }
  ],
  "fixing_changes": [
    {
      "changed_type": "UPDATE",
      "changed_class": [
        "src/main/java/com/fasterxml/jackson/databind/node/POJONode.java",
        "src/main/java/com/fasterxml/jackson/databind/node/POJONode.java"
      ],
      "changed_functions": [
        {
          "qualified_names": [
            "com.fasterxml.jackson.databind.node.POJONode:serialize:[JsonGenerator gen, SerializerProvider ctxt]:void"
          ],
          "num": 1
        },
        {
          "qualified_names": [
            "com.fasterxml.jackson.databind.node.POJONode:serialize:[JsonGenerator gen, SerializerProvider ctxt]:void"
          ],
          "num": 1
        }
      ],
      "changed_lines": [
        {
          "qualified_names": [
            "114"
          ],
          "num": 1
        },
        {
          "qualified_names": [
            "114"
          ],
          "num": 1
        }
      ],
      "diff": "diff --git a/src/main/java/com/fasterxml/jackson/databind/node/POJONode.java b/src/main/java/com/fasterxml/jackson/databind/node/POJONode.java\nindex 06c315c..91fe512 100644\n--- a/src/main/java/com/fasterxml/jackson/databind/node/POJONode.java\n+++ b/src/main/java/com/fasterxml/jackson/databind/node/POJONode.java\n@@ -111,7 +111,7 @@\n         } else {\n             // 25-May-2018, tatu: [databind#1991] do not call via generator but through context;\n             //    this to preserve contextual information\n-            ctxt.defaultSerializeValue(_value, gen);\n+            gen.writeObject(_value);\n         }\n     }\n \n",
      "operations": [
        {
          "type": "insert-tree",
          "from": "",
          "to": "ExpressionStatement [3287,3311]"
        },
        {
          "type": "delete-tree",
          "from": "ExpressionStatement [3287,3327]",
          "to": ""
        }
      ]
    }
  ],
  "fixing_type": {
    "add_classes": {
      "qualified_names": [],
      "num": 0
    },
    "delete_classes": {
      "qualified_names": [],
      "num": 0
    },
    "add_functions": {
      "qualified_names": [],
      "num": 0
    },
    "delete_functions": {
      "qualified_names": [],
      "num": 0
    }
  }
}