{
  "logger": {
    "currentLogLevel": 20,
    "name": "root.bean.benchmarks.Defects4JBug"
  },
  "d4jCmd": "/home/liumengjiao/Desktop/defects4j/framework/bin/defects4j",
  "dataDir": "data/changesInfo/",
  "properties": {
    "trigger.tests": "org.apache.commons.compress.archivers.tar.TarArchiveInputStreamTest::survivesPaxHeaderWithNameEndingInSlash",
    "test.dir": "src/test/java",
    "clz.modified": "org.apache.commons.compress.archivers.tar.TarArchiveEntry",
    "src.dir": "src/main/java"
  },
  "timeoutSecond": 100,
  "proj": "Compress",
  "id": "38",
  "workingDir": "../bugs/Compress_38_tmp",
  "bug_name": "Compress_38",
  "derive": "defects4j",
  "trigger_tests": [
    {
      "test_class": "org.apache.commons.compress.archivers.tar.TarArchiveInputStreamTest",
      "test_function": "survivesPaxHeaderWithNameEndingInSlash",
      "assertion_line": "323",
      "exception": "java.io.IOException",
      "message": "Error detected parsing the header"
    }
  ],
  "fixing_changes": [
    {
      "changed_type": "UPDATE",
      "changed_class": [
        "src/main/java/org/apache/commons/compress/archivers/tar/TarArchiveEntry.java",
        "src/main/java/org/apache/commons/compress/archivers/tar/TarArchiveEntry.java"
      ],
      "changed_functions": [
        {
          "qualified_names": [
            "org.apache.commons.compress.archivers.tar.TarArchiveEntry:isDirectory:[]:boolean"
          ],
          "num": 1
        },
        {
          "qualified_names": [
            "org.apache.commons.compress.archivers.tar.TarArchiveEntry:isDirectory:[]:boolean"
          ],
          "num": 1
        }
      ],
      "changed_lines": [
        {
          "qualified_names": [
            "859"
          ],
          "num": 1
        },
        {
          "qualified_names": [
            "859"
          ],
          "num": 1
        }
      ],
      "diff": "diff --git a/src/main/java/org/apache/commons/compress/archivers/tar/TarArchiveEntry.java b/src/main/java/org/apache/commons/compress/archivers/tar/TarArchiveEntry.java\nindex a5050bf..941bbbd 100644\n--- a/src/main/java/org/apache/commons/compress/archivers/tar/TarArchiveEntry.java\n+++ b/src/main/java/org/apache/commons/compress/archivers/tar/TarArchiveEntry.java\n@@ -856,7 +856,7 @@\n             return true;\n         }\n \n-        if (!isPaxHeader() \u0026\u0026 !isGlobalPaxHeader() \u0026\u0026 getName().endsWith(\"/\")) {\n+        if (getName().endsWith(\"/\")) {\n             return true;\n         }\n \n",
      "operations": [
        {
          "type": "move-tree",
          "from": "",
          "to": ""
        },
        {
          "type": "delete-tree",
          "from": "PrefixExpression [24567,24581]",
          "to": ""
        },
        {
          "type": "delete-node",
          "from": "INFIX_EXPRESSION_OPERATOR: \u0026\u0026 [24582,24584]",
          "to": ""
        },
        {
          "type": "delete-tree",
          "from": "PrefixExpression [24585,24605]",
          "to": ""
        },
        {
          "type": "delete-node",
          "from": "InfixExpression [24567,24632]",
          "to": ""
        }
      ]
    }
  ],
  "fixing_type": {
    "add_classes": {
      "qualified_names": [],
      "num": 0
    },
    "delete_classes": {
      "qualified_names": [],
      "num": 0
    },
    "add_functions": {
      "qualified_names": [],
      "num": 0
    },
    "delete_functions": {
      "qualified_names": [],
      "num": 0
    }
  }
}