{
  "logger": {
    "currentLogLevel": 20,
    "name": "root.bean.benchmarks.Defects4JBug"
  },
  "d4jCmd": "/home/liumengjiao/Desktop/defects4j/framework/bin/defects4j",
  "dataDir": "data/changesInfo/",
  "properties": {
    "trigger.tests": "com.google.gson.regression.JsonAdapterNullSafeTest::testNullSafeBugDeserialize,com.google.gson.regression.JsonAdapterNullSafeTest::testNullSafeBugSerialize",
    "test.dir": "gson/src/test/java",
    "clz.modified": "com.google.gson.internal.bind.JsonAdapterAnnotationTypeAdapterFactory",
    "src.dir": "gson/src/main/java"
  },
  "timeoutSecond": 100,
  "proj": "Gson",
  "id": "6",
  "workingDir": "../bugs/Gson_6_tmp",
  "bug_name": "Gson_6",
  "derive": "defects4j",
  "trigger_tests": [
    {
      "test_class": "com.google.gson.regression.JsonAdapterNullSafeTest",
      "test_function": "testNullSafeBugDeserialize",
      "assertion_line": "58",
      "exception": "java.lang.NullPointerException",
      "message": ""
    },
    {
      "test_class": "com.google.gson.regression.JsonAdapterNullSafeTest",
      "test_function": "testNullSafeBugSerialize",
      "assertion_line": "58",
      "exception": "java.lang.NullPointerException",
      "message": ""
    }
  ],
  "fixing_changes": [
    {
      "changed_type": "UPDATE",
      "changed_class": [
        "gson/src/main/java/com/google/gson/internal/bind/JsonAdapterAnnotationTypeAdapterFactory.java",
        "gson/src/main/java/com/google/gson/internal/bind/JsonAdapterAnnotationTypeAdapterFactory.java"
      ],
      "changed_functions": [
        {
          "qualified_names": [
            "com.google.gson.internal.bind.JsonAdapterAnnotationTypeAdapterFactory:getTypeAdapter:[ConstructorConstructor constructorConstructor, Gson gson, TypeToken\u003c?\u003e fieldType, JsonAdapter annotation]:TypeAdapter\u003c?\u003e"
          ],
          "num": 1
        },
        {
          "qualified_names": [
            "com.google.gson.internal.bind.JsonAdapterAnnotationTypeAdapterFactory:getTypeAdapter:[ConstructorConstructor constructorConstructor, Gson gson, TypeToken\u003c?\u003e fieldType, JsonAdapter annotation]:TypeAdapter\u003c?\u003e"
          ],
          "num": 1
        }
      ],
      "changed_lines": [
        {
          "qualified_names": [
            "67",
            "69"
          ],
          "num": 2
        },
        {
          "qualified_names": [
            "66"
          ],
          "num": 1
        }
      ],
      "diff": "diff --git a/gson/src/main/java/com/google/gson/internal/bind/JsonAdapterAnnotationTypeAdapterFactory.java b/gson/src/main/java/com/google/gson/internal/bind/JsonAdapterAnnotationTypeAdapterFactory.java\nindex b52e157..30c4f6e 100644\n--- a/gson/src/main/java/com/google/gson/internal/bind/JsonAdapterAnnotationTypeAdapterFactory.java\n+++ b/gson/src/main/java/com/google/gson/internal/bind/JsonAdapterAnnotationTypeAdapterFactory.java\n@@ -64,9 +64,7 @@\n       throw new IllegalArgumentException(\n           \"@JsonAdapter value must be TypeAdapter or TypeAdapterFactory reference.\");\n     }\n-    if (typeAdapter !\u003d null) {\n       typeAdapter \u003d typeAdapter.nullSafe();\n-    }\n     return typeAdapter;\n   }\n }\n",
      "operations": [
        {
          "type": "move-tree",
          "from": "",
          "to": ""
        },
        {
          "type": "delete-tree",
          "from": "InfixExpression [2709,2728]",
          "to": ""
        },
        {
          "type": "delete-node",
          "from": "Block [2730,2781]",
          "to": ""
        },
        {
          "type": "delete-node",
          "from": "IfStatement [2705,2781]",
          "to": ""
        }
      ]
    }
  ],
  "fixing_type": {
    "add_classes": {
      "qualified_names": [],
      "num": 0
    },
    "delete_classes": {
      "qualified_names": [],
      "num": 0
    },
    "add_functions": {
      "qualified_names": [],
      "num": 0
    },
    "delete_functions": {
      "qualified_names": [],
      "num": 0
    }
  }
}