{
  "logger": {
    "currentLogLevel": 20,
    "name": "root.bean.benchmarks.Defects4JBug"
  },
  "d4jCmd": "/home/liumengjiao/Desktop/defects4j/framework/bin/defects4j",
  "dataDir": "data/changesInfo/",
  "properties": {
    "trigger.tests": "org.apache.commons.codec.binary.Base64InputStreamTest::testBase64EmptyInputStream,org.apache.commons.codec.binary.Base64OutputStreamTest::testBase64EmptyOutputStream",
    "test.dir": "src/test",
    "clz.modified": "org.apache.commons.codec.binary.Base64",
    "src.dir": "src/java"
  },
  "timeoutSecond": 100,
  "proj": "Codec",
  "id": "2",
  "workingDir": "../bugs/Codec_2_tmp",
  "bug_name": "Codec_2",
  "derive": "defects4j",
  "trigger_tests": [
    {
      "test_class": "org.apache.commons.codec.binary.Base64InputStreamTest",
      "test_function": "testBase64EmptyInputStream",
      "assertion_line": "53",
      "exception": "junit.framework.AssertionFailedError",
      "message": "EOF expected:\u003c-1\u003e but was:\u003c13\u003e"
    },
    {
      "test_class": "org.apache.commons.codec.binary.Base64OutputStreamTest",
      "test_function": "testBase64EmptyOutputStream",
      "assertion_line": "142",
      "exception": "junit.framework.AssertionFailedError",
      "message": "Streaming base64 encode"
    }
  ],
  "fixing_changes": [
    {
      "changed_type": "UPDATE",
      "changed_class": [
        "src/java/org/apache/commons/codec/binary/Base64.java",
        "src/java/org/apache/commons/codec/binary/Base64.java"
      ],
      "changed_functions": [
        {
          "qualified_names": [
            "org.apache.commons.codec.binary.Base64:encode:[byte[] in, int inPos, int inAvail]:void"
          ],
          "num": 1
        },
        {
          "qualified_names": [
            "org.apache.commons.codec.binary.Base64:encode:[byte[] in, int inPos, int inAvail]:void"
          ],
          "num": 1
        }
      ],
      "changed_lines": [
        {
          "qualified_names": [
            "446"
          ],
          "num": 1
        },
        {
          "qualified_names": [
            "446"
          ],
          "num": 1
        }
      ],
      "diff": "diff --git a/src/java/org/apache/commons/codec/binary/Base64.java b/src/java/org/apache/commons/codec/binary/Base64.java\nindex dc2ecfc..c00fbe5 100644\n--- a/src/java/org/apache/commons/codec/binary/Base64.java\n+++ b/src/java/org/apache/commons/codec/binary/Base64.java\n@@ -443,7 +443,7 @@\n                     }\n                     break;\n             }\n-            if (lineLength \u003e 0 \u0026\u0026 pos \u003e 0) {\n+            if (lineLength \u003e 0) {\n                 System.arraycopy(lineSeparator, 0, buf, pos, lineSeparator.length);\n                 pos +\u003d lineSeparator.length;\n             }\n",
      "operations": [
        {
          "type": "move-tree",
          "from": "",
          "to": ""
        },
        {
          "type": "delete-node",
          "from": "INFIX_EXPRESSION_OPERATOR: \u0026\u0026 [17498,17500]",
          "to": ""
        },
        {
          "type": "delete-tree",
          "from": "InfixExpression [17501,17508]",
          "to": ""
        },
        {
          "type": "delete-node",
          "from": "InfixExpression [17483,17508]",
          "to": ""
        }
      ]
    }
  ],
  "fixing_type": {
    "add_classes": {
      "qualified_names": [],
      "num": 0
    },
    "delete_classes": {
      "qualified_names": [],
      "num": 0
    },
    "add_functions": {
      "qualified_names": [],
      "num": 0
    },
    "delete_functions": {
      "qualified_names": [],
      "num": 0
    }
  }
}