{
  "logger": {
    "currentLogLevel": 20,
    "name": "root.bean.benchmarks.Defects4JBug"
  },
  "d4jCmd": "/home/liumengjiao/Desktop/defects4j/framework/bin/defects4j",
  "dataDir": "data/changesInfo/",
  "properties": {
    "trigger.tests": "org.mockito.internal.verification.argumentmatching.ArgumentMatchingToolTest::shouldWorkFineWhenGivenArgIsNull,org.mockitousage.bugs.ActualInvocationHasNullArgumentNPEBugTest::shouldAllowPassingNullArgument",
    "test.dir": "test",
    "clz.modified": "org.mockito.internal.verification.argumentmatching.ArgumentMatchingTool",
    "src.dir": "src"
  },
  "timeoutSecond": 100,
  "proj": "Mockito",
  "id": "38",
  "workingDir": "../bugs/Mockito_38_tmp",
  "bug_name": "Mockito_38",
  "derive": "defects4j",
  "trigger_tests": [
    {
      "test_class": "org.mockito.internal.verification.argumentmatching.ArgumentMatchingToolTest",
      "test_function": "shouldWorkFineWhenGivenArgIsNull",
      "assertion_line": "82",
      "exception": "java.lang.NullPointerException",
      "message": ""
    },
    {
      "test_class": "org.mockitousage.bugs.ActualInvocationHasNullArgumentNPEBugTest",
      "test_function": "shouldAllowPassingNullArgument",
      "assertion_line": "30",
      "exception": "java.lang.NullPointerException",
      "message": ""
    }
  ],
  "fixing_changes": [
    {
      "changed_type": "UPDATE",
      "changed_class": [
        "src/org/mockito/internal/verification/argumentmatching/ArgumentMatchingTool.java",
        "src/org/mockito/internal/verification/argumentmatching/ArgumentMatchingTool.java"
      ],
      "changed_functions": [
        {
          "qualified_names": [
            "org.mockito.internal.verification.argumentmatching.ArgumentMatchingTool:toStringEquals:[Matcher m, Object arg]:boolean"
          ],
          "num": 1
        },
        {
          "qualified_names": [
            "org.mockito.internal.verification.argumentmatching.ArgumentMatchingTool:toStringEquals:[Matcher m, Object arg]:boolean"
          ],
          "num": 1
        }
      ],
      "changed_lines": [
        {
          "qualified_names": [
            "48"
          ],
          "num": 1
        },
        {
          "qualified_names": [
            "48"
          ],
          "num": 1
        }
      ],
      "diff": "diff --git a/src/org/mockito/internal/verification/argumentmatching/ArgumentMatchingTool.java b/src/org/mockito/internal/verification/argumentmatching/ArgumentMatchingTool.java\nindex 9d4f834..671fbc5 100644\n--- a/src/org/mockito/internal/verification/argumentmatching/ArgumentMatchingTool.java\n+++ b/src/org/mockito/internal/verification/argumentmatching/ArgumentMatchingTool.java\n@@ -45,6 +45,6 @@\n     }\r\n \r\n     private boolean toStringEquals(Matcher m, Object arg) {\r\n-        return StringDescription.toString(m).equals(arg \u003d\u003d null? \"null\" : arg.toString());\r\n+        return StringDescription.toString(m).equals(arg.toString());\r\n     }\r\n }\r\n",
      "operations": [
        {
          "type": "move-tree",
          "from": "",
          "to": ""
        },
        {
          "type": "delete-tree",
          "from": "InfixExpression [1653,1664]",
          "to": ""
        },
        {
          "type": "delete-node",
          "from": "StringLiteral: \"null\" [1666,1672]",
          "to": ""
        },
        {
          "type": "delete-node",
          "from": "ConditionalExpression [1653,1689]",
          "to": ""
        }
      ]
    }
  ],
  "fixing_type": {
    "add_classes": {
      "qualified_names": [],
      "num": 0
    },
    "delete_classes": {
      "qualified_names": [],
      "num": 0
    },
    "add_functions": {
      "qualified_names": [],
      "num": 0
    },
    "delete_functions": {
      "qualified_names": [],
      "num": 0
    }
  }
}