{
  "logger": {
    "currentLogLevel": 20,
    "name": "root.bean.benchmarks.Defects4JBug"
  },
  "d4jCmd": "/home/liumengjiao/Desktop/defects4j/framework/bin/defects4j",
  "dataDir": "data/changesInfo/",
  "properties": {
    "trigger.tests": "org.mockitousage.bugs.VerifyingWithAnExtraCallToADifferentMockTest::shouldAllowVerifyingWhenOtherMockCallIsInTheSameLine",
    "test.dir": "test",
    "clz.modified": "org.mockito.internal.MockHandler,org.mockito.internal.MockitoCore",
    "src.dir": "src"
  },
  "timeoutSecond": 100,
  "proj": "Mockito",
  "id": "14",
  "workingDir": "../bugs/Mockito_14_tmp",
  "bug_name": "Mockito_14",
  "derive": "defects4j",
  "trigger_tests": [
    {
      "test_class": "org.mockitousage.bugs.VerifyingWithAnExtraCallToADifferentMockTest",
      "test_function": "shouldAllowVerifyingWhenOtherMockCallIsInTheSameLine",
      "assertion_line": "29",
      "exception": "junit.framework.AssertionFailedError",
      "message": ""
    }
  ],
  "fixing_changes": [
    {
      "changed_type": "UPDATE",
      "changed_class": [
        "src/org/mockito/internal/MockHandler.java",
        "src/org/mockito/internal/MockHandler.java"
      ],
      "changed_functions": [
        {
          "qualified_names": [
            "org.mockito.internal.MockHandler:handle:[Invocation invocation]:Object"
          ],
          "num": 1
        },
        {
          "qualified_names": [
            "org.mockito.internal.MockHandler:handle:[Invocation invocation]:Object"
          ],
          "num": 1
        }
      ],
      "changed_lines": [
        {
          "qualified_names": [
            "20",
            "77",
            "81"
          ],
          "num": 3
        },
        {
          "qualified_names": [
            "19",
            "77"
          ],
          "num": 2
        }
      ],
      "diff": "diff --git a/src/org/mockito/internal/MockHandler.java b/src/org/mockito/internal/MockHandler.java\nindex b6c1b78..bc18218 100644\n--- a/src/org/mockito/internal/MockHandler.java\n+++ b/src/org/mockito/internal/MockHandler.java\n@@ -17,7 +17,6 @@\n import org.mockito.internal.stubbing.OngoingStubbingImpl;\r\n import org.mockito.internal.stubbing.StubbedInvocationMatcher;\r\n import org.mockito.internal.stubbing.VoidMethodStubbableImpl;\r\n-import org.mockito.internal.verification.MockAwareVerificationMode;\r\n import org.mockito.internal.verification.VerificationDataImpl;\r\n import org.mockito.stubbing.Answer;\r\n import org.mockito.stubbing.VoidMethodStubbable;\r\n@@ -74,11 +73,9 @@\n         if (verificationMode !\u003d null) {\r\n             //We need to check if verification was started on the correct mock \r\n             // - see VerifyingWithAnExtraCallToADifferentMockTest\r\n-            if (verificationMode instanceof MockAwareVerificationMode \u0026\u0026 ((MockAwareVerificationMode) verificationMode).getMock() \u003d\u003d invocation.getMock()) {\r\n                 VerificationDataImpl data \u003d new VerificationDataImpl(invocationContainerImpl.getInvocations(), invocationMatcher);            \r\n                 verificationMode.verify(data);\r\n                 return null;\r\n-            }\r\n         }\r\n         \r\n         invocationContainerImpl.setInvocationForPotentialStubbing(invocationMatcher);\r\n",
      "operations": [
        {
          "type": "move-tree",
          "from": "",
          "to": ""
        },
        {
          "type": "move-tree",
          "from": "",
          "to": ""
        },
        {
          "type": "move-tree",
          "from": "",
          "to": ""
        },
        {
          "type": "delete-tree",
          "from": "ImportDeclaration [834,901]",
          "to": ""
        },
        {
          "type": "delete-tree",
          "from": "InfixExpression [3217,3354]",
          "to": ""
        },
        {
          "type": "delete-node",
          "from": "Block [3356,3594]",
          "to": ""
        },
        {
          "type": "delete-node",
          "from": "IfStatement [3213,3594]",
          "to": ""
        }
      ]
    },
    {
      "changed_type": "UPDATE",
      "changed_class": [
        "src/org/mockito/internal/MockitoCore.java",
        "src/org/mockito/internal/MockitoCore.java"
      ],
      "changed_functions": [
        {
          "qualified_names": [
            "org.mockito.internal.MockitoCore:verify:[T mock, VerificationMode mode]:T"
          ],
          "num": 1
        },
        {
          "qualified_names": [
            "org.mockito.internal.MockitoCore:verify:[T mock, VerificationMode mode]:T"
          ],
          "num": 1
        }
      ],
      "changed_lines": [
        {
          "qualified_names": [
            "23",
            "74"
          ],
          "num": 2
        },
        {
          "qualified_names": [
            "22",
            "73"
          ],
          "num": 2
        }
      ],
      "diff": "diff --git a/src/org/mockito/internal/MockitoCore.java b/src/org/mockito/internal/MockitoCore.java\nindex ae0d72b..fc99ea9 100755\n--- a/src/org/mockito/internal/MockitoCore.java\n+++ b/src/org/mockito/internal/MockitoCore.java\n@@ -20,7 +20,6 @@\n import org.mockito.internal.stubbing.OngoingStubbingImpl;\r\n import org.mockito.internal.stubbing.StubberImpl;\r\n import org.mockito.internal.util.MockUtil;\r\n-import org.mockito.internal.verification.MockAwareVerificationMode;\r\n import org.mockito.internal.verification.VerificationDataImpl;\r\n import org.mockito.internal.verification.VerificationModeFactory;\r\n import org.mockito.internal.verification.api.InOrderContext;\r\n@@ -71,7 +70,7 @@\n         } else if (!mockUtil.isMock(mock)) {\r\n             reporter.notAMockPassedToVerify();\r\n         }\r\n-        mockingProgress.verificationStarted(new MockAwareVerificationMode(mock, mode));\r\n+        mockingProgress.verificationStarted(mode);\r\n         return mock;\r\n     }\r\n     \r\n",
      "operations": [
        {
          "type": "move-tree",
          "from": "",
          "to": ""
        },
        {
          "type": "delete-tree",
          "from": "ImportDeclaration [872,939]",
          "to": ""
        },
        {
          "type": "delete-tree",
          "from": "SimpleType [2982,3007]",
          "to": ""
        },
        {
          "type": "delete-node",
          "from": "SimpleName: mock [3008,3012]",
          "to": ""
        },
        {
          "type": "delete-node",
          "from": "ClassInstanceCreation [2978,3019]",
          "to": ""
        }
      ]
    }
  ],
  "fixing_type": {
    "add_classes": {
      "qualified_names": [],
      "num": 0
    },
    "delete_classes": {
      "qualified_names": [],
      "num": 0
    },
    "add_functions": {
      "qualified_names": [],
      "num": 0
    },
    "delete_functions": {
      "qualified_names": [],
      "num": 0
    }
  }
}