{
  "logger": {
    "currentLogLevel": 20,
    "name": "root.bean.benchmarks.Defects4JBug"
  },
  "d4jCmd": "/home/liumengjiao/Desktop/defects4j/framework/bin/defects4j",
  "dataDir": "data/changesInfo/",
  "properties": {
    "trigger.tests": "org.apache.commons.cli.bug.BugCLI266Test::testOptionComparatorInsertedOrder",
    "test.dir": "src/test/java",
    "clz.modified": "org.apache.commons.cli.OptionGroup,org.apache.commons.cli.Options",
    "src.dir": "src/main/java"
  },
  "timeoutSecond": 100,
  "proj": "Cli",
  "id": "36",
  "workingDir": "../bugs/Cli_36_tmp",
  "bug_name": "Cli_36",
  "derive": "defects4j",
  "trigger_tests": [
    {
      "test_class": "org.apache.commons.cli.bug.BugCLI266Test",
      "test_function": "testOptionComparatorInsertedOrder",
      "assertion_line": "39",
      "exception": "junit.framework.AssertionFailedError",
      "message": "expected:\u003c[p]\u003e but was:\u003c[x]\u003e"
    }
  ],
  "fixing_changes": [
    {
      "changed_type": "UPDATE",
      "changed_class": [
        "src/main/java/org/apache/commons/cli/OptionGroup.java",
        "src/main/java/org/apache/commons/cli/OptionGroup.java"
      ],
      "changed_functions": [
        {
          "qualified_names": [],
          "num": 0
        },
        {
          "qualified_names": [],
          "num": 0
        }
      ],
      "changed_lines": [
        {
          "qualified_names": [
            "23",
            "37"
          ],
          "num": 2
        },
        {
          "qualified_names": [
            "22",
            "37"
          ],
          "num": 2
        }
      ],
      "diff": "diff --git a/src/main/java/org/apache/commons/cli/OptionGroup.java b/src/main/java/org/apache/commons/cli/OptionGroup.java\nindex dc6d5db..322053f 100644\n--- a/src/main/java/org/apache/commons/cli/OptionGroup.java\n+++ b/src/main/java/org/apache/commons/cli/OptionGroup.java\n@@ -19,8 +19,8 @@\n \n import java.io.Serializable;\n import java.util.Collection;\n+import java.util.HashMap;\n import java.util.Iterator;\n-import java.util.LinkedHashMap;\n import java.util.Map;\n \n /**\n@@ -34,7 +34,7 @@\n     private static final long serialVersionUID \u003d 1L;\n     \n     /** hold the options */\n-    private final Map\u003cString, Option\u003e optionMap \u003d new LinkedHashMap\u003cString, Option\u003e();\n+    private final Map\u003cString, Option\u003e optionMap \u003d new HashMap\u003cString, Option\u003e();\n \n     /** the name of the selected option */\n     private String selected;\n",
      "operations": [
        {
          "type": "insert-tree",
          "from": "",
          "to": "ImportDeclaration [895,920]"
        },
        {
          "type": "update-node",
          "from": "",
          "to": ""
        },
        {
          "type": "delete-tree",
          "from": "ImportDeclaration [922,953]",
          "to": ""
        }
      ]
    },
    {
      "changed_type": "UPDATE",
      "changed_class": [
        "src/main/java/org/apache/commons/cli/Options.java",
        "src/main/java/org/apache/commons/cli/Options.java"
      ],
      "changed_functions": [
        {
          "qualified_names": [],
          "num": 0
        },
        {
          "qualified_names": [],
          "num": 0
        }
      ],
      "changed_lines": [
        {
          "qualified_names": [
            "23",
            "60"
          ],
          "num": 2
        },
        {
          "qualified_names": [
            "24",
            "61"
          ],
          "num": 2
        }
      ],
      "diff": "diff --git a/src/main/java/org/apache/commons/cli/Options.java b/src/main/java/org/apache/commons/cli/Options.java\nindex 796fe5c..0ee4eea 100644\n--- a/src/main/java/org/apache/commons/cli/Options.java\n+++ b/src/main/java/org/apache/commons/cli/Options.java\n@@ -21,6 +21,7 @@\n import java.util.ArrayList;\n import java.util.Collection;\n import java.util.Collections;\n+import java.util.HashMap;\n import java.util.HashSet;\n import java.util.LinkedHashMap;\n import java.util.List;\n@@ -57,7 +58,7 @@\n     private final List\u003cObject\u003e requiredOpts \u003d new ArrayList\u003cObject\u003e();\n \n     /** a map of the option groups */\n-    private final Map\u003cString, OptionGroup\u003e optionGroups \u003d new LinkedHashMap\u003cString, OptionGroup\u003e();\n+    private final Map\u003cString, OptionGroup\u003e optionGroups \u003d new HashMap\u003cString, OptionGroup\u003e();\n \n     /**\n      * Add the specified option group.\n",
      "operations": [
        {
          "type": "insert-tree",
          "from": "",
          "to": "ImportDeclaration [953,978]"
        },
        {
          "type": "update-node",
          "from": "",
          "to": ""
        }
      ]
    }
  ],
  "fixing_type": {
    "add_classes": {
      "qualified_names": [],
      "num": 0
    },
    "delete_classes": {
      "qualified_names": [],
      "num": 0
    },
    "add_functions": {
      "qualified_names": [],
      "num": 0
    },
    "delete_functions": {
      "qualified_names": [],
      "num": 0
    }
  }
}