{
  "logger": {
    "currentLogLevel": 20,
    "name": "root.bean.benchmarks.Defects4JBug"
  },
  "d4jCmd": "/home/liumengjiao/Desktop/defects4j/framework/bin/defects4j",
  "dataDir": "data/changesInfo/",
  "properties": {
    "trigger.tests": "org.jfree.chart.imagemap.junit.StandardToolTipTagFragmentGeneratorTests::testGenerateURLFragment",
    "test.dir": "tests",
    "clz.modified": "org.jfree.chart.imagemap.StandardToolTipTagFragmentGenerator",
    "src.dir": "source"
  },
  "timeoutSecond": 100,
  "proj": "Chart",
  "id": "10",
  "workingDir": "../bugs/Chart_10_tmp",
  "bug_name": "Chart_10",
  "derive": "defects4j",
  "trigger_tests": [
    {
      "test_class": "org.jfree.chart.imagemap.junit.StandardToolTipTagFragmentGeneratorTests",
      "test_function": "testGenerateURLFragment",
      "assertion_line": "80",
      "exception": "junit.framework.ComparisonFailure",
      "message": "expected:\u003c title\u003d\"Series [\u0026quot;A\u0026quot;], 100.0\" alt\u003d\"\"\u003e but was:\u003c title\u003d\"Series [\"A\"], 100.0\" alt\u003d\"\"\u003e"
    }
  ],
  "fixing_changes": [
    {
      "changed_type": "UPDATE",
      "changed_class": [
        "source/org/jfree/chart/imagemap/StandardToolTipTagFragmentGenerator.java",
        "source/org/jfree/chart/imagemap/StandardToolTipTagFragmentGenerator.java"
      ],
      "changed_functions": [
        {
          "qualified_names": [
            "org.jfree.chart.imagemap.StandardToolTipTagFragmentGenerator:generateToolTipFragment:[String toolTipText]:String"
          ],
          "num": 1
        },
        {
          "qualified_names": [
            "org.jfree.chart.imagemap.StandardToolTipTagFragmentGenerator:generateToolTipFragment:[String toolTipText]:String"
          ],
          "num": 1
        }
      ],
      "changed_lines": [
        {
          "qualified_names": [
            "65"
          ],
          "num": 1
        },
        {
          "qualified_names": [
            "65"
          ],
          "num": 1
        }
      ],
      "diff": "diff --git a/source/org/jfree/chart/imagemap/StandardToolTipTagFragmentGenerator.java b/source/org/jfree/chart/imagemap/StandardToolTipTagFragmentGenerator.java\nindex 4755d8c..cf2934c 100644\n--- a/source/org/jfree/chart/imagemap/StandardToolTipTagFragmentGenerator.java\n+++ b/source/org/jfree/chart/imagemap/StandardToolTipTagFragmentGenerator.java\n@@ -62,7 +62,7 @@\n      * @return The formatted HTML area tag attribute(s).\r\n      */\r\n     public String generateToolTipFragment(String toolTipText) {\r\n-        return \" title\u003d\\\"\" + ImageMapUtilities.htmlEscape(toolTipText) \r\n+        return \" title\u003d\\\"\" + toolTipText\r\n             + \"\\\" alt\u003d\\\"\\\"\";\r\n     }\r\n \r\n",
      "operations": [
        {
          "type": "move-tree",
          "from": "",
          "to": ""
        },
        {
          "type": "delete-tree",
          "from": "METHOD_INVOCATION_RECEIVER [2340,2357]",
          "to": ""
        },
        {
          "type": "delete-node",
          "from": "SimpleName: htmlEscape [2358,2368]",
          "to": ""
        },
        {
          "type": "delete-node",
          "from": "METHOD_INVOCATION_ARGUMENTS [2369,2380]",
          "to": ""
        },
        {
          "type": "delete-node",
          "from": "MethodInvocation [2340,2381]",
          "to": ""
        }
      ]
    }
  ],
  "fixing_type": {
    "add_classes": {
      "qualified_names": [],
      "num": 0
    },
    "delete_classes": {
      "qualified_names": [],
      "num": 0
    },
    "add_functions": {
      "qualified_names": [],
      "num": 0
    },
    "delete_functions": {
      "qualified_names": [],
      "num": 0
    }
  }
}