{
  "logger": {
    "currentLogLevel": 20,
    "name": "root.bean.benchmarks.Defects4JBug"
  },
  "d4jCmd": "/home/liumengjiao/Desktop/defects4j/framework/bin/defects4j",
  "dataDir": "data/changesInfo/",
  "properties": {
    "trigger.tests": "com.fasterxml.jackson.dataformat.xml.stream.XmlParserNextXxxTest::testXmlAttributesWithNextTextValue",
    "test.dir": "src/test/java",
    "clz.modified": "com.fasterxml.jackson.dataformat.xml.deser.FromXmlParser",
    "src.dir": "src/main/java"
  },
  "timeoutSecond": 100,
  "proj": "JacksonXml",
  "id": "3",
  "workingDir": "../bugs/JacksonXml_3_tmp",
  "bug_name": "JacksonXml_3",
  "derive": "defects4j",
  "trigger_tests": [
    {
      "test_class": "com.fasterxml.jackson.dataformat.xml.stream.XmlParserNextXxxTest",
      "test_function": "testXmlAttributesWithNextTextValue",
      "assertion_line": "41",
      "exception": "junit.framework.ComparisonFailure",
      "message": "expected:\u003c7\u003e but was:\u003cnull\u003e"
    }
  ],
  "fixing_changes": [
    {
      "changed_type": "UPDATE",
      "changed_class": [
        "src/main/java/com/fasterxml/jackson/dataformat/xml/deser/FromXmlParser.java",
        "src/main/java/com/fasterxml/jackson/dataformat/xml/deser/FromXmlParser.java"
      ],
      "changed_functions": [
        {
          "qualified_names": [
            "com.fasterxml.jackson.dataformat.xml.deser.FromXmlParser:nextTextValue:[]:String"
          ],
          "num": 1
        },
        {
          "qualified_names": [
            "com.fasterxml.jackson.dataformat.xml.deser.FromXmlParser:nextTextValue:[]:String"
          ],
          "num": 1
        }
      ],
      "changed_lines": [
        {
          "qualified_names": [
            "670"
          ],
          "num": 1
        },
        {
          "qualified_names": [
            "669",
            "671"
          ],
          "num": 2
        }
      ],
      "diff": "diff --git a/src/main/java/com/fasterxml/jackson/dataformat/xml/deser/FromXmlParser.java b/src/main/java/com/fasterxml/jackson/dataformat/xml/deser/FromXmlParser.java\nindex c71cd1d..7b163ed 100644\n--- a/src/main/java/com/fasterxml/jackson/dataformat/xml/deser/FromXmlParser.java\n+++ b/src/main/java/com/fasterxml/jackson/dataformat/xml/deser/FromXmlParser.java\n@@ -666,8 +666,9 @@\n             }\n             break;\n         case XmlTokenStream.XML_ATTRIBUTE_VALUE:\n+            _currText \u003d _xmlTokens.getText();\n             _currToken \u003d JsonToken.VALUE_STRING;\n-            return (_currText \u003d _xmlTokens.getText());\n+            break;\n         case XmlTokenStream.XML_TEXT:\n             _currText \u003d _xmlTokens.getText();\n             if (_mayBeLeaf) {\n",
      "operations": [
        {
          "type": "insert-tree",
          "from": "",
          "to": "ExpressionStatement [23722,23755]"
        },
        {
          "type": "insert-node",
          "from": "",
          "to": "BreakStatement [23817,23823]"
        },
        {
          "type": "delete-tree",
          "from": "ReturnStatement [23771,23813]",
          "to": ""
        }
      ]
    }
  ],
  "fixing_type": {
    "add_classes": {
      "qualified_names": [],
      "num": 0
    },
    "delete_classes": {
      "qualified_names": [],
      "num": 0
    },
    "add_functions": {
      "qualified_names": [],
      "num": 0
    },
    "delete_functions": {
      "qualified_names": [],
      "num": 0
    }
  }
}