{
  "logger": {
    "currentLogLevel": 20,
    "name": "root.bean.benchmarks.Defects4JBug"
  },
  "d4jCmd": "/home/liumengjiao/Desktop/defects4j/framework/bin/defects4j",
  "dataDir": "data/changesInfo/",
  "properties": {
    "trigger.tests": "org.apache.commons.jxpath.ri.model.dom.DOMModelTest::testGetNode,org.apache.commons.jxpath.ri.model.jdom.JDOMModelTest::testGetNode",
    "test.dir": "src/test",
    "clz.modified": "org.apache.commons.jxpath.ri.model.dom.DOMNodePointer,org.apache.commons.jxpath.ri.model.jdom.JDOMNodePointer",
    "src.dir": "src/java"
  },
  "timeoutSecond": 100,
  "proj": "JxPath",
  "id": "1",
  "workingDir": "../bugs/JxPath_1_tmp",
  "bug_name": "JxPath_1",
  "derive": "defects4j",
  "trigger_tests": [
    {
      "test_class": "org.apache.commons.jxpath.ri.model.dom.DOMModelTest",
      "test_function": "testGetNode",
      "assertion_line": "68",
      "exception": "java.lang.NullPointerException",
      "message": ""
    },
    {
      "test_class": "org.apache.commons.jxpath.ri.model.jdom.JDOMModelTest",
      "test_function": "testGetNode",
      "assertion_line": "65",
      "exception": "java.lang.NullPointerException",
      "message": ""
    }
  ],
  "fixing_changes": [
    {
      "changed_type": "UPDATE",
      "changed_class": [
        "src/java/org/apache/commons/jxpath/ri/model/dom/DOMNodePointer.java",
        "src/java/org/apache/commons/jxpath/ri/model/dom/DOMNodePointer.java"
      ],
      "changed_functions": [
        {
          "qualified_names": [
            "org.apache.commons.jxpath.ri.model.dom.DOMNodePointer:testNode:[Node node, NodeTest test]:boolean"
          ],
          "num": 1
        },
        {
          "qualified_names": [
            "org.apache.commons.jxpath.ri.model.dom.DOMNodePointer:testNode:[Node node, NodeTest test]:boolean"
          ],
          "num": 1
        }
      ],
      "changed_lines": [
        {
          "qualified_names": [
            "116",
            "117"
          ],
          "num": 2
        },
        {
          "qualified_names": [
            "116"
          ],
          "num": 1
        }
      ],
      "diff": "diff --git a/src/java/org/apache/commons/jxpath/ri/model/dom/DOMNodePointer.java b/src/java/org/apache/commons/jxpath/ri/model/dom/DOMNodePointer.java\nindex 113b410..aef2de6 100644\n--- a/src/java/org/apache/commons/jxpath/ri/model/dom/DOMNodePointer.java\n+++ b/src/java/org/apache/commons/jxpath/ri/model/dom/DOMNodePointer.java\n@@ -113,8 +113,7 @@\n             int nodeType \u003d node.getNodeType();\n             switch (((NodeTypeTest) test).getNodeType()) {\n                 case Compiler.NODE_TYPE_NODE :\n-                    return nodeType \u003d\u003d Node.ELEMENT_NODE\n-                            || nodeType \u003d\u003d Node.DOCUMENT_NODE;\n+                    return nodeType \u003d\u003d Node.ELEMENT_NODE;\n                 case Compiler.NODE_TYPE_TEXT :\n                     return nodeType \u003d\u003d Node.CDATA_SECTION_NODE\n                         || nodeType \u003d\u003d Node.TEXT_NODE;\n",
      "operations": [
        {
          "type": "move-tree",
          "from": "",
          "to": ""
        },
        {
          "type": "delete-node",
          "from": "INFIX_EXPRESSION_OPERATOR: || [4243,4245]",
          "to": ""
        },
        {
          "type": "delete-tree",
          "from": "InfixExpression [4246,4276]",
          "to": ""
        },
        {
          "type": "delete-node",
          "from": "InfixExpression [4185,4276]",
          "to": ""
        }
      ]
    },
    {
      "changed_type": "UPDATE",
      "changed_class": [
        "src/java/org/apache/commons/jxpath/ri/model/jdom/JDOMNodePointer.java",
        "src/java/org/apache/commons/jxpath/ri/model/jdom/JDOMNodePointer.java"
      ],
      "changed_functions": [
        {
          "qualified_names": [
            "org.apache.commons.jxpath.ri.model.jdom.JDOMNodePointer:testNode:[NodePointer pointer, Object node, NodeTest test]:boolean"
          ],
          "num": 1
        },
        {
          "qualified_names": [
            "org.apache.commons.jxpath.ri.model.jdom.JDOMNodePointer:testNode:[NodePointer pointer, Object node, NodeTest test]:boolean"
          ],
          "num": 1
        }
      ],
      "changed_lines": [
        {
          "qualified_names": [
            "376"
          ],
          "num": 1
        },
        {
          "qualified_names": [
            "376"
          ],
          "num": 1
        }
      ],
      "diff": "diff --git a/src/java/org/apache/commons/jxpath/ri/model/jdom/JDOMNodePointer.java b/src/java/org/apache/commons/jxpath/ri/model/jdom/JDOMNodePointer.java\nindex 32ffc1a..d151bed 100644\n--- a/src/java/org/apache/commons/jxpath/ri/model/jdom/JDOMNodePointer.java\n+++ b/src/java/org/apache/commons/jxpath/ri/model/jdom/JDOMNodePointer.java\n@@ -373,7 +373,7 @@\n         else if (test instanceof NodeTypeTest) {\n             switch (((NodeTypeTest) test).getNodeType()) {\n                 case Compiler.NODE_TYPE_NODE :\n-                    return (node instanceof Element) || (node instanceof Document);\n+                    return node instanceof Element;\n                 case Compiler.NODE_TYPE_TEXT :\n                     return (node instanceof Text) || (node instanceof CDATA);\n                 case Compiler.NODE_TYPE_COMMENT :\n",
      "operations": [
        {
          "type": "insert-tree",
          "from": "",
          "to": "ReturnStatement [12058,12089]"
        },
        {
          "type": "delete-tree",
          "from": "ReturnStatement [12058,12121]",
          "to": ""
        }
      ]
    }
  ],
  "fixing_type": {
    "add_classes": {
      "qualified_names": [],
      "num": 0
    },
    "delete_classes": {
      "qualified_names": [],
      "num": 0
    },
    "add_functions": {
      "qualified_names": [],
      "num": 0
    },
    "delete_functions": {
      "qualified_names": [],
      "num": 0
    }
  }
}