{
  "logger": {
    "currentLogLevel": 20,
    "name": "root.bean.benchmarks.Defects4JBug"
  },
  "d4jCmd": "/home/liumengjiao/Desktop/defects4j/framework/bin/defects4j",
  "dataDir": "data/changesInfo/",
  "properties": {
    "trigger.tests": "com.fasterxml.jackson.databind.jsontype.TestExternalId::testInverseExternalId928",
    "test.dir": "src/test/java",
    "clz.modified": "com.fasterxml.jackson.databind.deser.BeanDeserializer",
    "src.dir": "src/main/java"
  },
  "timeoutSecond": 100,
  "proj": "JacksonDatabind",
  "id": "27",
  "workingDir": "../bugs/JacksonDatabind_27_tmp",
  "bug_name": "JacksonDatabind_27",
  "derive": "defects4j",
  "trigger_tests": [
    {
      "test_class": "com.fasterxml.jackson.databind.jsontype.TestExternalId",
      "test_function": "testInverseExternalId928",
      "assertion_line": "495",
      "exception": "java.lang.IllegalStateException",
      "message": "No fallback setter/field defined: can not use creator property for com.fasterxml.jackson.databind.deser.CreatorProperty"
    }
  ],
  "fixing_changes": [
    {
      "changed_type": "UPDATE",
      "changed_class": [
        "src/main/java/com/fasterxml/jackson/databind/deser/BeanDeserializer.java",
        "src/main/java/com/fasterxml/jackson/databind/deser/BeanDeserializer.java"
      ],
      "changed_functions": [
        {
          "qualified_names": [
            "com.fasterxml.jackson.databind.deser.BeanDeserializer:deserializeUsingPropertyBasedWithExternalTypeId:[JsonParser p, DeserializationContext ctxt]:Object"
          ],
          "num": 1
        },
        {
          "qualified_names": [
            "com.fasterxml.jackson.databind.deser.BeanDeserializer:deserializeUsingPropertyBasedWithExternalTypeId:[JsonParser p, DeserializationContext ctxt]:Object"
          ],
          "num": 1
        }
      ],
      "changed_lines": [
        {
          "qualified_names": [
            "794"
          ],
          "num": 1
        },
        {
          "qualified_names": [
            "794"
          ],
          "num": 1
        }
      ],
      "diff": "diff --git a/src/main/java/com/fasterxml/jackson/databind/deser/BeanDeserializer.java b/src/main/java/com/fasterxml/jackson/databind/deser/BeanDeserializer.java\nindex 23d989e..fc7961d 100644\n--- a/src/main/java/com/fasterxml/jackson/databind/deser/BeanDeserializer.java\n+++ b/src/main/java/com/fasterxml/jackson/databind/deser/BeanDeserializer.java\n@@ -791,7 +791,7 @@\n                 // first: let\u0027s check to see if this might be part of value with external type id:\n                 // 11-Sep-2015, tatu: Important; do NOT pass buffer as last arg, but null,\n                 //   since it is not the bean\n-                if (ext.handlePropertyValue(p, ctxt, propName, null)) {\n+                if (ext.handlePropertyValue(p, ctxt, propName, buffer)) {\n                     ;\n                 } else {\n                     // Last creator property to set?\n",
      "operations": [
        {
          "type": "insert-node",
          "from": "",
          "to": "SimpleName: buffer [31531,31537]"
        },
        {
          "type": "delete-node",
          "from": "NullLiteral [31531,31535]",
          "to": ""
        }
      ]
    }
  ],
  "fixing_type": {
    "add_classes": {
      "qualified_names": [],
      "num": 0
    },
    "delete_classes": {
      "qualified_names": [],
      "num": 0
    },
    "add_functions": {
      "qualified_names": [],
      "num": 0
    },
    "delete_functions": {
      "qualified_names": [],
      "num": 0
    }
  }
}