{
  "logger": {
    "currentLogLevel": 20,
    "name": "root.bean.benchmarks.Defects4JBug"
  },
  "d4jCmd": "/home/liumengjiao/Desktop/defects4j/framework/bin/defects4j",
  "dataDir": "data/changesInfo/",
  "properties": {
    "trigger.tests": "org.apache.commons.cli.PosixParserTest::testStopBursting",
    "test.dir": "src/test",
    "clz.modified": "org.apache.commons.cli.PosixParser",
    "src.dir": "src/java"
  },
  "timeoutSecond": 100,
  "proj": "Cli",
  "id": "17",
  "workingDir": "../bugs/Cli_17_tmp",
  "bug_name": "Cli_17",
  "derive": "defects4j",
  "trigger_tests": [
    {
      "test_class": "org.apache.commons.cli.PosixParserTest",
      "test_function": "testStopBursting",
      "assertion_line": "141",
      "exception": "junit.framework.AssertionFailedError",
      "message": "Confirm  1 extra arg: 2"
    }
  ],
  "fixing_changes": [
    {
      "changed_type": "UPDATE",
      "changed_class": [
        "src/java/org/apache/commons/cli/PosixParser.java",
        "src/java/org/apache/commons/cli/PosixParser.java"
      ],
      "changed_functions": [
        {
          "qualified_names": [
            "org.apache.commons.cli.PosixParser:burstToken:[String token, boolean stopAtNonOption]:void"
          ],
          "num": 1
        },
        {
          "qualified_names": [
            "org.apache.commons.cli.PosixParser:burstToken:[String token, boolean stopAtNonOption]:void"
          ],
          "num": 1
        }
      ],
      "changed_lines": [
        {
          "qualified_names": [
            "303"
          ],
          "num": 1
        },
        {
          "qualified_names": [
            "302"
          ],
          "num": 1
        }
      ],
      "diff": "diff --git a/src/java/org/apache/commons/cli/PosixParser.java b/src/java/org/apache/commons/cli/PosixParser.java\nindex 1792c99..cafcede 100644\n--- a/src/java/org/apache/commons/cli/PosixParser.java\n+++ b/src/java/org/apache/commons/cli/PosixParser.java\n@@ -300,7 +300,6 @@\n             else if (stopAtNonOption)\n             {\n                 process(token.substring(i));\n-                break;\n             }\n             else\n             {\n",
      "operations": [
        {
          "type": "move-tree",
          "from": "",
          "to": ""
        },
        {
          "type": "delete-node",
          "from": "BreakStatement [10559,10565]",
          "to": ""
        }
      ]
    }
  ],
  "fixing_type": {
    "add_classes": {
      "qualified_names": [],
      "num": 0
    },
    "delete_classes": {
      "qualified_names": [],
      "num": 0
    },
    "add_functions": {
      "qualified_names": [],
      "num": 0
    },
    "delete_functions": {
      "qualified_names": [],
      "num": 0
    }
  }
}