{
  "logger": {
    "currentLogLevel": 20,
    "name": "root.bean.benchmarks.Defects4JBug"
  },
  "d4jCmd": "/home/liumengjiao/Desktop/defects4j/framework/bin/defects4j",
  "dataDir": "data/changesInfo/",
  "properties": {
    "trigger.tests": "org.jsoup.parser.HtmlParserTest::testInvalidTableContents",
    "test.dir": "src/test/java",
    "clz.modified": "org.jsoup.parser.TreeBuilder",
    "src.dir": "src/main/java"
  },
  "timeoutSecond": 100,
  "proj": "Jsoup",
  "id": "44",
  "workingDir": "../bugs/Jsoup_44_tmp",
  "bug_name": "Jsoup_44",
  "derive": "defects4j",
  "trigger_tests": [
    {
      "test_class": "org.jsoup.parser.HtmlParserTest",
      "test_function": "testInvalidTableContents",
      "assertion_line": "864",
      "exception": "junit.framework.AssertionFailedError",
      "message": "Search text did not come after comment"
    }
  ],
  "fixing_changes": [
    {
      "changed_type": "UPDATE",
      "changed_class": [
        "src/main/java/org/jsoup/parser/TreeBuilder.java",
        "src/main/java/org/jsoup/parser/TreeBuilder.java"
      ],
      "changed_functions": [
        {
          "qualified_names": [
            "org.jsoup.parser.TreeBuilder:processStartTag:[String name, Attributes attrs]:boolean",
            "org.jsoup.parser.TreeBuilder:processStartTag:[String name]:boolean",
            "org.jsoup.parser.TreeBuilder:processEndTag:[String name]:boolean"
          ],
          "num": 3
        },
        {
          "qualified_names": [
            "org.jsoup.parser.TreeBuilder:processStartTag:[String name]:boolean"
          ],
          "num": 1
        }
      ],
      "changed_lines": [
        {
          "qualified_names": [
            "61",
            "62",
            "63",
            "68",
            "69",
            "70",
            "77",
            "78",
            "79"
          ],
          "num": 9
        },
        {
          "qualified_names": [
            "60"
          ],
          "num": 1
        }
      ],
      "diff": "diff --git a/src/main/java/org/jsoup/parser/TreeBuilder.java b/src/main/java/org/jsoup/parser/TreeBuilder.java\nindex c6f5f20..3984e87 100644\n--- a/src/main/java/org/jsoup/parser/TreeBuilder.java\n+++ b/src/main/java/org/jsoup/parser/TreeBuilder.java\n@@ -58,25 +58,16 @@\n     protected abstract boolean process(Token token);\n \n     protected boolean processStartTag(String name) {\n-        if (currentToken \u003d\u003d start) { // don\u0027t recycle an in-use token\n-            return process(new Token.StartTag().name(name));\n-        }\n         return process(start.reset().name(name));\n     }\n \n     public boolean processStartTag(String name, Attributes attrs) {\n-        if (currentToken \u003d\u003d start) { // don\u0027t recycle an in-use token\n-            return process(new Token.StartTag().nameAttr(name, attrs));\n-        }\n         start.reset();\n         start.nameAttr(name, attrs);\n         return process(start);\n     }\n \n     protected boolean processEndTag(String name) {\n-        if (currentToken \u003d\u003d end) { // don\u0027t recycle an in-use token\n-            return process(new Token.EndTag().name(name));\n-        }\n         return process(end.reset().name(name));\n     }\n \n",
      "operations": [
        {
          "type": "delete-tree",
          "from": "IfStatement [1931,2063]",
          "to": ""
        },
        {
          "type": "delete-tree",
          "from": "IfStatement [2197,2340]",
          "to": ""
        },
        {
          "type": "delete-tree",
          "from": "IfStatement [2498,2626]",
          "to": ""
        }
      ]
    }
  ],
  "fixing_type": {
    "add_classes": {
      "qualified_names": [],
      "num": 0
    },
    "delete_classes": {
      "qualified_names": [],
      "num": 0
    },
    "add_functions": {
      "qualified_names": [],
      "num": 0
    },
    "delete_functions": {
      "qualified_names": [
        "org.jsoup.parser.TreeBuilder:processStartTag:[String name, Attributes attrs]:boolean",
        "org.jsoup.parser.TreeBuilder:processEndTag:[String name]:boolean"
      ],
      "num": 2
    }
  }
}