{
  "logger": {
    "currentLogLevel": 20,
    "name": "root.bean.benchmarks.Defects4JBug"
  },
  "d4jCmd": "/home/liumengjiao/Desktop/defects4j/framework/bin/defects4j",
  "dataDir": "data/changesInfo/",
  "properties": {
    "trigger.tests": "com.google.javascript.jscomp.FlowSensitiveInlineVariablesTest::testIssue794b",
    "test.dir": "test",
    "clz.modified": "com.google.javascript.jscomp.MaybeReachingVariableUse",
    "src.dir": "src"
  },
  "timeoutSecond": 100,
  "proj": "Closure",
  "id": "12",
  "workingDir": "../bugs/Closure_12_tmp",
  "bug_name": "Closure_12",
  "derive": "defects4j",
  "trigger_tests": [
    {
      "test_class": "com.google.javascript.jscomp.FlowSensitiveInlineVariablesTest",
      "test_function": "testIssue794b",
      "assertion_line": "513",
      "exception": "junit.framework.AssertionFailedError",
      "message": "Expected: function _func(){var x\u003d1;try{x\u003dx+someFunction()}catch(e){}x\u003dx+1;try{x\u003dx+someFunction()}catch(e$$1){}return x}\nResult: function _func(){var x;try{x\u003d1+someFunction()}catch(e){}try{x\u003dx+1+someFunction()}catch(e$$1){}return x}"
    }
  ],
  "fixing_changes": [
    {
      "changed_type": "UPDATE",
      "changed_class": [
        "src/com/google/javascript/jscomp/MaybeReachingVariableUse.java",
        "src/com/google/javascript/jscomp/MaybeReachingVariableUse.java"
      ],
      "changed_functions": [
        {
          "qualified_names": [
            "com.google.javascript.jscomp.MaybeReachingVariableUse:hasExceptionHandler:[Node cfgNode]:boolean"
          ],
          "num": 1
        },
        {
          "qualified_names": [
            "com.google.javascript.jscomp.MaybeReachingVariableUse:hasExceptionHandler:[Node cfgNode]:boolean"
          ],
          "num": 1
        }
      ],
      "changed_lines": [
        {
          "qualified_names": [
            "160",
            "161",
            "162",
            "163",
            "164",
            "165"
          ],
          "num": 6
        },
        {
          "qualified_names": [
            "159"
          ],
          "num": 1
        }
      ],
      "diff": "diff --git a/src/com/google/javascript/jscomp/MaybeReachingVariableUse.java b/src/com/google/javascript/jscomp/MaybeReachingVariableUse.java\nindex 8361ac9..add5c66 100644\n--- a/src/com/google/javascript/jscomp/MaybeReachingVariableUse.java\n+++ b/src/com/google/javascript/jscomp/MaybeReachingVariableUse.java\n@@ -157,12 +157,6 @@\n   }\n \n   private boolean hasExceptionHandler(Node cfgNode) {\n-    List\u003cDiGraphEdge\u003cNode, Branch\u003e\u003e branchEdges \u003d getCfg().getOutEdges(cfgNode);\n-    for (DiGraphEdge\u003cNode, Branch\u003e edge : branchEdges) {\n-      if (edge.getValue() \u003d\u003d Branch.ON_EX) {\n-        return true;\n-      }\n-    }\n     return false;\n   }\n \n",
      "operations": [
        {
          "type": "delete-tree",
          "from": "VariableDeclarationStatement [4884,4960]",
          "to": ""
        },
        {
          "type": "delete-tree",
          "from": "EnhancedForStatement [4965,5097]",
          "to": ""
        }
      ]
    }
  ],
  "fixing_type": {
    "add_classes": {
      "qualified_names": [],
      "num": 0
    },
    "delete_classes": {
      "qualified_names": [],
      "num": 0
    },
    "add_functions": {
      "qualified_names": [],
      "num": 0
    },
    "delete_functions": {
      "qualified_names": [],
      "num": 0
    }
  }
}