{
  "logger": {
    "currentLogLevel": 20,
    "name": "root.bean.benchmarks.Defects4JBug"
  },
  "d4jCmd": "/home/liumengjiao/Desktop/defects4j/framework/bin/defects4j",
  "dataDir": "data/changesInfo/",
  "properties": {
    "trigger.tests": "org.apache.commons.compress.archivers.tar.TarArchiveOutputStreamTest::testCount",
    "test.dir": "src/test/java",
    "clz.modified": "org.apache.commons.compress.archivers.tar.TarArchiveOutputStream",
    "src.dir": "src/main/java"
  },
  "timeoutSecond": 100,
  "proj": "Compress",
  "id": "9",
  "workingDir": "../bugs/Compress_9_tmp",
  "bug_name": "Compress_9",
  "derive": "defects4j",
  "trigger_tests": [
    {
      "test_class": "org.apache.commons.compress.archivers.tar.TarArchiveOutputStreamTest",
      "test_function": "testCount",
      "assertion_line": "55",
      "exception": "junit.framework.AssertionFailedError",
      "message": "expected:\u003c10240\u003e but was:\u003c76\u003e"
    }
  ],
  "fixing_changes": [
    {
      "changed_type": "UPDATE",
      "changed_class": [
        "src/main/java/org/apache/commons/compress/archivers/tar/TarArchiveOutputStream.java",
        "src/main/java/org/apache/commons/compress/archivers/tar/TarArchiveOutputStream.java"
      ],
      "changed_functions": [
        {
          "qualified_names": [
            "org.apache.commons.compress.archivers.tar.TarArchiveOutputStream:write:[byte[] wBuf, int wOffset, int numToWrite]:void",
            "org.apache.commons.compress.archivers.tar.TarArchiveOutputStream:getCount:[]:int",
            "org.apache.commons.compress.archivers.tar.TarArchiveOutputStream:getBytesWritten:[]:long"
          ],
          "num": 3
        },
        {
          "qualified_names": [
            "org.apache.commons.compress.archivers.tar.TarArchiveOutputStream:write:[byte[] wBuf, int wOffset, int numToWrite]:void"
          ],
          "num": 1
        }
      ],
      "changed_lines": [
        {
          "qualified_names": [
            "108",
            "109",
            "110",
            "111",
            "112",
            "114",
            "115",
            "116",
            "117",
            "338"
          ],
          "num": 10
        },
        {
          "qualified_names": [
            "107",
            "330"
          ],
          "num": 2
        }
      ],
      "diff": "diff --git a/src/main/java/org/apache/commons/compress/archivers/tar/TarArchiveOutputStream.java b/src/main/java/org/apache/commons/compress/archivers/tar/TarArchiveOutputStream.java\nindex 53d4450..15beec8 100644\n--- a/src/main/java/org/apache/commons/compress/archivers/tar/TarArchiveOutputStream.java\n+++ b/src/main/java/org/apache/commons/compress/archivers/tar/TarArchiveOutputStream.java\n@@ -105,16 +105,7 @@\n     }\n \n \n-    @Deprecated\n-    @Override\n-    public int getCount() {\n-        return (int) getBytesWritten();\n-    }\n \n-    @Override\n-    public long getBytesWritten() {\n-        return ((CountingOutputStream) out).getBytesWritten();\n-    }\n \n     /**\n      * Ends the TAR archive without closing the underlying OutputStream.\n@@ -336,6 +327,7 @@\n             numToWrite -\u003d num;\n             wOffset +\u003d num;\n         }\n+        count(numToWrite);\n     }\n \n     /**\n",
      "operations": [
        {
          "type": "insert-tree",
          "from": "",
          "to": "ExpressionStatement [11702,11720]"
        },
        {
          "type": "delete-tree",
          "from": "MethodDeclaration [3813,3912]",
          "to": ""
        },
        {
          "type": "delete-tree",
          "from": "MethodDeclaration [3918,4032]",
          "to": ""
        }
      ]
    }
  ],
  "fixing_type": {
    "add_classes": {
      "qualified_names": [],
      "num": 0
    },
    "delete_classes": {
      "qualified_names": [],
      "num": 0
    },
    "add_functions": {
      "qualified_names": [],
      "num": 0
    },
    "delete_functions": {
      "qualified_names": [
        "org.apache.commons.compress.archivers.tar.TarArchiveOutputStream:getBytesWritten:[]:long",
        "org.apache.commons.compress.archivers.tar.TarArchiveOutputStream:getCount:[]:int"
      ],
      "num": 2
    }
  }
}