{
  "logger": {
    "currentLogLevel": 20,
    "name": "root.bean.benchmarks.Defects4JBug"
  },
  "d4jCmd": "/home/liumengjiao/Desktop/defects4j/framework/bin/defects4j",
  "dataDir": "data/changesInfo/",
  "properties": {
    "trigger.tests": "org.jfree.chart.util.junit.ShapeListTests::testSerialization,org.jfree.chart.util.junit.ShapeListTests::testEquals",
    "test.dir": "tests",
    "clz.modified": "org.jfree.chart.util.ShapeList",
    "src.dir": "source"
  },
  "timeoutSecond": 100,
  "proj": "Chart",
  "id": "6",
  "workingDir": "../bugs/Chart_6_tmp",
  "bug_name": "Chart_6",
  "derive": "defects4j",
  "trigger_tests": [
    {
      "test_class": "org.jfree.chart.util.junit.ShapeListTests",
      "test_function": "testSerialization",
      "assertion_line": "151",
      "exception": "junit.framework.AssertionFailedError",
      "message": "expected:\u003corg.jfree.chart.util.ShapeList@cef18a3f\u003e but was:\u003corg.jfree.chart.util.ShapeList@e657ea8d\u003e"
    },
    {
      "test_class": "org.jfree.chart.util.junit.ShapeListTests",
      "test_function": "testEquals",
      "exception": "junit.framework.AssertionFailedError",
      "message": ""
    }
  ],
  "fixing_changes": [
    {
      "changed_type": "UPDATE",
      "changed_class": [
        "source/org/jfree/chart/util/ShapeList.java",
        "source/org/jfree/chart/util/ShapeList.java"
      ],
      "changed_functions": [
        {
          "qualified_names": [
            "org.jfree.chart.util.ShapeList:equals:[Object obj]:boolean"
          ],
          "num": 1
        },
        {
          "qualified_names": [
            "org.jfree.chart.util.ShapeList:equals:[Object obj]:boolean"
          ],
          "num": 1
        }
      ],
      "changed_lines": [
        {
          "qualified_names": [
            "111",
            "112",
            "113",
            "114",
            "115",
            "116",
            "117",
            "118"
          ],
          "num": 8
        },
        {
          "qualified_names": [
            "111"
          ],
          "num": 1
        }
      ],
      "diff": "diff --git a/source/org/jfree/chart/util/ShapeList.java b/source/org/jfree/chart/util/ShapeList.java\nindex 73ece1c..85f1c81 100644\n--- a/source/org/jfree/chart/util/ShapeList.java\n+++ b/source/org/jfree/chart/util/ShapeList.java\n@@ -108,14 +108,7 @@\n         if (!(obj instanceof ShapeList)) {\n             return false;\n         }\n-        ShapeList that \u003d (ShapeList) obj;\n-        int listSize \u003d size();\n-        for (int i \u003d 0; i \u003c listSize; i++) {\n-           if (!ShapeUtilities.equal((Shape) get(i), (Shape) that.get(i))) {\n-               return false;\n-           }\n-        }\n-        return true;\n+        return super.equals(obj);\n \n     }\n \n",
      "operations": [
        {
          "type": "insert-tree",
          "from": "",
          "to": "ReturnStatement [3125,3150]"
        },
        {
          "type": "delete-tree",
          "from": "VariableDeclarationStatement [3125,3158]",
          "to": ""
        },
        {
          "type": "delete-tree",
          "from": "VariableDeclarationStatement [3167,3189]",
          "to": ""
        },
        {
          "type": "delete-tree",
          "from": "ForStatement [3198,3363]",
          "to": ""
        },
        {
          "type": "delete-tree",
          "from": "ReturnStatement [3372,3384]",
          "to": ""
        }
      ]
    }
  ],
  "fixing_type": {
    "add_classes": {
      "qualified_names": [],
      "num": 0
    },
    "delete_classes": {
      "qualified_names": [],
      "num": 0
    },
    "add_functions": {
      "qualified_names": [],
      "num": 0
    },
    "delete_functions": {
      "qualified_names": [],
      "num": 0
    }
  }
}