{
  "logger": {
    "currentLogLevel": 20,
    "name": "root.bean.benchmarks.Defects4JBug"
  },
  "d4jCmd": "/home/liumengjiao/Desktop/defects4j/framework/bin/defects4j",
  "dataDir": "data/changesInfo/",
  "properties": {
    "trigger.tests": "com.fasterxml.jackson.core.read.NonStandardUnquotedNamesTest::testUnquotedIssue510",
    "test.dir": "src/test/java",
    "clz.modified": "com.fasterxml.jackson.core.json.ReaderBasedJsonParser",
    "src.dir": "src/main/java"
  },
  "timeoutSecond": 100,
  "proj": "JacksonCore",
  "id": "25",
  "workingDir": "../bugs/JacksonCore_25_tmp",
  "bug_name": "JacksonCore_25",
  "derive": "defects4j",
  "trigger_tests": [
    {
      "test_class": "com.fasterxml.jackson.core.read.NonStandardUnquotedNamesTest",
      "test_function": "testUnquotedIssue510",
      "assertion_line": "49",
      "exception": "java.lang.ArrayIndexOutOfBoundsException",
      "message": "256"
    }
  ],
  "fixing_changes": [
    {
      "changed_type": "UPDATE",
      "changed_class": [
        "src/main/java/com/fasterxml/jackson/core/json/ReaderBasedJsonParser.java",
        "src/main/java/com/fasterxml/jackson/core/json/ReaderBasedJsonParser.java"
      ],
      "changed_functions": [
        {
          "qualified_names": [
            "com.fasterxml.jackson.core.json.ReaderBasedJsonParser:_handleOddName2:[int startPtr, int hash, int[] codes]:String"
          ],
          "num": 1
        },
        {
          "qualified_names": [
            "com.fasterxml.jackson.core.json.ReaderBasedJsonParser:_handleOddName2:[int startPtr, int hash, int[] codes]:String"
          ],
          "num": 1
        }
      ],
      "changed_lines": [
        {
          "qualified_names": [
            "1963"
          ],
          "num": 1
        },
        {
          "qualified_names": [
            "1963"
          ],
          "num": 1
        }
      ],
      "diff": "diff --git a/src/main/java/com/fasterxml/jackson/core/json/ReaderBasedJsonParser.java b/src/main/java/com/fasterxml/jackson/core/json/ReaderBasedJsonParser.java\nindex f38e4aa..2c1f5a2 100644\n--- a/src/main/java/com/fasterxml/jackson/core/json/ReaderBasedJsonParser.java\n+++ b/src/main/java/com/fasterxml/jackson/core/json/ReaderBasedJsonParser.java\n@@ -1960,7 +1960,7 @@\n             }\n             char c \u003d _inputBuffer[_inputPtr];\n             int i \u003d (int) c;\n-            if (i \u003c maxCode) {\n+            if (i \u003c\u003d maxCode) {\n                 if (codes[i] !\u003d 0) {\n                     break;\n                 }\n",
      "operations": [
        {
          "type": "update-node",
          "from": "",
          "to": ""
        }
      ]
    }
  ],
  "fixing_type": {
    "add_classes": {
      "qualified_names": [],
      "num": 0
    },
    "delete_classes": {
      "qualified_names": [],
      "num": 0
    },
    "add_functions": {
      "qualified_names": [],
      "num": 0
    },
    "delete_functions": {
      "qualified_names": [],
      "num": 0
    }
  }
}