{
  "logger": {
    "currentLogLevel": 20,
    "name": "root.bean.benchmarks.Defects4JBug"
  },
  "d4jCmd": "/home/liumengjiao/Desktop/defects4j/framework/bin/defects4j",
  "dataDir": "data/changesInfo/",
  "properties": {
    "trigger.tests": "org.apache.commons.cli.OptionBuilderTest::testBuilderIsResettedAlways",
    "test.dir": "src/test",
    "clz.modified": "org.apache.commons.cli.OptionBuilder",
    "src.dir": "src/java"
  },
  "timeoutSecond": 100,
  "proj": "Cli",
  "id": "26",
  "workingDir": "../bugs/Cli_26_tmp",
  "bug_name": "Cli_26",
  "derive": "defects4j",
  "trigger_tests": [
    {
      "test_class": "org.apache.commons.cli.OptionBuilderTest",
      "test_function": "testBuilderIsResettedAlways",
      "assertion_line": "164",
      "exception": "junit.framework.AssertionFailedError",
      "message": "we inherited a description"
    }
  ],
  "fixing_changes": [
    {
      "changed_type": "UPDATE",
      "changed_class": [
        "src/java/org/apache/commons/cli/OptionBuilder.java",
        "src/java/org/apache/commons/cli/OptionBuilder.java"
      ],
      "changed_functions": [
        {
          "qualified_names": [
            "org.apache.commons.cli.OptionBuilder:create:[String opt]:Option"
          ],
          "num": 1
        },
        {
          "qualified_names": [
            "org.apache.commons.cli.OptionBuilder:create:[String opt]:Option"
          ],
          "num": 1
        }
      ],
      "changed_lines": [
        {
          "qualified_names": [
            "348",
            "349",
            "351",
            "361",
            "364"
          ],
          "num": 5
        },
        {
          "qualified_names": [
            "349",
            "362"
          ],
          "num": 2
        }
      ],
      "diff": "diff --git a/src/java/org/apache/commons/cli/OptionBuilder.java b/src/java/org/apache/commons/cli/OptionBuilder.java\nindex 60b4967..4d21b8b 100644\n--- a/src/java/org/apache/commons/cli/OptionBuilder.java\n+++ b/src/java/org/apache/commons/cli/OptionBuilder.java\n@@ -345,10 +345,8 @@\n      */\n     public static Option create(String opt) throws IllegalArgumentException\n     {\n-        Option option \u003d null;\n-        try {\n             // create the option\n-            option \u003d new Option(opt, description);\n+        Option option \u003d new Option(opt, description);\n \n             // set the option properties\n             option.setLongOpt(longopt);\n@@ -358,10 +356,8 @@\n             option.setType(type);\n             option.setValueSeparator(valuesep);\n             option.setArgName(argName);\n-        } finally {\n             // reset the OptionBuilder properties\n             OptionBuilder.reset();\n-        }\n \n         // return the Option instance\n         return option;\n",
      "operations": [
        {
          "type": "insert-node",
          "from": "",
          "to": "VariableDeclarationStatement [9435,9480]"
        },
        {
          "type": "move-tree",
          "from": "",
          "to": ""
        },
        {
          "type": "move-tree",
          "from": "",
          "to": ""
        },
        {
          "type": "move-tree",
          "from": "",
          "to": ""
        },
        {
          "type": "move-tree",
          "from": "",
          "to": ""
        },
        {
          "type": "move-tree",
          "from": "",
          "to": ""
        },
        {
          "type": "move-tree",
          "from": "",
          "to": ""
        },
        {
          "type": "move-tree",
          "from": "",
          "to": ""
        },
        {
          "type": "move-tree",
          "from": "",
          "to": ""
        },
        {
          "type": "insert-tree",
          "from": "",
          "to": "SimpleType [9435,9441]"
        },
        {
          "type": "insert-node",
          "from": "",
          "to": "VariableDeclarationFragment [9442,9479]"
        },
        {
          "type": "move-tree",
          "from": "",
          "to": ""
        },
        {
          "type": "move-tree",
          "from": "",
          "to": ""
        },
        {
          "type": "delete-tree",
          "from": "VariableDeclarationStatement [9402,9423]",
          "to": ""
        },
        {
          "type": "delete-node",
          "from": "ASSIGNMENT_OPERATOR: \u003d [9490,9491]",
          "to": ""
        },
        {
          "type": "delete-node",
          "from": "Assignment [9483,9520]",
          "to": ""
        },
        {
          "type": "delete-node",
          "from": "ExpressionStatement [9483,9521]",
          "to": ""
        },
        {
          "type": "delete-node",
          "from": "Block [9436,9867]",
          "to": ""
        },
        {
          "type": "delete-node",
          "from": "Block [9876,9972]",
          "to": ""
        },
        {
          "type": "delete-node",
          "from": "TryStatement [9432,9972]",
          "to": ""
        }
      ]
    }
  ],
  "fixing_type": {
    "add_classes": {
      "qualified_names": [],
      "num": 0
    },
    "delete_classes": {
      "qualified_names": [],
      "num": 0
    },
    "add_functions": {
      "qualified_names": [],
      "num": 0
    },
    "delete_functions": {
      "qualified_names": [],
      "num": 0
    }
  }
}