{
  "logger": {
    "currentLogLevel": 20,
    "name": "root.bean.benchmarks.Defects4JBug"
  },
  "d4jCmd": "/home/liumengjiao/Desktop/defects4j/framework/bin/defects4j",
  "dataDir": "data/changesInfo/",
  "properties": {
    "trigger.tests": "org.jsoup.parser.ParserTest::handlesTextAfterData",
    "test.dir": "src/test/java",
    "clz.modified": "org.jsoup.parser.Parser",
    "src.dir": "src/main/java"
  },
  "timeoutSecond": 100,
  "proj": "Jsoup",
  "id": "2",
  "workingDir": "../bugs/Jsoup_2_tmp",
  "bug_name": "Jsoup_2",
  "derive": "defects4j",
  "trigger_tests": [
    {
      "test_class": "org.jsoup.parser.ParserTest",
      "test_function": "handlesTextAfterData",
      "assertion_line": "138",
      "exception": "junit.framework.AssertionFailedError",
      "message": "expected:\u003c...dy\u003epre \u003cscript\u003einner[\u003c/script\u003e aft]\u003c/body\u003e\u003c/html\u003e\u003e but was:\u003c...dy\u003epre \u003cscript\u003einner[ aft\u003c/script\u003e]\u003c/body\u003e\u003c/html\u003e\u003e"
    }
  ],
  "fixing_changes": [
    {
      "changed_type": "UPDATE",
      "changed_class": [
        "src/main/java/org/jsoup/parser/Parser.java",
        "src/main/java/org/jsoup/parser/Parser.java"
      ],
      "changed_functions": [
        {
          "qualified_names": [
            "org.jsoup.parser.Parser:parseStartTag:[]:void"
          ],
          "num": 1
        },
        {
          "qualified_names": [
            "org.jsoup.parser.Parser:parseStartTag:[]:void"
          ],
          "num": 1
        }
      ],
      "changed_lines": [
        {
          "qualified_names": [
            "148"
          ],
          "num": 1
        },
        {
          "qualified_names": [
            "147"
          ],
          "num": 1
        }
      ],
      "diff": "diff --git a/src/main/java/org/jsoup/parser/Parser.java b/src/main/java/org/jsoup/parser/Parser.java\nindex e7284d5..da4bdce 100644\n--- a/src/main/java/org/jsoup/parser/Parser.java\n+++ b/src/main/java/org/jsoup/parser/Parser.java\n@@ -145,7 +145,6 @@\n         if (tag.isData()) {\n             String data \u003d tq.chompTo(\"\u003c/\" + tagName);\n             tq.chompTo(\"\u003e\");\n-            popStackToClose(tag);\n             \n             Node dataNode;\n             if (tag.equals(titleTag) || tag.equals(textareaTag)) // want to show as text, but not contain inside tags (so not a data tag?)\n",
      "operations": [
        {
          "type": "delete-tree",
          "from": "ExpressionStatement [4877,4898]",
          "to": ""
        }
      ]
    }
  ],
  "fixing_type": {
    "add_classes": {
      "qualified_names": [],
      "num": 0
    },
    "delete_classes": {
      "qualified_names": [],
      "num": 0
    },
    "add_functions": {
      "qualified_names": [],
      "num": 0
    },
    "delete_functions": {
      "qualified_names": [],
      "num": 0
    }
  }
}