{
  "logger": {
    "currentLogLevel": 20,
    "name": "root.bean.benchmarks.Defects4JBug"
  },
  "d4jCmd": "/home/liumengjiao/Desktop/defects4j/framework/bin/defects4j",
  "dataDir": "data/changesInfo/",
  "properties": {
    "trigger.tests": "com.google.javascript.jscomp.CommandLineRunnerTest::testDependencySortingWhitespaceMode",
    "test.dir": "test",
    "clz.modified": "com.google.javascript.jscomp.Compiler",
    "src.dir": "src"
  },
  "timeoutSecond": 100,
  "proj": "Closure",
  "id": "31",
  "workingDir": "../bugs/Closure_31_tmp",
  "bug_name": "Closure_31",
  "derive": "defects4j",
  "trigger_tests": [
    {
      "test_class": "com.google.javascript.jscomp.CommandLineRunnerTest",
      "test_function": "testDependencySortingWhitespaceMode",
      "assertion_line": "627",
      "exception": "junit.framework.AssertionFailedError",
      "message": "Expected: goog.provide(\"hops\");goog.provide(\"beer\");goog.require(\"hops\");goog.require(\"beer\")\nResult: goog.require(\"beer\");goog.provide(\"beer\");goog.require(\"hops\");goog.provide(\"hops\")"
    }
  ],
  "fixing_changes": [
    {
      "changed_type": "UPDATE",
      "changed_class": [
        "src/com/google/javascript/jscomp/Compiler.java",
        "src/com/google/javascript/jscomp/Compiler.java"
      ],
      "changed_functions": [
        {
          "qualified_names": [
            "com.google.javascript.jscomp.Compiler:parseInputs:[]:Node"
          ],
          "num": 1
        },
        {
          "qualified_names": [
            "com.google.javascript.jscomp.Compiler:parseInputs:[]:Node"
          ],
          "num": 1
        }
      ],
      "changed_lines": [
        {
          "qualified_names": [
            "1284"
          ],
          "num": 1
        },
        {
          "qualified_names": [
            "1285"
          ],
          "num": 1
        }
      ],
      "diff": "diff --git a/src/com/google/javascript/jscomp/Compiler.java b/src/com/google/javascript/jscomp/Compiler.java\nindex d98be4a..b76bbb5 100644\n--- a/src/com/google/javascript/jscomp/Compiler.java\n+++ b/src/com/google/javascript/jscomp/Compiler.java\n@@ -1282,6 +1282,7 @@\n \n       // Check if the sources need to be re-ordered.\n       if (options.dependencyOptions.needsManagement() \u0026\u0026\n+          !options.skipAllPasses \u0026\u0026\n           options.closurePass) {\n         for (CompilerInput input : inputs) {\n           // Forward-declare all the provided types, so that they\n",
      "operations": [
        {
          "type": "insert-tree",
          "from": "",
          "to": "PrefixExpression [39328,39350]"
        }
      ]
    }
  ],
  "fixing_type": {
    "add_classes": {
      "qualified_names": [],
      "num": 0
    },
    "delete_classes": {
      "qualified_names": [],
      "num": 0
    },
    "add_functions": {
      "qualified_names": [],
      "num": 0
    },
    "delete_functions": {
      "qualified_names": [],
      "num": 0
    }
  }
}