{
  "logger": {
    "currentLogLevel": 20,
    "name": "root.bean.benchmarks.Defects4JBug"
  },
  "d4jCmd": "/home/liumengjiao/Desktop/defects4j/framework/bin/defects4j",
  "dataDir": "data/changesInfo/",
  "properties": {
    "trigger.tests": "org.apache.commons.compress.utils.ChecksumCalculatingInputStreamTest::testClassInstantiationWithParameterBeingNullThrowsNullPointerExceptionOne,org.apache.commons.compress.utils.ChecksumCalculatingInputStreamTest::testClassInstantiationWithParameterBeingNullThrowsNullPointerExceptionTwo,org.apache.commons.compress.utils.ChecksumCalculatingInputStreamTest::testClassInstantiationWithParameterBeingNullThrowsNullPointerExceptionThree",
    "test.dir": "src/test/java",
    "clz.modified": "org.apache.commons.compress.utils.ChecksumCalculatingInputStream",
    "src.dir": "src/main/java"
  },
  "timeoutSecond": 100,
  "proj": "Compress",
  "id": "44",
  "workingDir": "../bugs/Compress_44_tmp",
  "bug_name": "Compress_44",
  "derive": "defects4j",
  "trigger_tests": [
    {
      "test_class": "org.apache.commons.compress.utils.ChecksumCalculatingInputStreamTest",
      "test_function": "testClassInstantiationWithParameterBeingNullThrowsNullPointerExceptionOne",
      "exception": "junit.framework.AssertionFailedError",
      "message": "Expected exception: java.lang.NullPointerException"
    }
  ],
  "fixing_changes": [
    {
      "changed_type": "UPDATE",
      "changed_class": [
        "src/main/java/org/apache/commons/compress/utils/ChecksumCalculatingInputStream.java",
        "src/main/java/org/apache/commons/compress/utils/ChecksumCalculatingInputStream.java"
      ],
      "changed_functions": [
        {
          "qualified_names": [
            "org.apache.commons.compress.utils.ChecksumCalculatingInputStream:ChecksumCalculatingInputStream:[final Checksum checksum, final InputStream in]:null"
          ],
          "num": 1
        },
        {
          "qualified_names": [
            "org.apache.commons.compress.utils.ChecksumCalculatingInputStream:ChecksumCalculatingInputStream:[final Checksum checksum, final InputStream in]:null"
          ],
          "num": 1
        }
      ],
      "changed_lines": [
        {
          "qualified_names": [
            "35",
            "36",
            "37",
            "39",
            "40",
            "41"
          ],
          "num": 6
        },
        {
          "qualified_names": [
            "34"
          ],
          "num": 1
        }
      ],
      "diff": "diff --git a/src/main/java/org/apache/commons/compress/utils/ChecksumCalculatingInputStream.java b/src/main/java/org/apache/commons/compress/utils/ChecksumCalculatingInputStream.java\nindex 4a408a5..10c7d68 100644\n--- a/src/main/java/org/apache/commons/compress/utils/ChecksumCalculatingInputStream.java\n+++ b/src/main/java/org/apache/commons/compress/utils/ChecksumCalculatingInputStream.java\n@@ -32,13 +32,7 @@\n \n     public ChecksumCalculatingInputStream(final Checksum checksum, final InputStream in) {\n \n-        if ( checksum \u003d\u003d null ){\n-            throw new NullPointerException(\"Parameter checksum must not be null\");\n-        }\n \n-        if ( in \u003d\u003d null ){\n-            throw new NullPointerException(\"Parameter in must not be null\");\n-        }\n \n         this.checksum \u003d checksum;\n         this.in \u003d in;\n",
      "operations": [
        {
          "type": "delete-tree",
          "from": "IfStatement [1287,1404]",
          "to": ""
        },
        {
          "type": "delete-tree",
          "from": "IfStatement [1414,1519]",
          "to": ""
        }
      ]
    }
  ],
  "fixing_type": {
    "add_classes": {
      "qualified_names": [],
      "num": 0
    },
    "delete_classes": {
      "qualified_names": [],
      "num": 0
    },
    "add_functions": {
      "qualified_names": [],
      "num": 0
    },
    "delete_functions": {
      "qualified_names": [],
      "num": 0
    }
  }
}