{
  "logger": {
    "currentLogLevel": 20,
    "name": "root.bean.benchmarks.Defects4JBug"
  },
  "d4jCmd": "/home/liumengjiao/Desktop/defects4j/framework/bin/defects4j",
  "dataDir": "data/changesInfo/",
  "properties": {
    "trigger.tests": "com.google.javascript.jscomp.PeepholeSubstituteAlternateSyntaxTest::testSimpleFunctionCall",
    "test.dir": "test",
    "clz.modified": "com.google.javascript.jscomp.PeepholeSubstituteAlternateSyntax",
    "src.dir": "src"
  },
  "timeoutSecond": 100,
  "proj": "Closure",
  "id": "20",
  "workingDir": "../bugs/Closure_20_tmp",
  "bug_name": "Closure_20",
  "derive": "defects4j",
  "trigger_tests": [
    {
      "test_class": "com.google.javascript.jscomp.PeepholeSubstituteAlternateSyntaxTest",
      "test_function": "testSimpleFunctionCall",
      "assertion_line": "1031",
      "exception": "junit.framework.AssertionFailedError",
      "message": "Expected: var a\u003dString(\"hello\",bar())\nResult: var a\u003d\"\"+\"hello\""
    }
  ],
  "fixing_changes": [
    {
      "changed_type": "UPDATE",
      "changed_class": [
        "src/com/google/javascript/jscomp/PeepholeSubstituteAlternateSyntax.java",
        "src/com/google/javascript/jscomp/PeepholeSubstituteAlternateSyntax.java"
      ],
      "changed_functions": [
        {
          "qualified_names": [
            "com.google.javascript.jscomp.PeepholeSubstituteAlternateSyntax:tryFoldSimpleFunctionCall:[Node n]:Node"
          ],
          "num": 1
        },
        {
          "qualified_names": [
            "com.google.javascript.jscomp.PeepholeSubstituteAlternateSyntax:tryFoldSimpleFunctionCall:[Node n]:Node"
          ],
          "num": 1
        }
      ],
      "changed_lines": [
        {
          "qualified_names": [
            "220",
            "221"
          ],
          "num": 2
        },
        {
          "qualified_names": [
            "220"
          ],
          "num": 1
        }
      ],
      "diff": "diff --git a/src/com/google/javascript/jscomp/PeepholeSubstituteAlternateSyntax.java b/src/com/google/javascript/jscomp/PeepholeSubstituteAlternateSyntax.java\nindex 86521bd..bfa1707 100644\n--- a/src/com/google/javascript/jscomp/PeepholeSubstituteAlternateSyntax.java\n+++ b/src/com/google/javascript/jscomp/PeepholeSubstituteAlternateSyntax.java\n@@ -217,8 +217,7 @@\n       // slightly different semantics than \u0027\u0027 + (a). See\n       // http://code.google.com/p/closure-compiler/issues/detail?id\u003d759\n       Node value \u003d callTarget.getNext();\n-      if (value !\u003d null \u0026\u0026 value.getNext() \u003d\u003d null \u0026\u0026\n-          NodeUtil.isImmutableValue(value)) {\n+      if (value !\u003d null) {\n         Node addition \u003d IR.add(\n             IR.string(\"\").srcref(callTarget),\n             value.detachFromParent());\n",
      "operations": [
        {
          "type": "move-tree",
          "from": "",
          "to": ""
        },
        {
          "type": "delete-node",
          "from": "INFIX_EXPRESSION_OPERATOR: \u0026\u0026 [6986,6988]",
          "to": ""
        },
        {
          "type": "delete-tree",
          "from": "InfixExpression [6989,7012]",
          "to": ""
        },
        {
          "type": "delete-node",
          "from": "InfixExpression [6972,7012]",
          "to": ""
        },
        {
          "type": "delete-node",
          "from": "INFIX_EXPRESSION_OPERATOR: \u0026\u0026 [7013,7015]",
          "to": ""
        },
        {
          "type": "delete-tree",
          "from": "MethodInvocation [7026,7058]",
          "to": ""
        },
        {
          "type": "delete-node",
          "from": "InfixExpression [6972,7058]",
          "to": ""
        }
      ]
    }
  ],
  "fixing_type": {
    "add_classes": {
      "qualified_names": [],
      "num": 0
    },
    "delete_classes": {
      "qualified_names": [],
      "num": 0
    },
    "add_functions": {
      "qualified_names": [],
      "num": 0
    },
    "delete_functions": {
      "qualified_names": [],
      "num": 0
    }
  }
}