{
  "logger": {
    "currentLogLevel": 20,
    "name": "root.bean.benchmarks.Defects4JBug"
  },
  "d4jCmd": "/home/liumengjiao/Desktop/defects4j/framework/bin/defects4j",
  "dataDir": "data/changesInfo/",
  "properties": {
    "trigger.tests": "com.google.javascript.jscomp.CollapseVariableDeclarationsTest::testIssue820",
    "test.dir": "test",
    "clz.modified": "com.google.javascript.jscomp.CollapseVariableDeclarations",
    "src.dir": "src"
  },
  "timeoutSecond": 100,
  "proj": "Closure",
  "id": "8",
  "workingDir": "../bugs/Closure_8_tmp",
  "bug_name": "Closure_8",
  "derive": "defects4j",
  "trigger_tests": [
    {
      "test_class": "com.google.javascript.jscomp.CollapseVariableDeclarationsTest",
      "test_function": "testIssue820",
      "assertion_line": "48",
      "exception": "junit.framework.AssertionFailedError",
      "message": "Expected: function f(a){var b\u003d1;a\u003d2;var c}\nResult: function f(a){var b\u003d1,a\u003d2,c}"
    }
  ],
  "fixing_changes": [
    {
      "changed_type": "UPDATE",
      "changed_class": [
        "src/com/google/javascript/jscomp/CollapseVariableDeclarations.java",
        "src/com/google/javascript/jscomp/CollapseVariableDeclarations.java"
      ],
      "changed_functions": [
        {
          "qualified_names": [
            "com.google.javascript.jscomp.CollapseVariableDeclarations:isNamedParameter:[Var v]:boolean",
            "com.google.javascript.jscomp.CollapseVariableDeclarations\\$GatherCollapses:canBeRedeclared:[Node n, Scope s]:boolean"
          ],
          "num": 2
        },
        {
          "qualified_names": [
            "com.google.javascript.jscomp.CollapseVariableDeclarations\\$GatherCollapses:canBeRedeclared:[Node n, Scope s]:boolean"
          ],
          "num": 1
        }
      ],
      "changed_lines": [
        {
          "qualified_names": [
            "204",
            "209",
            "210",
            "211"
          ],
          "num": 4
        },
        {
          "qualified_names": [
            "203"
          ],
          "num": 1
        }
      ],
      "diff": "diff --git a/src/com/google/javascript/jscomp/CollapseVariableDeclarations.java b/src/com/google/javascript/jscomp/CollapseVariableDeclarations.java\nindex e0466ea..f2d36f5 100644\n--- a/src/com/google/javascript/jscomp/CollapseVariableDeclarations.java\n+++ b/src/com/google/javascript/jscomp/CollapseVariableDeclarations.java\n@@ -201,14 +201,10 @@\n       Var var \u003d s.getVar(lhs.getString());\n       return var !\u003d null\n           \u0026\u0026 var.getScope() \u003d\u003d s\n-          \u0026\u0026 !isNamedParameter(var)\n           \u0026\u0026 !blacklistedVars.contains(var);\n     }\n   }\n \n-  private boolean isNamedParameter(Var v) {\n-    return v.getParentNode().isParamList();\n-  }\n \n   private void applyCollapses() {\n     for (Collapse collapse : collapses) {\n",
      "operations": [
        {
          "type": "move-tree",
          "from": "",
          "to": ""
        },
        {
          "type": "move-tree",
          "from": "",
          "to": ""
        },
        {
          "type": "move-tree",
          "from": "",
          "to": ""
        },
        {
          "type": "delete-node",
          "from": "INFIX_EXPRESSION_OPERATOR: \u0026\u0026 [5672,5674]",
          "to": ""
        },
        {
          "type": "delete-tree",
          "from": "PrefixExpression [5675,5697]",
          "to": ""
        },
        {
          "type": "delete-node",
          "from": "InfixExpression [5617,5741]",
          "to": ""
        },
        {
          "type": "delete-tree",
          "from": "MethodDeclaration [5756,5845]",
          "to": ""
        }
      ]
    }
  ],
  "fixing_type": {
    "add_classes": {
      "qualified_names": [],
      "num": 0
    },
    "delete_classes": {
      "qualified_names": [],
      "num": 0
    },
    "add_functions": {
      "qualified_names": [],
      "num": 0
    },
    "delete_functions": {
      "qualified_names": [
        "com.google.javascript.jscomp.CollapseVariableDeclarations:isNamedParameter:[Var v]:boolean"
      ],
      "num": 1
    }
  }
}