{
  "logger": {
    "currentLogLevel": 20,
    "name": "root.bean.benchmarks.Defects4JBug"
  },
  "d4jCmd": "/home/liumengjiao/Desktop/defects4j/framework/bin/defects4j",
  "dataDir": "data/changesInfo/",
  "properties": {
    "trigger.tests": "com.fasterxml.jackson.databind.introspect.TestNamingStrategyStd::testNamingWithObjectNode",
    "test.dir": "src/test/java",
    "clz.modified": "com.fasterxml.jackson.databind.node.ObjectNode",
    "src.dir": "src/main/java"
  },
  "timeoutSecond": 100,
  "proj": "JacksonDatabind",
  "id": "20",
  "workingDir": "../bugs/JacksonDatabind_20_tmp",
  "bug_name": "JacksonDatabind_20",
  "derive": "defects4j",
  "trigger_tests": [
    {
      "test_class": "com.fasterxml.jackson.databind.introspect.TestNamingStrategyStd",
      "test_function": "testNamingWithObjectNode",
      "assertion_line": "309",
      "exception": "com.fasterxml.jackson.databind.JsonMappingException",
      "message": "Conflicting setter definitions for property \"all\": com.fasterxml.jackson.databind.node.ObjectNode#setAll(1 params) vs com.fasterxml.jackson.databind.node.ObjectNode#setAll(1 params)"
    }
  ],
  "fixing_changes": [
    {
      "changed_type": "UPDATE",
      "changed_class": [
        "src/main/java/com/fasterxml/jackson/databind/node/ObjectNode.java",
        "src/main/java/com/fasterxml/jackson/databind/node/ObjectNode.java"
      ],
      "changed_functions": [
        {
          "qualified_names": [
            "com.fasterxml.jackson.databind.node.ObjectNode:setAll:[Map\u003cString,? extends JsonNode\u003e properties]:JsonNode"
          ],
          "num": 1
        },
        {
          "qualified_names": [
            "com.fasterxml.jackson.databind.node.ObjectNode:setAll:[Map\u003cString,? extends JsonNode\u003e properties]:JsonNode"
          ],
          "num": 1
        }
      ],
      "changed_lines": [
        {
          "qualified_names": [
            "4",
            "325"
          ],
          "num": 2
        },
        {
          "qualified_names": [
            "3",
            "325"
          ],
          "num": 2
        }
      ],
      "diff": "diff --git a/src/main/java/com/fasterxml/jackson/databind/node/ObjectNode.java b/src/main/java/com/fasterxml/jackson/databind/node/ObjectNode.java\nindex 1ca18f1..147ac71 100644\n--- a/src/main/java/com/fasterxml/jackson/databind/node/ObjectNode.java\n+++ b/src/main/java/com/fasterxml/jackson/databind/node/ObjectNode.java\n@@ -1,7 +1,6 @@\n package com.fasterxml.jackson.databind.node;\n \n import com.fasterxml.jackson.annotation.JsonAutoDetect;\n-import com.fasterxml.jackson.annotation.JsonIgnore;\n import com.fasterxml.jackson.core.*;\n import com.fasterxml.jackson.databind.JsonNode;\n import com.fasterxml.jackson.databind.SerializerProvider;\n@@ -322,7 +321,6 @@\n      *\n      * @since 2.1\n      */\n-    @JsonIgnore // work-around for [databind#815]\n     public JsonNode setAll(Map\u003cString,? extends JsonNode\u003e properties)\n     {\n         for (Map.Entry\u003cString,? extends JsonNode\u003e en : properties.entrySet()) {\n",
      "operations": [
        {
          "type": "delete-tree",
          "from": "ImportDeclaration [102,153]",
          "to": ""
        },
        {
          "type": "delete-tree",
          "from": "MarkerAnnotation [10080,10091]",
          "to": ""
        }
      ]
    }
  ],
  "fixing_type": {
    "add_classes": {
      "qualified_names": [],
      "num": 0
    },
    "delete_classes": {
      "qualified_names": [],
      "num": 0
    },
    "add_functions": {
      "qualified_names": [],
      "num": 0
    },
    "delete_functions": {
      "qualified_names": [],
      "num": 0
    }
  }
}