{
  "logger": {
    "currentLogLevel": 20,
    "name": "root.bean.benchmarks.Defects4JBug"
  },
  "d4jCmd": "/home/liumengjiao/Desktop/defects4j/framework/bin/defects4j",
  "dataDir": "data/changesInfo/",
  "properties": {
    "trigger.tests": "org.apache.commons.cli.OptionsTest::testMissingOptionsException,org.apache.commons.cli.ParseRequiredTest::testMissingRequiredOptions",
    "test.dir": "src/test",
    "clz.modified": "org.apache.commons.cli.Parser",
    "src.dir": "src/java"
  },
  "timeoutSecond": 100,
  "proj": "Cli",
  "id": "9",
  "workingDir": "../bugs/Cli_9_tmp",
  "bug_name": "Cli_9",
  "derive": "defects4j",
  "trigger_tests": [
    {
      "test_class": "org.apache.commons.cli.OptionsTest",
      "test_function": "testMissingOptionsException",
      "assertion_line": "116",
      "exception": "junit.framework.ComparisonFailure",
      "message": "expected:\u003c... required options: f[, ]x\u003e but was:\u003c... required options: f[]x\u003e"
    },
    {
      "test_class": "org.apache.commons.cli.ParseRequiredTest",
      "test_function": "testMissingRequiredOptions",
      "assertion_line": "135",
      "exception": "junit.framework.ComparisonFailure",
      "message": "Incorrect exception message expected:\u003c... required options: b[, ]c\u003e but was:\u003c... required options: b[]c\u003e"
    }
  ],
  "fixing_changes": [
    {
      "changed_type": "UPDATE",
      "changed_class": [
        "src/java/org/apache/commons/cli/Parser.java",
        "src/java/org/apache/commons/cli/Parser.java"
      ],
      "changed_functions": [
        {
          "qualified_names": [
            "org.apache.commons.cli.Parser:checkRequiredOptions:[]:void"
          ],
          "num": 1
        },
        {
          "qualified_names": [
            "org.apache.commons.cli.Parser:checkRequiredOptions:[]:void"
          ],
          "num": 1
        }
      ],
      "changed_lines": [
        {
          "qualified_names": [
            "320",
            "323"
          ],
          "num": 2
        },
        {
          "qualified_names": [
            "322"
          ],
          "num": 1
        }
      ],
      "diff": "diff --git a/src/java/org/apache/commons/cli/Parser.java b/src/java/org/apache/commons/cli/Parser.java\nindex cf53a90..dbace06 100644\n--- a/src/java/org/apache/commons/cli/Parser.java\n+++ b/src/java/org/apache/commons/cli/Parser.java\n@@ -317,10 +317,9 @@\n             while (iter.hasNext())\n             {\n                 buff.append(iter.next());\n-                buff.append(\", \");\n             }\n \n-            throw new MissingOptionException(buff.substring(0, buff.length() - 2));\n+            throw new MissingOptionException(buff.toString());\n         }\n     }\n \n",
      "operations": [
        {
          "type": "update-node",
          "from": "",
          "to": ""
        },
        {
          "type": "delete-tree",
          "from": "ExpressionStatement [10039,10057]",
          "to": ""
        },
        {
          "type": "delete-tree",
          "from": "METHOD_INVOCATION_ARGUMENTS [10133,10153]",
          "to": ""
        }
      ]
    }
  ],
  "fixing_type": {
    "add_classes": {
      "qualified_names": [],
      "num": 0
    },
    "delete_classes": {
      "qualified_names": [],
      "num": 0
    },
    "add_functions": {
      "qualified_names": [],
      "num": 0
    },
    "delete_functions": {
      "qualified_names": [],
      "num": 0
    }
  }
}