{
  "logger": {
    "currentLogLevel": 20,
    "name": "root.bean.benchmarks.Defects4JBug"
  },
  "d4jCmd": "/home/liumengjiao/Desktop/defects4j/framework/bin/defects4j",
  "dataDir": "data/changesInfo/",
  "properties": {
    "trigger.tests": "org.apache.commons.cli2.bug.BugCLI144Test::testFileValidator",
    "test.dir": "src/test",
    "clz.modified": "org.apache.commons.cli2.option.GroupImpl",
    "src.dir": "src/java"
  },
  "timeoutSecond": 100,
  "proj": "Cli",
  "id": "14",
  "workingDir": "../bugs/Cli_14_tmp",
  "bug_name": "Cli_14",
  "derive": "defects4j",
  "trigger_tests": [
    {
      "test_class": "org.apache.commons.cli2.bug.BugCLI144Test",
      "test_function": "testFileValidator",
      "assertion_line": "61",
      "exception": "java.lang.ClassCastException",
      "message": "java.io.File cannot be cast to java.lang.String"
    }
  ],
  "fixing_changes": [
    {
      "changed_type": "UPDATE",
      "changed_class": [
        "src/java/org/apache/commons/cli2/option/GroupImpl.java",
        "src/java/org/apache/commons/cli2/option/GroupImpl.java"
      ],
      "changed_functions": [
        {
          "qualified_names": [
            "org.apache.commons.cli2.option.GroupImpl:validate:[final WriteableCommandLine commandLine]:void"
          ],
          "num": 1
        },
        {
          "qualified_names": [
            "org.apache.commons.cli2.option.GroupImpl:validate:[final WriteableCommandLine commandLine]:void"
          ],
          "num": 1
        }
      ],
      "changed_lines": [
        {
          "qualified_names": [
            "249",
            "258",
            "259",
            "261"
          ],
          "num": 4
        },
        {
          "qualified_names": [
            "250",
            "251",
            "252",
            "254"
          ],
          "num": 4
        }
      ],
      "diff": "diff --git a/src/java/org/apache/commons/cli2/option/GroupImpl.java b/src/java/org/apache/commons/cli2/option/GroupImpl.java\nindex e3b69f8..781d0b6 100644\n--- a/src/java/org/apache/commons/cli2/option/GroupImpl.java\n+++ b/src/java/org/apache/commons/cli2/option/GroupImpl.java\n@@ -247,6 +247,9 @@\n \n             // needs validation?\n             boolean validate \u003d option.isRequired() || option instanceof Group;\n+            if (validate) {\n+                option.validate(commandLine);\n+            }\n \n             // if the child option is present then validate it\n             if (commandLine.hasOption(option)) {\n@@ -255,10 +258,7 @@\n \n                     break;\n                 }\n-                validate \u003d true;\n-            }\n \n-            if (validate) {\n                 option.validate(commandLine);\n             }\n         }\n",
      "operations": [
        {
          "type": "move-tree",
          "from": "",
          "to": ""
        },
        {
          "type": "insert-tree",
          "from": "",
          "to": "ExpressionStatement [8925,8954]"
        },
        {
          "type": "delete-tree",
          "from": "ExpressionStatement [8836,8852]",
          "to": ""
        }
      ]
    }
  ],
  "fixing_type": {
    "add_classes": {
      "qualified_names": [],
      "num": 0
    },
    "delete_classes": {
      "qualified_names": [],
      "num": 0
    },
    "add_functions": {
      "qualified_names": [],
      "num": 0
    },
    "delete_functions": {
      "qualified_names": [],
      "num": 0
    }
  }
}