{
  "logger": {
    "currentLogLevel": 20,
    "name": "root.bean.benchmarks.Defects4JBug"
  },
  "d4jCmd": "/home/liumengjiao/Desktop/defects4j/framework/bin/defects4j",
  "dataDir": "data/changesInfo/",
  "properties": {
    "trigger.tests": "org.jsoup.integration.ConnectTest::handlesEmptyStreamDuringParseRead",
    "test.dir": "src/test/java",
    "clz.modified": "org.jsoup.helper.DataUtil",
    "src.dir": "src/main/java"
  },
  "timeoutSecond": 100,
  "proj": "Jsoup",
  "id": "78",
  "workingDir": "../bugs/Jsoup_78_tmp",
  "bug_name": "Jsoup_78",
  "derive": "defects4j",
  "trigger_tests": [
    {
      "test_class": "org.jsoup.integration.ConnectTest",
      "test_function": "handlesEmptyStreamDuringParseRead",
      "assertion_line": "400",
      "exception": "org.jsoup.UncheckedIOException",
      "message": "java.io.IOException: Underlying input stream returned zero bytes"
    }
  ],
  "fixing_changes": [
    {
      "changed_type": "UPDATE",
      "changed_class": [
        "src/main/java/org/jsoup/helper/DataUtil.java",
        "src/main/java/org/jsoup/helper/DataUtil.java"
      ],
      "changed_functions": [
        {
          "qualified_names": [
            "org.jsoup.helper.DataUtil:parseInputStream:[InputStream input, String charsetName, String baseUri, Parser parser]:Document"
          ],
          "num": 1
        },
        {
          "qualified_names": [
            "org.jsoup.helper.DataUtil:parseInputStream:[InputStream input, String charsetName, String baseUri, Parser parser]:Document"
          ],
          "num": 1
        }
      ],
      "changed_lines": [
        {
          "qualified_names": [
            "3",
            "152",
            "154",
            "156",
            "157"
          ],
          "num": 5
        },
        {
          "qualified_names": [
            "2",
            "152"
          ],
          "num": 2
        }
      ],
      "diff": "diff --git a/src/main/java/org/jsoup/helper/DataUtil.java b/src/main/java/org/jsoup/helper/DataUtil.java\nindex 3037d61..82c17c9 100644\n--- a/src/main/java/org/jsoup/helper/DataUtil.java\n+++ b/src/main/java/org/jsoup/helper/DataUtil.java\n@@ -1,6 +1,5 @@\n package org.jsoup.helper;\n \n-import org.jsoup.UncheckedIOException;\n import org.jsoup.internal.ConstrainableInputStream;\n import org.jsoup.nodes.Document;\n import org.jsoup.nodes.Element;\n@@ -149,12 +148,8 @@\n             if (charsetName \u003d\u003d null)\n                 charsetName \u003d defaultCharset;\n             BufferedReader reader \u003d new BufferedReader(new InputStreamReader(input, charsetName), bufferSize);\n-            try {\n                 doc \u003d parser.parseInput(reader, baseUri);\n-            } catch (UncheckedIOException e) {\n                 // io exception when parsing (not seen before because reading the stream as we go)\n-                throw e.ioException();\n-            }\n             doc.outputSettings().charset(charsetName);\n         }\n         input.close();\n",
      "operations": [
        {
          "type": "move-tree",
          "from": "",
          "to": ""
        },
        {
          "type": "delete-tree",
          "from": "ImportDeclaration [27,65]",
          "to": ""
        },
        {
          "type": "delete-node",
          "from": "Block [6674,6747]",
          "to": ""
        },
        {
          "type": "delete-tree",
          "from": "CatchClause [6748,6932]",
          "to": ""
        },
        {
          "type": "delete-node",
          "from": "TryStatement [6670,6932]",
          "to": ""
        }
      ]
    }
  ],
  "fixing_type": {
    "add_classes": {
      "qualified_names": [],
      "num": 0
    },
    "delete_classes": {
      "qualified_names": [],
      "num": 0
    },
    "add_functions": {
      "qualified_names": [],
      "num": 0
    },
    "delete_functions": {
      "qualified_names": [],
      "num": 0
    }
  }
}