{
  "logger": {
    "currentLogLevel": 20,
    "name": "root.bean.benchmarks.Defects4JBug"
  },
  "d4jCmd": "/home/liumengjiao/Desktop/defects4j/framework/bin/defects4j",
  "dataDir": "data/changesInfo/",
  "properties": {
    "trigger.tests": "org.apache.commons.csv.CSVParserTest::testDuplicateHeaderEntries",
    "test.dir": "src/test/java",
    "clz.modified": "org.apache.commons.csv.CSVParser",
    "src.dir": "src/main/java"
  },
  "timeoutSecond": 100,
  "proj": "Csv",
  "id": "7",
  "workingDir": "../bugs/Csv_7_tmp",
  "bug_name": "Csv_7",
  "derive": "defects4j",
  "trigger_tests": [
    {
      "test_class": "org.apache.commons.csv.CSVParserTest",
      "test_function": "testDuplicateHeaderEntries",
      "exception": "junit.framework.AssertionFailedError",
      "message": "Expected exception: java.lang.IllegalStateException"
    }
  ],
  "fixing_changes": [
    {
      "changed_type": "UPDATE",
      "changed_class": [
        "src/main/java/org/apache/commons/csv/CSVParser.java",
        "src/main/java/org/apache/commons/csv/CSVParser.java"
      ],
      "changed_functions": [
        {
          "qualified_names": [
            "org.apache.commons.csv.CSVParser:initializeHeader:[]:Map\u003cString,Integer\u003e"
          ],
          "num": 1
        },
        {
          "qualified_names": [
            "org.apache.commons.csv.CSVParser:initializeHeader:[]:Map\u003cString,Integer\u003e"
          ],
          "num": 1
        }
      ],
      "changed_lines": [
        {
          "qualified_names": [
            "32",
            "372",
            "373",
            "374"
          ],
          "num": 4
        },
        {
          "qualified_names": [
            "31",
            "372"
          ],
          "num": 2
        }
      ],
      "diff": "diff --git a/src/main/java/org/apache/commons/csv/CSVParser.java b/src/main/java/org/apache/commons/csv/CSVParser.java\nindex 315a11c..a6a6d49 100644\n--- a/src/main/java/org/apache/commons/csv/CSVParser.java\n+++ b/src/main/java/org/apache/commons/csv/CSVParser.java\n@@ -29,7 +29,6 @@\n import java.net.URL;\n import java.nio.charset.Charset;\n import java.util.ArrayList;\n-import java.util.Arrays;\n import java.util.Collection;\n import java.util.Iterator;\n import java.util.LinkedHashMap;\n@@ -369,9 +368,6 @@\n             // build the name to index mappings\n             if (header !\u003d null) {\n                 for (int i \u003d 0; i \u003c header.length; i++) {\n-                    if (hdrMap.containsKey(header[i])) {\n-                        throw new IllegalStateException(\"The header contains duplicate names: \" + Arrays.toString(header));\n-                    }\n                     hdrMap.put(header[i], Integer.valueOf(i));\n                 }\n             }\n",
      "operations": [
        {
          "type": "delete-tree",
          "from": "ImportDeclaration [1163,1187]",
          "to": ""
        },
        {
          "type": "delete-tree",
          "from": "IfStatement [12703,12885]",
          "to": ""
        }
      ]
    }
  ],
  "fixing_type": {
    "add_classes": {
      "qualified_names": [],
      "num": 0
    },
    "delete_classes": {
      "qualified_names": [],
      "num": 0
    },
    "add_functions": {
      "qualified_names": [],
      "num": 0
    },
    "delete_functions": {
      "qualified_names": [],
      "num": 0
    }
  }
}