{
  "logger": {
    "currentLogLevel": 20,
    "name": "root.bean.benchmarks.Defects4JBug"
  },
  "d4jCmd": "/home/liumengjiao/Desktop/defects4j/framework/bin/defects4j",
  "dataDir": "data/changesInfo/",
  "properties": {
    "trigger.tests": "com.fasterxml.jackson.databind.deser.TestMapDeserialization::testcharSequenceKeyMap",
    "test.dir": "src/test/java",
    "clz.modified": "com.fasterxml.jackson.databind.deser.std.StdKeyDeserializer",
    "src.dir": "src/main/java"
  },
  "timeoutSecond": 100,
  "proj": "JacksonDatabind",
  "id": "71",
  "workingDir": "../bugs/JacksonDatabind_71_tmp",
  "bug_name": "JacksonDatabind_71",
  "derive": "defects4j",
  "trigger_tests": [
    {
      "test_class": "com.fasterxml.jackson.databind.deser.TestMapDeserialization",
      "test_function": "testcharSequenceKeyMap",
      "assertion_line": "507",
      "exception": "com.fasterxml.jackson.databind.JsonMappingException",
      "message": "Can not find a (Map) Key deserializer for type [simple type, class java.lang.CharSequence]"
    }
  ],
  "fixing_changes": [
    {
      "changed_type": "UPDATE",
      "changed_class": [
        "src/main/java/com/fasterxml/jackson/databind/deser/std/StdKeyDeserializer.java",
        "src/main/java/com/fasterxml/jackson/databind/deser/std/StdKeyDeserializer.java"
      ],
      "changed_functions": [
        {
          "qualified_names": [
            "com.fasterxml.jackson.databind.deser.std.StdKeyDeserializer:forType:[Class\u003c?\u003e raw]:StdKeyDeserializer"
          ],
          "num": 1
        },
        {
          "qualified_names": [
            "com.fasterxml.jackson.databind.deser.std.StdKeyDeserializer:forType:[Class\u003c?\u003e raw]:StdKeyDeserializer"
          ],
          "num": 1
        }
      ],
      "changed_lines": [
        {
          "qualified_names": [
            "75"
          ],
          "num": 1
        },
        {
          "qualified_names": [
            "75"
          ],
          "num": 1
        }
      ],
      "diff": "diff --git a/src/main/java/com/fasterxml/jackson/databind/deser/std/StdKeyDeserializer.java b/src/main/java/com/fasterxml/jackson/databind/deser/std/StdKeyDeserializer.java\nindex 8bddce4..d95749a 100644\n--- a/src/main/java/com/fasterxml/jackson/databind/deser/std/StdKeyDeserializer.java\n+++ b/src/main/java/com/fasterxml/jackson/databind/deser/std/StdKeyDeserializer.java\n@@ -72,7 +72,7 @@\n         int kind;\n \n         // first common types:\n-        if (raw \u003d\u003d String.class || raw \u003d\u003d Object.class || raw \u003d\u003d CharSequence.class) {\n+        if (raw \u003d\u003d String.class || raw \u003d\u003d Object.class) {\n             return StringKD.forType(raw);\n         } else if (raw \u003d\u003d UUID.class) {\n             kind \u003d TYPE_UUID;\n",
      "operations": [
        {
          "type": "move-tree",
          "from": "",
          "to": ""
        },
        {
          "type": "delete-node",
          "from": "INFIX_EXPRESSION_OPERATOR: || [2580,2582]",
          "to": ""
        },
        {
          "type": "delete-tree",
          "from": "InfixExpression [2583,2608]",
          "to": ""
        },
        {
          "type": "delete-node",
          "from": "InfixExpression [2537,2608]",
          "to": ""
        }
      ]
    }
  ],
  "fixing_type": {
    "add_classes": {
      "qualified_names": [],
      "num": 0
    },
    "delete_classes": {
      "qualified_names": [],
      "num": 0
    },
    "add_functions": {
      "qualified_names": [],
      "num": 0
    },
    "delete_functions": {
      "qualified_names": [],
      "num": 0
    }
  }
}