{
  "logger": {
    "currentLogLevel": 20,
    "name": "root.bean.benchmarks.Defects4JBug"
  },
  "d4jCmd": "/home/liumengjiao/Desktop/defects4j/framework/bin/defects4j",
  "dataDir": "data/changesInfo/",
  "properties": {
    "trigger.tests": "org.jsoup.parser.HtmlParserTest::handlesUnclosedAnchors",
    "test.dir": "src/test/java",
    "clz.modified": "org.jsoup.parser.HtmlTreeBuilderState",
    "src.dir": "src/main/java"
  },
  "timeoutSecond": 100,
  "proj": "Jsoup",
  "id": "35",
  "workingDir": "../bugs/Jsoup_35_tmp",
  "bug_name": "Jsoup_35",
  "derive": "defects4j",
  "trigger_tests": [
    {
      "test_class": "org.jsoup.parser.HtmlParserTest",
      "test_function": "handlesUnclosedAnchors",
      "assertion_line": "529",
      "exception": "junit.framework.AssertionFailedError",
      "message": "expected:\u003c...com/\"\u003eLink\u003c/a\u003e"
    }
  ],
  "fixing_changes": [
    {
      "changed_type": "UPDATE",
      "changed_class": [
        "src/main/java/org/jsoup/parser/HtmlTreeBuilderState.java",
        "src/main/java/org/jsoup/parser/HtmlTreeBuilderState.java"
      ],
      "changed_functions": [
        {
          "qualified_names": [],
          "num": 0
        },
        {
          "qualified_names": [],
          "num": 0
        }
      ],
      "changed_lines": [
        {
          "qualified_names": [
            "726"
          ],
          "num": 1
        },
        {
          "qualified_names": [
            "725"
          ],
          "num": 1
        }
      ],
      "diff": "diff --git a/src/main/java/org/jsoup/parser/HtmlTreeBuilderState.java b/src/main/java/org/jsoup/parser/HtmlTreeBuilderState.java\nindex 24bef3b..aebbe44 100644\n--- a/src/main/java/org/jsoup/parser/HtmlTreeBuilderState.java\n+++ b/src/main/java/org/jsoup/parser/HtmlTreeBuilderState.java\n@@ -723,7 +723,6 @@\n                             }\n \n                             Element adopter \u003d new Element(formatEl.tag(), tb.getBaseUri());\n-                            adopter.attributes().addAll(formatEl.attributes());\n                             Node[] childNodes \u003d furthestBlock.childNodes().toArray(new Node[furthestBlock.childNodeSize()]);\n                             for (Node childNode : childNodes) {\n                                 adopter.appendChild(childNode); // append will reparent. thus the clone to avoid concurrent mod.\n",
      "operations": [
        {
          "type": "delete-tree",
          "from": "ExpressionStatement [36739,36790]",
          "to": ""
        }
      ]
    }
  ],
  "fixing_type": {
    "add_classes": {
      "qualified_names": [],
      "num": 0
    },
    "delete_classes": {
      "qualified_names": [],
      "num": 0
    },
    "add_functions": {
      "qualified_names": [],
      "num": 0
    },
    "delete_functions": {
      "qualified_names": [],
      "num": 0
    }
  }
}