{
  "logger": {
    "currentLogLevel": 20,
    "name": "root.bean.benchmarks.Defects4JBug"
  },
  "d4jCmd": "/home/liumengjiao/Desktop/defects4j/framework/bin/defects4j",
  "dataDir": "data/changesInfo/",
  "properties": {
    "trigger.tests": "org.apache.commons.csv.CSVParserTest::testExcelHeaderCountLessThanData",
    "test.dir": "src/test/java",
    "clz.modified": "org.apache.commons.csv.CSVFormat",
    "src.dir": "src/main/java"
  },
  "timeoutSecond": 100,
  "proj": "Csv",
  "id": "12",
  "workingDir": "../bugs/Csv_12_tmp",
  "bug_name": "Csv_12",
  "derive": "defects4j",
  "trigger_tests": [
    {
      "test_class": "org.apache.commons.csv.CSVParserTest",
      "test_function": "testExcelHeaderCountLessThanData",
      "assertion_line": "380",
      "exception": "java.lang.IllegalArgumentException",
      "message": "The header contains a duplicate name: \"\" in [A, B, C, , ]"
    }
  ],
  "fixing_changes": [
    {
      "changed_type": "UPDATE",
      "changed_class": [
        "src/main/java/org/apache/commons/csv/CSVFormat.java",
        "src/main/java/org/apache/commons/csv/CSVFormat.java"
      ],
      "changed_functions": [
        {
          "qualified_names": [],
          "num": 0
        },
        {
          "qualified_names": [],
          "num": 0
        }
      ],
      "changed_lines": [
        {
          "qualified_names": [
            "219"
          ],
          "num": 1
        },
        {
          "qualified_names": [
            "219"
          ],
          "num": 1
        }
      ],
      "diff": "diff --git a/src/main/java/org/apache/commons/csv/CSVFormat.java b/src/main/java/org/apache/commons/csv/CSVFormat.java\nindex 0338732..66dcbf8 100644\n--- a/src/main/java/org/apache/commons/csv/CSVFormat.java\n+++ b/src/main/java/org/apache/commons/csv/CSVFormat.java\n@@ -216,7 +216,7 @@\n      * Note: this is currently like {@link #RFC4180} plus {@link #withAllowMissingColumnNames(boolean) withAllowMissingColumnNames(true)}.\n      * \u003c/p\u003e\n      */\n-    public static final CSVFormat EXCEL \u003d DEFAULT.withIgnoreEmptyLines(false).withAllowMissingColumnNames(true);\n+    public static final CSVFormat EXCEL \u003d DEFAULT.withIgnoreEmptyLines(false);\n \n     /**\n      * Tab-delimited format.\n",
      "operations": [
        {
          "type": "move-tree",
          "from": "",
          "to": ""
        },
        {
          "type": "delete-node",
          "from": "METHOD_INVOCATION_RECEIVER [7148,7183]",
          "to": ""
        },
        {
          "type": "delete-node",
          "from": "SimpleName: withAllowMissingColumnNames [7184,7211]",
          "to": ""
        },
        {
          "type": "delete-tree",
          "from": "METHOD_INVOCATION_ARGUMENTS [7212,7216]",
          "to": ""
        },
        {
          "type": "delete-node",
          "from": "MethodInvocation [7148,7217]",
          "to": ""
        }
      ]
    }
  ],
  "fixing_type": {
    "add_classes": {
      "qualified_names": [],
      "num": 0
    },
    "delete_classes": {
      "qualified_names": [],
      "num": 0
    },
    "add_functions": {
      "qualified_names": [],
      "num": 0
    },
    "delete_functions": {
      "qualified_names": [],
      "num": 0
    }
  }
}