{
  "logger": {
    "currentLogLevel": 20,
    "name": "root.bean.benchmarks.Defects4JBug"
  },
  "d4jCmd": "/home/liumengjiao/Desktop/defects4j/framework/bin/defects4j",
  "dataDir": "data/changesInfo/",
  "properties": {
    "trigger.tests": "org.jsoup.nodes.ElementTest::testNotPretty",
    "test.dir": "src/test/java",
    "clz.modified": "org.jsoup.nodes.Element",
    "src.dir": "src/main/java"
  },
  "timeoutSecond": 100,
  "proj": "Jsoup",
  "id": "37",
  "workingDir": "../bugs/Jsoup_37_tmp",
  "bug_name": "Jsoup_37",
  "derive": "defects4j",
  "trigger_tests": [
    {
      "test_class": "org.jsoup.nodes.ElementTest",
      "test_function": "testNotPretty",
      "assertion_line": "247",
      "exception": "junit.framework.AssertionFailedError",
      "message": "expected:\u003c["
    }
  ],
  "fixing_changes": [
    {
      "changed_type": "UPDATE",
      "changed_class": [
        "src/main/java/org/jsoup/nodes/Element.java",
        "src/main/java/org/jsoup/nodes/Element.java"
      ],
      "changed_functions": [
        {
          "qualified_names": [
            "org.jsoup.nodes.Element:html:[]:String"
          ],
          "num": 1
        },
        {
          "qualified_names": [
            "org.jsoup.nodes.Element:html:[]:String"
          ],
          "num": 1
        }
      ],
      "changed_lines": [
        {
          "qualified_names": [
            "1101"
          ],
          "num": 1
        },
        {
          "qualified_names": [
            "1101"
          ],
          "num": 1
        }
      ],
      "diff": "diff --git a/src/main/java/org/jsoup/nodes/Element.java b/src/main/java/org/jsoup/nodes/Element.java\nindex dcfa72c..f87ffcb 100644\n--- a/src/main/java/org/jsoup/nodes/Element.java\n+++ b/src/main/java/org/jsoup/nodes/Element.java\n@@ -1098,7 +1098,7 @@\n     public String html() {\n         StringBuilder accum \u003d new StringBuilder();\n         html(accum);\n-        return getOutputSettings().prettyPrint() ? accum.toString().trim() : accum.toString();\n+        return accum.toString().trim();\n     }\n \n     private void html(StringBuilder accum) {\n",
      "operations": [
        {
          "type": "move-tree",
          "from": "",
          "to": ""
        },
        {
          "type": "delete-tree",
          "from": "MethodInvocation [39727,39760]",
          "to": ""
        },
        {
          "type": "delete-tree",
          "from": "MethodInvocation [39789,39805]",
          "to": ""
        },
        {
          "type": "delete-node",
          "from": "ConditionalExpression [39727,39805]",
          "to": ""
        }
      ]
    }
  ],
  "fixing_type": {
    "add_classes": {
      "qualified_names": [],
      "num": 0
    },
    "delete_classes": {
      "qualified_names": [],
      "num": 0
    },
    "add_functions": {
      "qualified_names": [],
      "num": 0
    },
    "delete_functions": {
      "qualified_names": [],
      "num": 0
    }
  }
}