{
  "logger": {
    "currentLogLevel": 20,
    "name": "root.bean.benchmarks.Defects4JBug"
  },
  "d4jCmd": "/home/liumengjiao/Desktop/defects4j/framework/bin/defects4j",
  "dataDir": "data/changesInfo/",
  "properties": {
    "trigger.tests": "org.jsoup.nodes.AttributeTest::booleanAttributesAreEmptyStringValues",
    "test.dir": "src/test/java",
    "clz.modified": "org.jsoup.nodes.Attribute",
    "src.dir": "src/main/java"
  },
  "timeoutSecond": 100,
  "proj": "Jsoup",
  "id": "88",
  "workingDir": "../bugs/Jsoup_88_tmp",
  "bug_name": "Jsoup_88",
  "derive": "defects4j",
  "trigger_tests": [
    {
      "test_class": "org.jsoup.nodes.AttributeTest",
      "test_function": "booleanAttributesAreEmptyStringValues",
      "assertion_line": "38",
      "exception": "junit.framework.AssertionFailedError",
      "message": "expected:\u003c\u003e but was:\u003cnull\u003e"
    }
  ],
  "fixing_changes": [
    {
      "changed_type": "UPDATE",
      "changed_class": [
        "src/main/java/org/jsoup/nodes/Attribute.java",
        "src/main/java/org/jsoup/nodes/Attribute.java"
      ],
      "changed_functions": [
        {
          "qualified_names": [
            "org.jsoup.nodes.Attribute:getValue:[]:String"
          ],
          "num": 1
        },
        {
          "qualified_names": [
            "org.jsoup.nodes.Attribute:getValue:[]:String"
          ],
          "num": 1
        }
      ],
      "changed_lines": [
        {
          "qualified_names": [
            "80"
          ],
          "num": 1
        },
        {
          "qualified_names": [
            "80"
          ],
          "num": 1
        }
      ],
      "diff": "diff --git a/src/main/java/org/jsoup/nodes/Attribute.java b/src/main/java/org/jsoup/nodes/Attribute.java\nindex 6fab394..e321b6a 100644\n--- a/src/main/java/org/jsoup/nodes/Attribute.java\n+++ b/src/main/java/org/jsoup/nodes/Attribute.java\n@@ -77,7 +77,7 @@\n      @return the attribute value\n      */\n     public String getValue() {\n-        return Attributes.checkNotNull(val);\n+        return val;\n     }\n \n     /**\n",
      "operations": [
        {
          "type": "move-tree",
          "from": "",
          "to": ""
        },
        {
          "type": "delete-tree",
          "from": "METHOD_INVOCATION_RECEIVER [2630,2640]",
          "to": ""
        },
        {
          "type": "delete-node",
          "from": "SimpleName: checkNotNull [2641,2653]",
          "to": ""
        },
        {
          "type": "delete-node",
          "from": "METHOD_INVOCATION_ARGUMENTS [2654,2657]",
          "to": ""
        },
        {
          "type": "delete-node",
          "from": "MethodInvocation [2630,2658]",
          "to": ""
        }
      ]
    }
  ],
  "fixing_type": {
    "add_classes": {
      "qualified_names": [],
      "num": 0
    },
    "delete_classes": {
      "qualified_names": [],
      "num": 0
    },
    "add_functions": {
      "qualified_names": [],
      "num": 0
    },
    "delete_functions": {
      "qualified_names": [],
      "num": 0
    }
  }
}