{
  "logger": {
    "currentLogLevel": 20,
    "name": "root.bean.benchmarks.Defects4JBug"
  },
  "d4jCmd": "/home/liumengjiao/Desktop/defects4j/framework/bin/defects4j",
  "dataDir": "data/changesInfo/",
  "properties": {
    "trigger.tests": "org.jsoup.helper.DataUtilTest::discardsSpuriousByteOrderMarkWhenNoCharsetSet",
    "test.dir": "src/test/java",
    "clz.modified": "org.jsoup.helper.DataUtil",
    "src.dir": "src/main/java"
  },
  "timeoutSecond": 100,
  "proj": "Jsoup",
  "id": "39",
  "workingDir": "../bugs/Jsoup_39_tmp",
  "bug_name": "Jsoup_39",
  "derive": "defects4j",
  "trigger_tests": [
    {
      "test_class": "org.jsoup.helper.DataUtilTest",
      "test_function": "discardsSpuriousByteOrderMarkWhenNoCharsetSet",
      "assertion_line": "42",
      "exception": "junit.framework.AssertionFailedError",
      "message": "expected:\u003c[One]\u003e but was:\u003c[]\u003e"
    }
  ],
  "fixing_changes": [
    {
      "changed_type": "UPDATE",
      "changed_class": [
        "src/main/java/org/jsoup/helper/DataUtil.java",
        "src/main/java/org/jsoup/helper/DataUtil.java"
      ],
      "changed_functions": [
        {
          "qualified_names": [
            "org.jsoup.helper.DataUtil:parseByteData:[ByteBuffer byteData, String charsetName, String baseUri, Parser parser]:Document"
          ],
          "num": 1
        },
        {
          "qualified_names": [
            "org.jsoup.helper.DataUtil:parseByteData:[ByteBuffer byteData, String charsetName, String baseUri, Parser parser]:Document"
          ],
          "num": 1
        }
      ],
      "changed_lines": [
        {
          "qualified_names": [
            "119"
          ],
          "num": 1
        },
        {
          "qualified_names": [
            "118"
          ],
          "num": 1
        }
      ],
      "diff": "diff --git a/src/main/java/org/jsoup/helper/DataUtil.java b/src/main/java/org/jsoup/helper/DataUtil.java\nindex 44f85be..d43bfe4 100644\n--- a/src/main/java/org/jsoup/helper/DataUtil.java\n+++ b/src/main/java/org/jsoup/helper/DataUtil.java\n@@ -116,7 +116,6 @@\n             docData \u003d Charset.forName(defaultCharset).decode(byteData).toString();\n             docData \u003d docData.substring(1);\n             charsetName \u003d defaultCharset;\n-            doc \u003d null;\n         }\n         if (doc \u003d\u003d null) {\n             doc \u003d parser.parseInput(docData, baseUri);\n",
      "operations": [
        {
          "type": "delete-tree",
          "from": "ExpressionStatement [5511,5522]",
          "to": ""
        }
      ]
    }
  ],
  "fixing_type": {
    "add_classes": {
      "qualified_names": [],
      "num": 0
    },
    "delete_classes": {
      "qualified_names": [],
      "num": 0
    },
    "add_functions": {
      "qualified_names": [],
      "num": 0
    },
    "delete_functions": {
      "qualified_names": [],
      "num": 0
    }
  }
}