{
  "logger": {
    "currentLogLevel": 20,
    "name": "root.bean.benchmarks.Defects4JBug"
  },
  "d4jCmd": "/home/liumengjiao/Desktop/defects4j/framework/bin/defects4j",
  "dataDir": "data/changesInfo/",
  "properties": {
    "trigger.tests": "org.jsoup.nodes.ElementTest::testHashAndEquals",
    "test.dir": "src/test/java",
    "clz.modified": "org.jsoup.nodes.Element",
    "src.dir": "src/main/java"
  },
  "timeoutSecond": 100,
  "proj": "Jsoup",
  "id": "41",
  "workingDir": "../bugs/Jsoup_41_tmp",
  "bug_name": "Jsoup_41",
  "derive": "defects4j",
  "trigger_tests": [
    {
      "test_class": "org.jsoup.nodes.ElementTest",
      "test_function": "testHashAndEquals",
      "assertion_line": "785",
      "exception": "junit.framework.AssertionFailedError",
      "message": "expected: org.jsoup.nodes.Element\u003c\u003cp class\u003d\"one\"\u003eOne\u003c/p\u003e\u003e but was: org.jsoup.nodes.Element\u003c\u003cp class\u003d\"one\"\u003eOne\u003c/p\u003e\u003e"
    }
  ],
  "fixing_changes": [
    {
      "changed_type": "UPDATE",
      "changed_class": [
        "src/main/java/org/jsoup/nodes/Element.java",
        "src/main/java/org/jsoup/nodes/Element.java"
      ],
      "changed_functions": [
        {
          "qualified_names": [
            "org.jsoup.nodes.Element:equals:[Object o]:boolean"
          ],
          "num": 1
        },
        {
          "qualified_names": [
            "org.jsoup.nodes.Element:equals:[Object o]:boolean"
          ],
          "num": 1
        }
      ],
      "changed_lines": [
        {
          "qualified_names": [
            "1175"
          ],
          "num": 1
        },
        {
          "qualified_names": [
            "1175"
          ],
          "num": 1
        }
      ],
      "diff": "diff --git a/src/main/java/org/jsoup/nodes/Element.java b/src/main/java/org/jsoup/nodes/Element.java\nindex c07018e..cd2e86a 100644\n--- a/src/main/java/org/jsoup/nodes/Element.java\n+++ b/src/main/java/org/jsoup/nodes/Element.java\n@@ -1172,7 +1172,7 @@\n \n         Element element \u003d (Element) o;\n \n-        return tag.equals(element.tag);\n+        return this \u003d\u003d o;\n     }\n \n     @Override\n",
      "operations": [
        {
          "type": "insert-tree",
          "from": "",
          "to": "ReturnStatement [42297,42314]"
        },
        {
          "type": "delete-tree",
          "from": "ReturnStatement [42297,42328]",
          "to": ""
        }
      ]
    }
  ],
  "fixing_type": {
    "add_classes": {
      "qualified_names": [],
      "num": 0
    },
    "delete_classes": {
      "qualified_names": [],
      "num": 0
    },
    "add_functions": {
      "qualified_names": [],
      "num": 0
    },
    "delete_functions": {
      "qualified_names": [],
      "num": 0
    }
  }
}