{
  "logger": {
    "currentLogLevel": 20,
    "name": "root.bean.benchmarks.Defects4JBug"
  },
  "d4jCmd": "/home/liumengjiao/Desktop/defects4j/framework/bin/defects4j",
  "dataDir": "data/changesInfo/",
  "properties": {
    "trigger.tests": "com.fasterxml.jackson.databind.creators.DelegatingArrayCreator1804Test::testDelegatingArray1804",
    "test.dir": "src/test/java",
    "clz.modified": "com.fasterxml.jackson.databind.deser.ValueInstantiator,com.fasterxml.jackson.databind.deser.std.StdValueInstantiator",
    "src.dir": "src/main/java"
  },
  "timeoutSecond": 100,
  "proj": "JacksonDatabind",
  "id": "90",
  "workingDir": "../bugs/JacksonDatabind_90_tmp",
  "bug_name": "JacksonDatabind_90",
  "derive": "defects4j",
  "trigger_tests": [
    {
      "test_class": "com.fasterxml.jackson.databind.creators.DelegatingArrayCreator1804Test",
      "test_function": "testDelegatingArray1804",
      "assertion_line": "38",
      "exception": "com.fasterxml.jackson.databind.JsonMappingException",
      "message": "Can not construct instance of com.fasterxml.jackson.databind.creators.DelegatingArrayCreator1804Test$MyType: abstract types either need to be mapped to concrete types, have custom deserializer, or contain additional type information"
    }
  ],
  "fixing_changes": [
    {
      "changed_type": "UPDATE",
      "changed_class": [
        "src/main/java/com/fasterxml/jackson/databind/deser/ValueInstantiator.java",
        "src/main/java/com/fasterxml/jackson/databind/deser/ValueInstantiator.java"
      ],
      "changed_functions": [
        {
          "qualified_names": [
            "com.fasterxml.jackson.databind.deser.ValueInstantiator:canInstantiate:[]:boolean"
          ],
          "num": 1
        },
        {
          "qualified_names": [
            "com.fasterxml.jackson.databind.deser.ValueInstantiator:canInstantiate:[]:boolean"
          ],
          "num": 1
        }
      ],
      "changed_lines": [
        {
          "qualified_names": [
            "72"
          ],
          "num": 1
        },
        {
          "qualified_names": [
            "72"
          ],
          "num": 1
        }
      ],
      "diff": "diff --git a/src/main/java/com/fasterxml/jackson/databind/deser/ValueInstantiator.java b/src/main/java/com/fasterxml/jackson/databind/deser/ValueInstantiator.java\nindex fceac96..b721f69 100644\n--- a/src/main/java/com/fasterxml/jackson/databind/deser/ValueInstantiator.java\n+++ b/src/main/java/com/fasterxml/jackson/databind/deser/ValueInstantiator.java\n@@ -69,7 +69,7 @@\n      */\n     public boolean canInstantiate() {\n         return canCreateUsingDefault()\n-                || canCreateUsingDelegate() || canCreateUsingArrayDelegate()\n+                || canCreateUsingDelegate() \n                 || canCreateFromObjectWith() || canCreateFromString()\n                 || canCreateFromInt() || canCreateFromLong()\n                 || canCreateFromDouble() || canCreateFromBoolean();\n",
      "operations": [
        {
          "type": "delete-tree",
          "from": "MethodInvocation [2708,2737]",
          "to": ""
        }
      ]
    },
    {
      "changed_type": "UPDATE",
      "changed_class": [
        "src/main/java/com/fasterxml/jackson/databind/deser/std/StdValueInstantiator.java",
        "src/main/java/com/fasterxml/jackson/databind/deser/std/StdValueInstantiator.java"
      ],
      "changed_functions": [
        {
          "qualified_names": [
            "com.fasterxml.jackson.databind.deser.std.StdValueInstantiator:canInstantiate:[]:boolean"
          ],
          "num": 1
        },
        {
          "qualified_names": [],
          "num": 0
        }
      ],
      "changed_lines": [
        {
          "qualified_names": [
            "232",
            "233",
            "234",
            "235",
            "236",
            "237",
            "238",
            "239"
          ],
          "num": 8
        },
        {
          "qualified_names": [
            "231"
          ],
          "num": 1
        }
      ],
      "diff": "diff --git a/src/main/java/com/fasterxml/jackson/databind/deser/std/StdValueInstantiator.java b/src/main/java/com/fasterxml/jackson/databind/deser/std/StdValueInstantiator.java\nindex 9705770..917bdfe 100644\n--- a/src/main/java/com/fasterxml/jackson/databind/deser/std/StdValueInstantiator.java\n+++ b/src/main/java/com/fasterxml/jackson/databind/deser/std/StdValueInstantiator.java\n@@ -229,14 +229,6 @@\n         return (_withArgsCreator !\u003d null);\n     }\n \n-    @Override\n-    public boolean canInstantiate() {\n-        return canCreateUsingDefault()\n-                || canCreateUsingDelegate() || canCreateUsingArrayDelegate()\n-                || canCreateFromObjectWith() || canCreateFromString()\n-                || canCreateFromInt() || canCreateFromLong()\n-                || canCreateFromDouble() || canCreateFromBoolean();\n-    }\n \n     @Override\n     public JavaType getDelegateType(DeserializationConfig config) {\n",
      "operations": [
        {
          "type": "delete-tree",
          "from": "MethodDeclaration [7156,7524]",
          "to": ""
        }
      ]
    }
  ],
  "fixing_type": {
    "add_classes": {
      "qualified_names": [],
      "num": 0
    },
    "delete_classes": {
      "qualified_names": [],
      "num": 0
    },
    "add_functions": {
      "qualified_names": [],
      "num": 0
    },
    "delete_functions": {
      "qualified_names": [
        "com.fasterxml.jackson.databind.deser.std.StdValueInstantiator:canInstantiate:[]:boolean"
      ],
      "num": 1
    }
  }
}