{
  "logger": {
    "currentLogLevel": 20,
    "name": "root.bean.benchmarks.Defects4JBug"
  },
  "d4jCmd": "/home/liumengjiao/Desktop/defects4j/framework/bin/defects4j",
  "dataDir": "data/changesInfo/",
  "properties": {
    "trigger.tests": "org.mockito.internal.creation.DelegatingMethodTest::equals_should_return_true_when_equal,org.mockito.internal.creation.DelegatingMethodTest::equals_should_return_true_when_self",
    "test.dir": "test",
    "clz.modified": "org.mockito.internal.creation.DelegatingMethod",
    "src.dir": "src"
  },
  "timeoutSecond": 100,
  "proj": "Mockito",
  "id": "11",
  "workingDir": "../bugs/Mockito_11_tmp",
  "bug_name": "Mockito_11",
  "derive": "defects4j",
  "trigger_tests": [
    {
      "test_class": "org.mockito.internal.creation.DelegatingMethodTest",
      "test_function": "equals_should_return_true_when_equal",
      "assertion_line": "30",
      "exception": "junit.framework.AssertionFailedError",
      "message": ""
    },
    {
      "test_class": "org.mockito.internal.creation.DelegatingMethodTest",
      "test_function": "equals_should_return_true_when_self",
      "assertion_line": "35",
      "exception": "junit.framework.AssertionFailedError",
      "message": ""
    }
  ],
  "fixing_changes": [
    {
      "changed_type": "UPDATE",
      "changed_class": [
        "src/org/mockito/internal/creation/DelegatingMethod.java",
        "src/org/mockito/internal/creation/DelegatingMethod.java"
      ],
      "changed_functions": [
        {
          "qualified_names": [
            "org.mockito.internal.creation.DelegatingMethod:hashCode:[]:int",
            "org.mockito.internal.creation.DelegatingMethod:equals:[Object o]:boolean"
          ],
          "num": 2
        },
        {
          "qualified_names": [
            "org.mockito.internal.creation.DelegatingMethod:hashCode:[]:int"
          ],
          "num": 1
        }
      ],
      "changed_lines": [
        {
          "qualified_names": [
            "55",
            "56",
            "57",
            "58",
            "59",
            "60",
            "61",
            "63",
            "68"
          ],
          "num": 9
        },
        {
          "qualified_names": [
            "60"
          ],
          "num": 1
        }
      ],
      "diff": "diff --git a/src/org/mockito/internal/creation/DelegatingMethod.java b/src/org/mockito/internal/creation/DelegatingMethod.java\nindex 034694f..349719b 100644\n--- a/src/org/mockito/internal/creation/DelegatingMethod.java\n+++ b/src/org/mockito/internal/creation/DelegatingMethod.java\n@@ -52,19 +52,11 @@\n      */\n     @Override\n     public boolean equals(Object o) {\n-        if (this \u003d\u003d o) {\n-            return true;\n-        }\n-        if (o instanceof DelegatingMethod) {\n-            DelegatingMethod that \u003d (DelegatingMethod) o;\n-            return method.equals(that.method);\n-        } else {\n             return method.equals(o);\n-        }\n     }\n \n     @Override\n     public int hashCode() {\n-        return method.hashCode();\n+        return 1;\n     }\n }\n\\ No newline at end of file\n",
      "operations": [
        {
          "type": "move-tree",
          "from": "",
          "to": ""
        },
        {
          "type": "insert-tree",
          "from": "",
          "to": "ReturnStatement [1527,1536]"
        },
        {
          "type": "delete-tree",
          "from": "IfStatement [1441,1492]",
          "to": ""
        },
        {
          "type": "delete-tree",
          "from": "InstanceofExpression [1505,1534]",
          "to": ""
        },
        {
          "type": "delete-tree",
          "from": "Block [1536,1652]",
          "to": ""
        },
        {
          "type": "delete-node",
          "from": "Block [1658,1706]",
          "to": ""
        },
        {
          "type": "delete-node",
          "from": "IfStatement [1501,1706]",
          "to": ""
        },
        {
          "type": "delete-tree",
          "from": "ReturnStatement [1764,1789]",
          "to": ""
        }
      ]
    }
  ],
  "fixing_type": {
    "add_classes": {
      "qualified_names": [],
      "num": 0
    },
    "delete_classes": {
      "qualified_names": [],
      "num": 0
    },
    "add_functions": {
      "qualified_names": [],
      "num": 0
    },
    "delete_functions": {
      "qualified_names": [
        "org.mockito.internal.creation.DelegatingMethod:equals:[Object o]:boolean"
      ],
      "num": 1
    }
  }
}