{
  "logger": {
    "currentLogLevel": 20,
    "name": "root.bean.benchmarks.Defects4JBug"
  },
  "d4jCmd": "/home/liumengjiao/Desktop/defects4j/framework/bin/defects4j",
  "dataDir": "data/changesInfo/",
  "properties": {
    "trigger.tests": "com.fasterxml.jackson.core.sym.SymbolsViaParserTest::testSymbolTableExpansionBytes",
    "test.dir": "src/test/java",
    "clz.modified": "com.fasterxml.jackson.core.sym.ByteQuadsCanonicalizer",
    "src.dir": "src/main/java"
  },
  "timeoutSecond": 100,
  "proj": "JacksonCore",
  "id": "11",
  "workingDir": "../bugs/JacksonCore_11_tmp",
  "bug_name": "JacksonCore_11",
  "derive": "defects4j",
  "trigger_tests": [
    {
      "test_class": "com.fasterxml.jackson.core.sym.SymbolsViaParserTest",
      "test_function": "testSymbolTableExpansionBytes",
      "assertion_line": "32",
      "exception": "java.lang.ArrayIndexOutOfBoundsException",
      "message": "512"
    }
  ],
  "fixing_changes": [
    {
      "changed_type": "UPDATE",
      "changed_class": [
        "src/main/java/com/fasterxml/jackson/core/sym/ByteQuadsCanonicalizer.java",
        "src/main/java/com/fasterxml/jackson/core/sym/ByteQuadsCanonicalizer.java"
      ],
      "changed_functions": [
        {
          "qualified_names": [
            "com.fasterxml.jackson.core.sym.ByteQuadsCanonicalizer:_verifySharing:[]:void"
          ],
          "num": 1
        },
        {
          "qualified_names": [
            "com.fasterxml.jackson.core.sym.ByteQuadsCanonicalizer:_verifySharing:[]:void"
          ],
          "num": 1
        }
      ],
      "changed_lines": [
        {
          "qualified_names": [
            "882"
          ],
          "num": 1
        },
        {
          "qualified_names": [
            "881"
          ],
          "num": 1
        }
      ],
      "diff": "diff --git a/src/main/java/com/fasterxml/jackson/core/sym/ByteQuadsCanonicalizer.java b/src/main/java/com/fasterxml/jackson/core/sym/ByteQuadsCanonicalizer.java\nindex d9e6c4f..f19acc7 100644\n--- a/src/main/java/com/fasterxml/jackson/core/sym/ByteQuadsCanonicalizer.java\n+++ b/src/main/java/com/fasterxml/jackson/core/sym/ByteQuadsCanonicalizer.java\n@@ -879,7 +879,6 @@\n             _hashShared \u003d false;\n             // 09-Sep-2015, tatu: As per [jackson-core#216], also need to ensure\n             //    we rehash as needed, as need-rehash flag is not copied from parent\n-            _verifyNeedForRehash();\n         }\n         if (_needRehash) {\n             rehash();\n",
      "operations": [
        {
          "type": "delete-tree",
          "from": "ExpressionStatement [30271,30294]",
          "to": ""
        }
      ]
    }
  ],
  "fixing_type": {
    "add_classes": {
      "qualified_names": [],
      "num": 0
    },
    "delete_classes": {
      "qualified_names": [],
      "num": 0
    },
    "add_functions": {
      "qualified_names": [],
      "num": 0
    },
    "delete_functions": {
      "qualified_names": [],
      "num": 0
    }
  }
}