{
  "logger": {
    "currentLogLevel": 20,
    "name": "root.bean.benchmarks.Defects4JBug"
  },
  "d4jCmd": "/home/liumengjiao/Desktop/defects4j/framework/bin/defects4j",
  "dataDir": "data/changesInfo/",
  "properties": {
    "trigger.tests": "com.fasterxml.jackson.databind.mixins.MixinsWithBundlesTest::testMixinWithBundles",
    "test.dir": "src/test/java",
    "clz.modified": "com.fasterxml.jackson.databind.introspect.AnnotationMap",
    "src.dir": "src/main/java"
  },
  "timeoutSecond": 100,
  "proj": "JacksonDatabind",
  "id": "16",
  "workingDir": "../bugs/JacksonDatabind_16_tmp",
  "bug_name": "JacksonDatabind_16",
  "derive": "defects4j",
  "trigger_tests": [
    {
      "test_class": "com.fasterxml.jackson.databind.mixins.MixinsWithBundlesTest",
      "test_function": "testMixinWithBundles",
      "assertion_line": "41",
      "exception": "junit.framework.ComparisonFailure",
      "message": "expected:\u003c{\"[bar]\":\"result\"}\u003e but was:\u003c{\"[stuff]\":\"result\"}\u003e"
    }
  ],
  "fixing_changes": [
    {
      "changed_type": "UPDATE",
      "changed_class": [
        "src/main/java/com/fasterxml/jackson/databind/introspect/AnnotationMap.java",
        "src/main/java/com/fasterxml/jackson/databind/introspect/AnnotationMap.java"
      ],
      "changed_functions": [
        {
          "qualified_names": [
            "com.fasterxml.jackson.databind.introspect.AnnotationMap:_add:[Annotation ann]:boolean"
          ],
          "num": 1
        },
        {
          "qualified_names": [
            "com.fasterxml.jackson.databind.introspect.AnnotationMap:_add:[Annotation ann]:boolean"
          ],
          "num": 1
        }
      ],
      "changed_lines": [
        {
          "qualified_names": [
            "112"
          ],
          "num": 1
        },
        {
          "qualified_names": [
            "112"
          ],
          "num": 1
        }
      ],
      "diff": "diff --git a/src/main/java/com/fasterxml/jackson/databind/introspect/AnnotationMap.java b/src/main/java/com/fasterxml/jackson/databind/introspect/AnnotationMap.java\nindex 513a83d..f9cc5cb 100644\n--- a/src/main/java/com/fasterxml/jackson/databind/introspect/AnnotationMap.java\n+++ b/src/main/java/com/fasterxml/jackson/databind/introspect/AnnotationMap.java\n@@ -109,7 +109,7 @@\n             _annotations \u003d new HashMap\u003cClass\u003c? extends Annotation\u003e,Annotation\u003e();\n         }\n         Annotation previous \u003d _annotations.put(ann.annotationType(), ann);\n-        return (previous \u003d\u003d null) || !previous.equals(ann);\n+        return (previous !\u003d null) \u0026\u0026 previous.equals(ann);\n     }\n }\n \n",
      "operations": [
        {
          "type": "update-node",
          "from": "",
          "to": ""
        },
        {
          "type": "move-tree",
          "from": "",
          "to": ""
        },
        {
          "type": "update-node",
          "from": "",
          "to": ""
        },
        {
          "type": "delete-node",
          "from": "PREFIX_EXPRESSION_OPERATOR: ! [3434,3435]",
          "to": ""
        },
        {
          "type": "delete-node",
          "from": "PrefixExpression [3434,3455]",
          "to": ""
        }
      ]
    }
  ],
  "fixing_type": {
    "add_classes": {
      "qualified_names": [],
      "num": 0
    },
    "delete_classes": {
      "qualified_names": [],
      "num": 0
    },
    "add_functions": {
      "qualified_names": [],
      "num": 0
    },
    "delete_functions": {
      "qualified_names": [],
      "num": 0
    }
  }
}