{
  "logger": {
    "currentLogLevel": 20,
    "name": "root.bean.benchmarks.Defects4JBug"
  },
  "d4jCmd": "/home/liumengjiao/Desktop/defects4j/framework/bin/defects4j",
  "dataDir": "data/changesInfo/",
  "properties": {
    "trigger.tests": "com.google.javascript.jscomp.IntegrationTest::testSingletonGetter1",
    "test.dir": "test",
    "clz.modified": "com.google.javascript.jscomp.InlineVariables",
    "src.dir": "src"
  },
  "timeoutSecond": 100,
  "proj": "Closure",
  "id": "36",
  "workingDir": "../bugs/Closure_36_tmp",
  "bug_name": "Closure_36",
  "derive": "defects4j",
  "trigger_tests": [
    {
      "test_class": "com.google.javascript.jscomp.IntegrationTest",
      "test_function": "testSingletonGetter1",
      "assertion_line": "1942",
      "exception": "junit.framework.AssertionFailedError",
      "message": "Expected: \nResult: function b(a){a.b\u003dfunction(){return a.a||(a.a\u003dnew a)}}b(function(){});b(function(){})"
    }
  ],
  "fixing_changes": [
    {
      "changed_type": "UPDATE",
      "changed_class": [
        "src/com/google/javascript/jscomp/InlineVariables.java",
        "src/com/google/javascript/jscomp/InlineVariables.java"
      ],
      "changed_functions": [
        {
          "qualified_names": [
            "com.google.javascript.jscomp.InlineVariables\\$InliningBehavior:canInline:[Reference declaration, Reference initialization, Reference reference]:boolean"
          ],
          "num": 1
        },
        {
          "qualified_names": [
            "com.google.javascript.jscomp.InlineVariables\\$InliningBehavior:canInline:[Reference declaration, Reference initialization, Reference reference]:boolean"
          ],
          "num": 1
        }
      ],
      "changed_lines": [
        {
          "qualified_names": [
            "575",
            "576",
            "577"
          ],
          "num": 3
        },
        {
          "qualified_names": [
            "574"
          ],
          "num": 1
        }
      ],
      "diff": "diff --git a/src/com/google/javascript/jscomp/InlineVariables.java b/src/com/google/javascript/jscomp/InlineVariables.java\nindex 47b8e8a..0b4b3de 100644\n--- a/src/com/google/javascript/jscomp/InlineVariables.java\n+++ b/src/com/google/javascript/jscomp/InlineVariables.java\n@@ -572,9 +572,6 @@\n \n           // issue 668: Don\u0027t inline singleton getter methods\n           // calls as this confused class removing logic.\n-          if (convention.getSingletonGetterClassName(callNode) !\u003d null) {\n-            return false;\n-          }\n         }\n       }\n \n",
      "operations": [
        {
          "type": "delete-tree",
          "from": "IfStatement [20622,20723]",
          "to": ""
        }
      ]
    }
  ],
  "fixing_type": {
    "add_classes": {
      "qualified_names": [],
      "num": 0
    },
    "delete_classes": {
      "qualified_names": [],
      "num": 0
    },
    "add_functions": {
      "qualified_names": [],
      "num": 0
    },
    "delete_functions": {
      "qualified_names": [],
      "num": 0
    }
  }
}