{
  "logger": {
    "currentLogLevel": 20,
    "name": "root.bean.benchmarks.Defects4JBug"
  },
  "d4jCmd": "/home/liumengjiao/Desktop/defects4j/framework/bin/defects4j",
  "dataDir": "data/changesInfo/",
  "properties": {
    "trigger.tests": "com.fasterxml.jackson.databind.struct.TestPOJOAsArray::testNullColumn",
    "test.dir": "src/test/java",
    "clz.modified": "com.fasterxml.jackson.databind.ser.BeanPropertyWriter",
    "src.dir": "src/main/java"
  },
  "timeoutSecond": 100,
  "proj": "JacksonDatabind",
  "id": "1",
  "workingDir": "../bugs/JacksonDatabind_1_tmp",
  "bug_name": "JacksonDatabind_1",
  "derive": "defects4j",
  "trigger_tests": [
    {
      "test_class": "com.fasterxml.jackson.databind.struct.TestPOJOAsArray",
      "test_function": "testNullColumn",
      "assertion_line": "151",
      "exception": "junit.framework.ComparisonFailure",
      "message": "expected:\u003c[null,[]\"bar\"]\u003e but was:\u003c[null,[null,]\"bar\"]\u003e"
    }
  ],
  "fixing_changes": [
    {
      "changed_type": "UPDATE",
      "changed_class": [
        "src/main/java/com/fasterxml/jackson/databind/ser/BeanPropertyWriter.java",
        "src/main/java/com/fasterxml/jackson/databind/ser/BeanPropertyWriter.java"
      ],
      "changed_functions": [
        {
          "qualified_names": [
            "com.fasterxml.jackson.databind.ser.BeanPropertyWriter:serializeAsColumn:[Object bean, JsonGenerator jgen, SerializerProvider prov]:void"
          ],
          "num": 1
        },
        {
          "qualified_names": [
            "com.fasterxml.jackson.databind.ser.BeanPropertyWriter:serializeAsColumn:[Object bean, JsonGenerator jgen, SerializerProvider prov]:void"
          ],
          "num": 1
        }
      ],
      "changed_lines": [
        {
          "qualified_names": [
            "592"
          ],
          "num": 1
        },
        {
          "qualified_names": [
            "591"
          ],
          "num": 1
        }
      ],
      "diff": "diff --git a/src/main/java/com/fasterxml/jackson/databind/ser/BeanPropertyWriter.java b/src/main/java/com/fasterxml/jackson/databind/ser/BeanPropertyWriter.java\nindex 32ce099..45db172 100644\n--- a/src/main/java/com/fasterxml/jackson/databind/ser/BeanPropertyWriter.java\n+++ b/src/main/java/com/fasterxml/jackson/databind/ser/BeanPropertyWriter.java\n@@ -589,7 +589,6 @@\n             } else { // can NOT suppress entries in tabular output\n                 jgen.writeNull();\n             }\n-            return;\n         }\n         // otherwise find serializer to use\n         JsonSerializer\u003cObject\u003e ser \u003d _serializer;\n",
      "operations": [
        {
          "type": "delete-node",
          "from": "ReturnStatement [19804,19811]",
          "to": ""
        }
      ]
    }
  ],
  "fixing_type": {
    "add_classes": {
      "qualified_names": [],
      "num": 0
    },
    "delete_classes": {
      "qualified_names": [],
      "num": 0
    },
    "add_functions": {
      "qualified_names": [],
      "num": 0
    },
    "delete_functions": {
      "qualified_names": [],
      "num": 0
    }
  }
}