{
  "logger": {
    "currentLogLevel": 20,
    "name": "root.bean.benchmarks.Defects4JBug"
  },
  "d4jCmd": "/home/liumengjiao/Desktop/defects4j/framework/bin/defects4j",
  "dataDir": "data/changesInfo/",
  "properties": {
    "trigger.tests": "org.jsoup.helper.DataUtilTest::supportsXmlCharsetDeclaration",
    "test.dir": "src/test/java",
    "clz.modified": "org.jsoup.helper.DataUtil",
    "src.dir": "src/main/java"
  },
  "timeoutSecond": 100,
  "proj": "Jsoup",
  "id": "81",
  "workingDir": "../bugs/Jsoup_81_tmp",
  "bug_name": "Jsoup_81",
  "derive": "defects4j",
  "trigger_tests": [
    {
      "test_class": "org.jsoup.helper.DataUtilTest",
      "test_function": "supportsXmlCharsetDeclaration",
      "assertion_line": "178",
      "exception": "junit.framework.AssertionFailedError",
      "message": "expected:\u003cHell[ö Wö]rld!\u003e but was:\u003cHell[� W�]rld!\u003e"
    }
  ],
  "fixing_changes": [
    {
      "changed_type": "UPDATE",
      "changed_class": [
        "src/main/java/org/jsoup/helper/DataUtil.java",
        "src/main/java/org/jsoup/helper/DataUtil.java"
      ],
      "changed_functions": [
        {
          "qualified_names": [
            "org.jsoup.helper.DataUtil:parseInputStream:[InputStream input, String charsetName, String baseUri, Parser parser]:Document"
          ],
          "num": 1
        },
        {
          "qualified_names": [
            "org.jsoup.helper.DataUtil:parseInputStream:[InputStream input, String charsetName, String baseUri, Parser parser]:Document"
          ],
          "num": 1
        }
      ],
      "changed_lines": [
        {
          "qualified_names": [
            "5",
            "137",
            "138",
            "139",
            "140",
            "141"
          ],
          "num": 6
        },
        {
          "qualified_names": [
            "4",
            "137"
          ],
          "num": 2
        }
      ],
      "diff": "diff --git a/src/main/java/org/jsoup/helper/DataUtil.java b/src/main/java/org/jsoup/helper/DataUtil.java\nindex 3aaa0ed..0d52d38 100644\n--- a/src/main/java/org/jsoup/helper/DataUtil.java\n+++ b/src/main/java/org/jsoup/helper/DataUtil.java\n@@ -2,7 +2,6 @@\n \n import org.jsoup.UncheckedIOException;\n import org.jsoup.internal.ConstrainableInputStream;\n-import org.jsoup.nodes.Comment;\n import org.jsoup.nodes.Document;\n import org.jsoup.nodes.Element;\n import org.jsoup.nodes.Node;\n@@ -134,11 +133,6 @@\n                 XmlDeclaration decl \u003d null;\n                 if (first instanceof XmlDeclaration)\n                     decl \u003d (XmlDeclaration) first;\n-                else if (first instanceof Comment) {\n-                    Comment comment \u003d (Comment) first;\n-                    if (comment.isXmlDeclaration())\n-                        decl \u003d comment.asXmlDeclaration();\n-                }\n                 if (decl !\u003d null) {\n                     if (decl.name().equalsIgnoreCase(\"xml\"))\n                         foundCharset \u003d decl.attr(\"encoding\");\n",
      "operations": [
        {
          "type": "delete-tree",
          "from": "ImportDeclaration [118,149]",
          "to": ""
        },
        {
          "type": "delete-tree",
          "from": "IfStatement [5725,5940]",
          "to": ""
        }
      ]
    }
  ],
  "fixing_type": {
    "add_classes": {
      "qualified_names": [],
      "num": 0
    },
    "delete_classes": {
      "qualified_names": [],
      "num": 0
    },
    "add_functions": {
      "qualified_names": [],
      "num": 0
    },
    "delete_functions": {
      "qualified_names": [],
      "num": 0
    }
  }
}