{
  "logger": {
    "currentLogLevel": 20,
    "name": "root.bean.benchmarks.Defects4JBug"
  },
  "d4jCmd": "/home/liumengjiao/Desktop/defects4j/framework/bin/defects4j",
  "dataDir": "data/changesInfo/",
  "properties": {
    "trigger.tests": "com.fasterxml.jackson.databind.seq.ReadValuesTest::testRootBeans",
    "test.dir": "src/test/java",
    "clz.modified": "com.fasterxml.jackson.databind.ObjectReader",
    "src.dir": "src/main/java"
  },
  "timeoutSecond": 100,
  "proj": "JacksonDatabind",
  "id": "57",
  "workingDir": "../bugs/JacksonDatabind_57_tmp",
  "bug_name": "JacksonDatabind_57",
  "derive": "defects4j",
  "trigger_tests": [
    {
      "test_class": "com.fasterxml.jackson.databind.seq.ReadValuesTest",
      "test_function": "testRootBeans",
      "assertion_line": "49",
      "exception": "java.io.CharConversionException",
      "message": "Invalid UTF-32 character 0x2261223a(above 10ffff)  at char #1, byte #7)"
    }
  ],
  "fixing_changes": [
    {
      "changed_type": "UPDATE",
      "changed_class": [
        "src/main/java/com/fasterxml/jackson/databind/ObjectReader.java",
        "src/main/java/com/fasterxml/jackson/databind/ObjectReader.java"
      ],
      "changed_functions": [
        {
          "qualified_names": [
            "com.fasterxml.jackson.databind.ObjectReader:readValues:[byte[] src, int offset, int length]:MappingIterator\u003cT\u003e"
          ],
          "num": 1
        },
        {
          "qualified_names": [
            "com.fasterxml.jackson.databind.ObjectReader:readValues:[byte[] src, int offset, int length]:MappingIterator\u003cT\u003e"
          ],
          "num": 1
        }
      ],
      "changed_lines": [
        {
          "qualified_names": [
            "1441"
          ],
          "num": 1
        },
        {
          "qualified_names": [
            "1441"
          ],
          "num": 1
        }
      ],
      "diff": "diff --git a/src/main/java/com/fasterxml/jackson/databind/ObjectReader.java b/src/main/java/com/fasterxml/jackson/databind/ObjectReader.java\nindex 2279c1f..10fddc4 100644\n--- a/src/main/java/com/fasterxml/jackson/databind/ObjectReader.java\n+++ b/src/main/java/com/fasterxml/jackson/databind/ObjectReader.java\n@@ -1438,7 +1438,7 @@\n         if (_dataFormatReaders !\u003d null) {\n             return _detectBindAndReadValues(_dataFormatReaders.findFormat(src, offset, length), false);\n         }\n-        return _bindAndReadValues(_considerFilter(_parserFactory.createParser(src, offset, length),\n+        return _bindAndReadValues(_considerFilter(_parserFactory.createParser(src), \n                 true));\n     }\n \n",
      "operations": [
        {
          "type": "delete-node",
          "from": "SimpleName: offset [51394,51400]",
          "to": ""
        },
        {
          "type": "delete-node",
          "from": "SimpleName: length [51402,51408]",
          "to": ""
        }
      ]
    }
  ],
  "fixing_type": {
    "add_classes": {
      "qualified_names": [],
      "num": 0
    },
    "delete_classes": {
      "qualified_names": [],
      "num": 0
    },
    "add_functions": {
      "qualified_names": [],
      "num": 0
    },
    "delete_functions": {
      "qualified_names": [],
      "num": 0
    }
  }
}