{
  "logger": {
    "currentLogLevel": 20,
    "name": "root.bean.benchmarks.Defects4JBug"
  },
  "d4jCmd": "/home/liumengjiao/Desktop/defects4j/framework/bin/defects4j",
  "dataDir": "data/changesInfo/",
  "properties": {
    "trigger.tests": "com.fasterxml.jackson.core.TestJsonPointer::testIZeroIndex",
    "test.dir": "src/test/java",
    "clz.modified": "com.fasterxml.jackson.core.JsonPointer",
    "src.dir": "src/main/java"
  },
  "timeoutSecond": 100,
  "proj": "JacksonCore",
  "id": "6",
  "workingDir": "../bugs/JacksonCore_6_tmp",
  "bug_name": "JacksonCore_6",
  "derive": "defects4j",
  "trigger_tests": [
    {
      "test_class": "com.fasterxml.jackson.core.TestJsonPointer",
      "test_function": "testIZeroIndex",
      "assertion_line": "51",
      "exception": "junit.framework.AssertionFailedError",
      "message": "expected:\u003c-1\u003e but was:\u003c0\u003e"
    }
  ],
  "fixing_changes": [
    {
      "changed_type": "UPDATE",
      "changed_class": [
        "src/main/java/com/fasterxml/jackson/core/JsonPointer.java",
        "src/main/java/com/fasterxml/jackson/core/JsonPointer.java"
      ],
      "changed_functions": [
        {
          "qualified_names": [
            "com.fasterxml.jackson.core.JsonPointer:_parseIndex:[String str]:int"
          ],
          "num": 1
        },
        {
          "qualified_names": [
            "com.fasterxml.jackson.core.JsonPointer:_parseIndex:[String str]:int"
          ],
          "num": 1
        }
      ],
      "changed_lines": [
        {
          "qualified_names": [
            "193",
            "194",
            "195",
            "196",
            "197",
            "198",
            "199",
            "200",
            "201"
          ],
          "num": 9
        },
        {
          "qualified_names": [
            "193",
            "194"
          ],
          "num": 2
        }
      ],
      "diff": "diff --git a/src/main/java/com/fasterxml/jackson/core/JsonPointer.java b/src/main/java/com/fasterxml/jackson/core/JsonPointer.java\nindex ff84f5e..ab37c3b 100644\n--- a/src/main/java/com/fasterxml/jackson/core/JsonPointer.java\n+++ b/src/main/java/com/fasterxml/jackson/core/JsonPointer.java\n@@ -190,15 +190,8 @@\n             return -1;\n         }\n         // [core#176]: no leading zeroes allowed\n-        char c \u003d str.charAt(0);\n-        if (c \u003c\u003d \u00270\u0027) {\n-            return (len \u003d\u003d 1 \u0026\u0026 c \u003d\u003d \u00270\u0027) ? 0 : -1;\n-        }\n-        if (c \u003e \u00279\u0027) {\n-            return -1;\n-        }\n-        for (int i \u003d 1; i \u003c len; ++i) {\n-            c \u003d str.charAt(i);\n+        for (int i \u003d 0; i \u003c len; ++i) {\n+            char c \u003d str.charAt(i);\n             if (c \u003e \u00279\u0027 || c \u003c \u00270\u0027) {\n                 return -1;\n             }\n",
      "operations": [
        {
          "type": "insert-node",
          "from": "",
          "to": "VariableDeclarationStatement [6259,6282]"
        },
        {
          "type": "update-node",
          "from": "",
          "to": ""
        },
        {
          "type": "insert-node",
          "from": "",
          "to": "PrimitiveType: char [6259,6263]"
        },
        {
          "type": "insert-node",
          "from": "",
          "to": "VariableDeclarationFragment [6264,6281]"
        },
        {
          "type": "move-tree",
          "from": "",
          "to": ""
        },
        {
          "type": "move-tree",
          "from": "",
          "to": ""
        },
        {
          "type": "delete-tree",
          "from": "VariableDeclarationStatement [6215,6238]",
          "to": ""
        },
        {
          "type": "delete-tree",
          "from": "IfStatement [6247,6324]",
          "to": ""
        },
        {
          "type": "delete-tree",
          "from": "IfStatement [6333,6380]",
          "to": ""
        },
        {
          "type": "delete-node",
          "from": "ASSIGNMENT_OPERATOR: \u003d [6435,6436]",
          "to": ""
        },
        {
          "type": "delete-node",
          "from": "Assignment [6433,6450]",
          "to": ""
        },
        {
          "type": "delete-node",
          "from": "ExpressionStatement [6433,6451]",
          "to": ""
        }
      ]
    }
  ],
  "fixing_type": {
    "add_classes": {
      "qualified_names": [],
      "num": 0
    },
    "delete_classes": {
      "qualified_names": [],
      "num": 0
    },
    "add_functions": {
      "qualified_names": [],
      "num": 0
    },
    "delete_functions": {
      "qualified_names": [],
      "num": 0
    }
  }
}