{
  "logger": {
    "currentLogLevel": 20,
    "name": "root.bean.benchmarks.Defects4JBug"
  },
  "d4jCmd": "/home/liumengjiao/Desktop/defects4j/framework/bin/defects4j",
  "dataDir": "data/changesInfo/",
  "properties": {
    "trigger.tests": "com.fasterxml.jackson.databind.interop.IllegalTypesCheckTest::testJDKTypes1737",
    "test.dir": "src/test/java",
    "clz.modified": "com.fasterxml.jackson.databind.deser.BeanDeserializerFactory",
    "src.dir": "src/main/java"
  },
  "timeoutSecond": 100,
  "proj": "JacksonDatabind",
  "id": "92",
  "workingDir": "../bugs/JacksonDatabind_92_tmp",
  "bug_name": "JacksonDatabind_92",
  "derive": "defects4j",
  "trigger_tests": [
    {
      "test_class": "com.fasterxml.jackson.databind.interop.IllegalTypesCheckTest",
      "test_function": "testJDKTypes1737",
      "assertion_line": "61",
      "exception": "junit.framework.AssertionFailedError",
      "message": "Should not pass"
    }
  ],
  "fixing_changes": [
    {
      "changed_type": "UPDATE",
      "changed_class": [
        "src/main/java/com/fasterxml/jackson/databind/deser/BeanDeserializerFactory.java",
        "src/main/java/com/fasterxml/jackson/databind/deser/BeanDeserializerFactory.java"
      ],
      "changed_functions": [
        {
          "qualified_names": [],
          "num": 0
        },
        {
          "qualified_names": [],
          "num": 0
        }
      ],
      "changed_lines": [
        {
          "qualified_names": [
            "64",
            "65",
            "67",
            "68",
            "69",
            "70"
          ],
          "num": 6
        },
        {
          "qualified_names": [
            "63"
          ],
          "num": 1
        }
      ],
      "diff": "diff --git a/src/main/java/com/fasterxml/jackson/databind/deser/BeanDeserializerFactory.java b/src/main/java/com/fasterxml/jackson/databind/deser/BeanDeserializerFactory.java\nindex 74af716..bb73abf 100644\n--- a/src/main/java/com/fasterxml/jackson/databind/deser/BeanDeserializerFactory.java\n+++ b/src/main/java/com/fasterxml/jackson/databind/deser/BeanDeserializerFactory.java\n@@ -61,13 +61,7 @@\n         // [databind#1680]: may or may not be problem, take no chance\n         s.add(\"com.sun.rowset.JdbcRowSetImpl\");\n         // [databind#1737]; JDK provided\n-        s.add(\"java.util.logging.FileHandler\");\n-        s.add(\"java.rmi.server.UnicastRemoteObject\");\n         // [databind#1737]; 3rd party\n-        s.add(\"org.springframework.aop.support.AbstractBeanFactoryPointcutAdvisor\");\n-        s.add(\"org.springframework.beans.factory.config.PropertyPathFactoryBean\");\n-        s.add(\"com.mchange.v2.c3p0.JndiRefForwardingDataSource\");\n-        s.add(\"com.mchange.v2.c3p0.WrapperConnectionPoolDataSource\");\n \n         DEFAULT_NO_DESER_CLASS_NAMES \u003d Collections.unmodifiableSet(s);\n     }\n",
      "operations": [
        {
          "type": "delete-tree",
          "from": "ExpressionStatement [2974,3013]",
          "to": ""
        },
        {
          "type": "delete-tree",
          "from": "ExpressionStatement [3022,3067]",
          "to": ""
        },
        {
          "type": "delete-tree",
          "from": "ExpressionStatement [3114,3190]",
          "to": ""
        },
        {
          "type": "delete-tree",
          "from": "ExpressionStatement [3199,3273]",
          "to": ""
        },
        {
          "type": "delete-tree",
          "from": "ExpressionStatement [3282,3339]",
          "to": ""
        },
        {
          "type": "delete-tree",
          "from": "ExpressionStatement [3348,3409]",
          "to": ""
        }
      ]
    }
  ],
  "fixing_type": {
    "add_classes": {
      "qualified_names": [],
      "num": 0
    },
    "delete_classes": {
      "qualified_names": [],
      "num": 0
    },
    "add_functions": {
      "qualified_names": [],
      "num": 0
    },
    "delete_functions": {
      "qualified_names": [],
      "num": 0
    }
  }
}