{
  "logger": {
    "currentLogLevel": 20,
    "name": "root.bean.benchmarks.Defects4JBug"
  },
  "d4jCmd": "/home/liumengjiao/Desktop/defects4j/framework/bin/defects4j",
  "dataDir": "data/changesInfo/",
  "properties": {
    "trigger.tests": "org.jsoup.parser.HtmlParserTest::handlesQuotesInCommentsInScripts",
    "test.dir": "src/test/java",
    "clz.modified": "org.jsoup.parser.TokeniserState",
    "src.dir": "src/main/java"
  },
  "timeoutSecond": 100,
  "proj": "Jsoup",
  "id": "24",
  "workingDir": "../bugs/Jsoup_24_tmp",
  "bug_name": "Jsoup_24",
  "derive": "defects4j",
  "trigger_tests": [
    {
      "test_class": "org.jsoup.parser.HtmlParserTest",
      "test_function": "handlesQuotesInCommentsInScripts",
      "assertion_line": "690",
      "exception": "junit.framework.AssertionFailedError",
      "message": "expected:\u003c...ocument.write(\u0027\u003c/scr[\u0027] + \u0027ipt\u003e\u0027);"
    }
  ],
  "fixing_changes": [
    {
      "changed_type": "UPDATE",
      "changed_class": [
        "src/main/java/org/jsoup/parser/TokeniserState.java",
        "src/main/java/org/jsoup/parser/TokeniserState.java"
      ],
      "changed_functions": [
        {
          "qualified_names": [],
          "num": 0
        },
        {
          "qualified_names": [],
          "num": 0
        }
      ],
      "changed_lines": [
        {
          "qualified_names": [
            "557"
          ],
          "num": 1
        },
        {
          "qualified_names": [
            "558"
          ],
          "num": 1
        }
      ],
      "diff": "diff --git a/src/main/java/org/jsoup/parser/TokeniserState.java b/src/main/java/org/jsoup/parser/TokeniserState.java\nindex e3013c7..e530264 100644\n--- a/src/main/java/org/jsoup/parser/TokeniserState.java\n+++ b/src/main/java/org/jsoup/parser/TokeniserState.java\n@@ -555,6 +555,7 @@\n                 String name \u003d r.consumeLetterSequence();\n                 t.tagPending.appendTagName(name.toLowerCase());\n                 t.dataBuffer.append(name);\n+                r.advance();\n                 return;\n             }\n \n",
      "operations": [
        {
          "type": "insert-tree",
          "from": "",
          "to": "ExpressionStatement [18668,18680]"
        }
      ]
    }
  ],
  "fixing_type": {
    "add_classes": {
      "qualified_names": [],
      "num": 0
    },
    "delete_classes": {
      "qualified_names": [],
      "num": 0
    },
    "add_functions": {
      "qualified_names": [],
      "num": 0
    },
    "delete_functions": {
      "qualified_names": [],
      "num": 0
    }
  }
}