{
  "logger": {
    "currentLogLevel": 20,
    "name": "root.bean.benchmarks.Defects4JBug"
  },
  "d4jCmd": "/home/liumengjiao/Desktop/defects4j/framework/bin/defects4j",
  "dataDir": "data/changesInfo/",
  "properties": {
    "trigger.tests": "org.apache.commons.cli2.bug.Bug27575Test::testRequiredOptions",
    "test.dir": "src/test",
    "clz.modified": "org.apache.commons.cli2.builder.PatternBuilder",
    "src.dir": "src/java"
  },
  "timeoutSecond": 100,
  "proj": "Cli",
  "id": "7",
  "workingDir": "../bugs/Cli_7_tmp",
  "bug_name": "Cli_7",
  "derive": "defects4j",
  "trigger_tests": [
    {
      "test_class": "org.apache.commons.cli2.bug.Bug27575Test",
      "test_function": "testRequiredOptions",
      "assertion_line": "37",
      "exception": "junit.framework.ComparisonFailure",
      "message": "expected:\u003c[[-h]]\u003e but was:\u003c[-c \u003carg\u003e]\u003e"
    }
  ],
  "fixing_changes": [
    {
      "changed_type": "UPDATE",
      "changed_class": [
        "src/java/org/apache/commons/cli2/builder/PatternBuilder.java",
        "src/java/org/apache/commons/cli2/builder/PatternBuilder.java"
      ],
      "changed_functions": [
        {
          "qualified_names": [],
          "num": 0
        },
        {
          "qualified_names": [],
          "num": 0
        }
      ],
      "changed_lines": [
        {
          "qualified_names": [
            "20",
            "67"
          ],
          "num": 2
        },
        {
          "qualified_names": [
            "19",
            "67"
          ],
          "num": 2
        }
      ],
      "diff": "diff --git a/src/java/org/apache/commons/cli2/builder/PatternBuilder.java b/src/java/org/apache/commons/cli2/builder/PatternBuilder.java\nindex 2b4c1b5..6910017 100644\n--- a/src/java/org/apache/commons/cli2/builder/PatternBuilder.java\n+++ b/src/java/org/apache/commons/cli2/builder/PatternBuilder.java\n@@ -16,8 +16,8 @@\n  */\n package org.apache.commons.cli2.builder;\n \n+import java.util.HashSet;\n import java.util.Iterator;\n-import java.util.LinkedHashSet;\n import java.util.Set;\n \n import org.apache.commons.cli2.Argument;\n@@ -64,7 +64,7 @@\n         this.abuilder \u003d abuilder;\n     }\n \n-    private final Set options \u003d new LinkedHashSet();\n+    private final Set options \u003d new HashSet();\n \n     /**\n      * Creates a new Option instance.\n",
      "operations": [
        {
          "type": "insert-tree",
          "from": "",
          "to": "ImportDeclaration [845,870]"
        },
        {
          "type": "update-node",
          "from": "",
          "to": ""
        },
        {
          "type": "delete-tree",
          "from": "ImportDeclaration [872,903]",
          "to": ""
        }
      ]
    }
  ],
  "fixing_type": {
    "add_classes": {
      "qualified_names": [],
      "num": 0
    },
    "delete_classes": {
      "qualified_names": [],
      "num": 0
    },
    "add_functions": {
      "qualified_names": [],
      "num": 0
    },
    "delete_functions": {
      "qualified_names": [],
      "num": 0
    }
  }
}