{
  "logger": {
    "currentLogLevel": 20,
    "name": "root.bean.benchmarks.Defects4JBug"
  },
  "d4jCmd": "/home/liumengjiao/Desktop/defects4j/framework/bin/defects4j",
  "dataDir": "data/changesInfo/",
  "properties": {
    "trigger.tests": "org.jsoup.nodes.ElementTest::testChainedRemoveAttributes",
    "test.dir": "src/test/java",
    "clz.modified": "org.jsoup.nodes.Attributes",
    "src.dir": "src/main/java"
  },
  "timeoutSecond": 100,
  "proj": "Jsoup",
  "id": "57",
  "workingDir": "../bugs/Jsoup_57_tmp",
  "bug_name": "Jsoup_57",
  "derive": "defects4j",
  "trigger_tests": [
    {
      "test_class": "org.jsoup.nodes.ElementTest",
      "test_function": "testChainedRemoveAttributes",
      "assertion_line": "966",
      "exception": "java.util.ConcurrentModificationException",
      "message": ""
    }
  ],
  "fixing_changes": [
    {
      "changed_type": "UPDATE",
      "changed_class": [
        "src/main/java/org/jsoup/nodes/Attributes.java",
        "src/main/java/org/jsoup/nodes/Attributes.java"
      ],
      "changed_functions": [
        {
          "qualified_names": [
            "org.jsoup.nodes.Attributes:removeIgnoreCase:[String key]:void"
          ],
          "num": 1
        },
        {
          "qualified_names": [
            "org.jsoup.nodes.Attributes:removeIgnoreCase:[String key]:void"
          ],
          "num": 1
        }
      ],
      "changed_lines": [
        {
          "qualified_names": [
            "125"
          ],
          "num": 1
        },
        {
          "qualified_names": [
            "125"
          ],
          "num": 1
        }
      ],
      "diff": "diff --git a/src/main/java/org/jsoup/nodes/Attributes.java b/src/main/java/org/jsoup/nodes/Attributes.java\nindex 8fdb654..49ff25d 100644\n--- a/src/main/java/org/jsoup/nodes/Attributes.java\n+++ b/src/main/java/org/jsoup/nodes/Attributes.java\n@@ -122,7 +122,7 @@\n         for (Iterator\u003cString\u003e it \u003d attributes.keySet().iterator(); it.hasNext(); ) {\n             String attrKey \u003d it.next();\n             if (attrKey.equalsIgnoreCase(key))\n-                it.remove();\n+                attributes.remove(attrKey);\n         }\n     }\n \n",
      "operations": [
        {
          "type": "insert-tree",
          "from": "",
          "to": "ExpressionStatement [3748,3775]"
        },
        {
          "type": "delete-tree",
          "from": "ExpressionStatement [3748,3760]",
          "to": ""
        }
      ]
    }
  ],
  "fixing_type": {
    "add_classes": {
      "qualified_names": [],
      "num": 0
    },
    "delete_classes": {
      "qualified_names": [],
      "num": 0
    },
    "add_functions": {
      "qualified_names": [],
      "num": 0
    },
    "delete_functions": {
      "qualified_names": [],
      "num": 0
    }
  }
}