{
  "logger": {
    "currentLogLevel": 20,
    "name": "root.bean.benchmarks.Defects4JBug"
  },
  "d4jCmd": "/home/liumengjiao/Desktop/defects4j/framework/bin/defects4j",
  "dataDir": "data/changesInfo/",
  "properties": {
    "trigger.tests": "org.apache.commons.compress.archivers.zip.ZipArchiveInputStreamTest::testReadingOfFirstStoredEntry",
    "test.dir": "src/test/java",
    "clz.modified": "org.apache.commons.compress.archivers.zip.ZipArchiveInputStream",
    "src.dir": "src/main/java"
  },
  "timeoutSecond": 100,
  "proj": "Compress",
  "id": "25",
  "workingDir": "../bugs/Compress_25_tmp",
  "bug_name": "Compress_25",
  "derive": "defects4j",
  "trigger_tests": [
    {
      "test_class": "org.apache.commons.compress.archivers.zip.ZipArchiveInputStreamTest",
      "test_function": "testReadingOfFirstStoredEntry",
      "assertion_line": "166",
      "exception": "junit.framework.AssertionFailedError",
      "message": "arrays first differed at element [0]; expected:\u003c100\u003e but was:\u003c0\u003e"
    }
  ],
  "fixing_changes": [
    {
      "changed_type": "UPDATE",
      "changed_class": [
        "src/main/java/org/apache/commons/compress/archivers/zip/ZipArchiveInputStream.java",
        "src/main/java/org/apache/commons/compress/archivers/zip/ZipArchiveInputStream.java"
      ],
      "changed_functions": [
        {
          "qualified_names": [
            "org.apache.commons.compress.archivers.zip.ZipArchiveInputStream:ZipArchiveInputStream:[InputStream inputStream, String encoding, boolean useUnicodeExtraFields, boolean allowStoredEntriesWithDataDescriptor]:null"
          ],
          "num": 1
        },
        {
          "qualified_names": [
            "org.apache.commons.compress.archivers.zip.ZipArchiveInputStream:ZipArchiveInputStream:[InputStream inputStream, String encoding, boolean useUnicodeExtraFields, boolean allowStoredEntriesWithDataDescriptor]:null"
          ],
          "num": 1
        }
      ],
      "changed_lines": [
        {
          "qualified_names": [
            "184"
          ],
          "num": 1
        },
        {
          "qualified_names": [
            "183"
          ],
          "num": 1
        }
      ],
      "diff": "diff --git a/src/main/java/org/apache/commons/compress/archivers/zip/ZipArchiveInputStream.java b/src/main/java/org/apache/commons/compress/archivers/zip/ZipArchiveInputStream.java\nindex 9a3aa37..38ae956 100644\n--- a/src/main/java/org/apache/commons/compress/archivers/zip/ZipArchiveInputStream.java\n+++ b/src/main/java/org/apache/commons/compress/archivers/zip/ZipArchiveInputStream.java\n@@ -181,7 +181,6 @@\n         this.allowStoredEntriesWithDataDescriptor \u003d\n             allowStoredEntriesWithDataDescriptor;\n         // haven\u0027t read anything so far\n-        buf.limit(0);\n     }\n \n     public ZipArchiveEntry getNextZipEntry() throws IOException {\n",
      "operations": [
        {
          "type": "delete-tree",
          "from": "ExpressionStatement [7287,7300]",
          "to": ""
        }
      ]
    }
  ],
  "fixing_type": {
    "add_classes": {
      "qualified_names": [],
      "num": 0
    },
    "delete_classes": {
      "qualified_names": [],
      "num": 0
    },
    "add_functions": {
      "qualified_names": [],
      "num": 0
    },
    "delete_functions": {
      "qualified_names": [],
      "num": 0
    }
  }
}