{
  "logger": {
    "currentLogLevel": 20,
    "name": "root.bean.benchmarks.Defects4JBug"
  },
  "d4jCmd": "/home/liumengjiao/Desktop/defects4j/framework/bin/defects4j",
  "dataDir": "data/changesInfo/",
  "properties": {
    "trigger.tests": "org.apache.commons.cli.bug.BugCLI162Test::testLongLineChunkingIndentIgnored",
    "test.dir": "src/test",
    "clz.modified": "org.apache.commons.cli.HelpFormatter",
    "src.dir": "src/java"
  },
  "timeoutSecond": 100,
  "proj": "Cli",
  "id": "25",
  "workingDir": "../bugs/Cli_25_tmp",
  "bug_name": "Cli_25",
  "derive": "defects4j",
  "trigger_tests": [
    {
      "test_class": "org.apache.commons.cli.bug.BugCLI162Test",
      "test_function": "testLongLineChunkingIndentIgnored",
      "assertion_line": "280",
      "exception": "junit.framework.ComparisonFailure",
      "message": "Long arguments did not split as expected expected:\u003c..."
    }
  ],
  "fixing_changes": [
    {
      "changed_type": "UPDATE",
      "changed_class": [
        "src/java/org/apache/commons/cli/HelpFormatter.java",
        "src/java/org/apache/commons/cli/HelpFormatter.java"
      ],
      "changed_functions": [
        {
          "qualified_names": [
            "org.apache.commons.cli.HelpFormatter:renderWrappedText:[StringBuffer sb, int width, int nextLineTabStop, String text]:StringBuffer"
          ],
          "num": 1
        },
        {
          "qualified_names": [
            "org.apache.commons.cli.HelpFormatter:renderWrappedText:[StringBuffer sb, int width, int nextLineTabStop, String text]:StringBuffer"
          ],
          "num": 1
        }
      ],
      "changed_lines": [
        {
          "qualified_names": [
            "825"
          ],
          "num": 1
        },
        {
          "qualified_names": [
            "825"
          ],
          "num": 1
        }
      ],
      "diff": "diff --git a/src/java/org/apache/commons/cli/HelpFormatter.java b/src/java/org/apache/commons/cli/HelpFormatter.java\nindex a46b0ec..028ff5c 100644\n--- a/src/java/org/apache/commons/cli/HelpFormatter.java\n+++ b/src/java/org/apache/commons/cli/HelpFormatter.java\n@@ -822,7 +822,7 @@\n         if (nextLineTabStop \u003e\u003d width)\n         {\n             // stops infinite loop happening\n-            nextLineTabStop \u003d 1;\n+            nextLineTabStop \u003d width - 1;\n         }\n \n         // all following lines must be padded with nextLineTabStop space \n",
      "operations": [
        {
          "type": "insert-node",
          "from": "",
          "to": "InfixExpression [25374,25383]"
        },
        {
          "type": "insert-node",
          "from": "",
          "to": "SimpleName: width [25374,25379]"
        },
        {
          "type": "insert-node",
          "from": "",
          "to": "INFIX_EXPRESSION_OPERATOR: - [25380,25381]"
        },
        {
          "type": "move-tree",
          "from": "",
          "to": ""
        }
      ]
    }
  ],
  "fixing_type": {
    "add_classes": {
      "qualified_names": [],
      "num": 0
    },
    "delete_classes": {
      "qualified_names": [],
      "num": 0
    },
    "add_functions": {
      "qualified_names": [],
      "num": 0
    },
    "delete_functions": {
      "qualified_names": [],
      "num": 0
    }
  }
}