{
  "logger": {
    "currentLogLevel": 20,
    "name": "root.bean.benchmarks.Defects4JBug"
  },
  "d4jCmd": "/home/liumengjiao/Desktop/defects4j/framework/bin/defects4j",
  "dataDir": "data/changesInfo/",
  "properties": {
    "trigger.tests": "com.google.javascript.jscomp.InlineObjectLiteralsTest::testNoInlineDeletedProperties",
    "test.dir": "test",
    "clz.modified": "com.google.javascript.jscomp.InlineObjectLiterals",
    "src.dir": "src"
  },
  "timeoutSecond": 100,
  "proj": "Closure",
  "id": "5",
  "workingDir": "../bugs/Closure_5_tmp",
  "bug_name": "Closure_5",
  "derive": "defects4j",
  "trigger_tests": [
    {
      "test_class": "com.google.javascript.jscomp.InlineObjectLiteralsTest",
      "test_function": "testNoInlineDeletedProperties",
      "assertion_line": "352",
      "exception": "junit.framework.AssertionFailedError",
      "message": "Expected: function local(){var foo\u003d{bar:1};delete foo.bar;return foo.bar}\nResult: function local(){var JSCompiler_object_inline_bar_0\u003d1;delete JSCompiler_object_inline_bar_0;return JSCompiler_object_inline_bar_0}"
    }
  ],
  "fixing_changes": [
    {
      "changed_type": "UPDATE",
      "changed_class": [
        "src/com/google/javascript/jscomp/InlineObjectLiterals.java",
        "src/com/google/javascript/jscomp/InlineObjectLiterals.java"
      ],
      "changed_functions": [
        {
          "qualified_names": [
            "com.google.javascript.jscomp.InlineObjectLiterals\\$InliningBehavior:isInlinableObject:[List\u003cReference\u003e refs]:boolean"
          ],
          "num": 1
        },
        {
          "qualified_names": [
            "com.google.javascript.jscomp.InlineObjectLiterals\\$InliningBehavior:isInlinableObject:[List\u003cReference\u003e refs]:boolean"
          ],
          "num": 1
        }
      ],
      "changed_lines": [
        {
          "qualified_names": [
            "176",
            "177",
            "178"
          ],
          "num": 3
        },
        {
          "qualified_names": [
            "175"
          ],
          "num": 1
        }
      ],
      "diff": "diff --git a/src/com/google/javascript/jscomp/InlineObjectLiterals.java b/src/com/google/javascript/jscomp/InlineObjectLiterals.java\nindex d03988c..2b85d84 100644\n--- a/src/com/google/javascript/jscomp/InlineObjectLiterals.java\n+++ b/src/com/google/javascript/jscomp/InlineObjectLiterals.java\n@@ -173,9 +173,6 @@\n \n           // Deleting a property has different semantics from deleting\n           // a variable, so deleted properties should not be inlined.\n-          if (gramps.isDelProp()) {\n-            return false;\n-          }\n \n           // NOTE(nicksantos): This pass\u0027s object-splitting algorithm has\n           // a blind spot. It assumes that if a property isn\u0027t defined on an\n",
      "operations": [
        {
          "type": "delete-tree",
          "from": "IfStatement [6276,6339]",
          "to": ""
        }
      ]
    }
  ],
  "fixing_type": {
    "add_classes": {
      "qualified_names": [],
      "num": 0
    },
    "delete_classes": {
      "qualified_names": [],
      "num": 0
    },
    "add_functions": {
      "qualified_names": [],
      "num": 0
    },
    "delete_functions": {
      "qualified_names": [],
      "num": 0
    }
  }
}