{
  "logger": {
    "currentLogLevel": 20,
    "name": "root.bean.benchmarks.Defects4JBug"
  },
  "d4jCmd": "/home/liumengjiao/Desktop/defects4j/framework/bin/defects4j",
  "dataDir": "data/changesInfo/",
  "properties": {
    "trigger.tests": "org.apache.commons.cli.ValueTest::testPropertyOptionFlags",
    "test.dir": "src/test",
    "clz.modified": "org.apache.commons.cli.Parser",
    "src.dir": "src/java"
  },
  "timeoutSecond": 100,
  "proj": "Cli",
  "id": "28",
  "workingDir": "../bugs/Cli_28_tmp",
  "bug_name": "Cli_28",
  "derive": "defects4j",
  "trigger_tests": [
    {
      "test_class": "org.apache.commons.cli.ValueTest",
      "test_function": "testPropertyOptionFlags",
      "assertion_line": "215",
      "exception": "junit.framework.AssertionFailedError",
      "message": ""
    }
  ],
  "fixing_changes": [
    {
      "changed_type": "UPDATE",
      "changed_class": [
        "src/java/org/apache/commons/cli/Parser.java",
        "src/java/org/apache/commons/cli/Parser.java"
      ],
      "changed_functions": [
        {
          "qualified_names": [
            "org.apache.commons.cli.Parser:processProperties:[Properties properties]:void"
          ],
          "num": 1
        },
        {
          "qualified_names": [
            "org.apache.commons.cli.Parser:processProperties:[Properties properties]:void"
          ],
          "num": 1
        }
      ],
      "changed_lines": [
        {
          "qualified_names": [
            "290"
          ],
          "num": 1
        },
        {
          "qualified_names": [
            "290"
          ],
          "num": 1
        }
      ],
      "diff": "diff --git a/src/java/org/apache/commons/cli/Parser.java b/src/java/org/apache/commons/cli/Parser.java\nindex c106932..6b39536 100644\n--- a/src/java/org/apache/commons/cli/Parser.java\n+++ b/src/java/org/apache/commons/cli/Parser.java\n@@ -287,7 +287,7 @@\n                 {\n                     // if the value is not yes, true or 1 then don\u0027t add the\n                     // option to the CommandLine\n-                    continue;\n+                    break;\n                 }\n \n                 cmd.addOption(opt);\n",
      "operations": [
        {
          "type": "insert-node",
          "from": "",
          "to": "BreakStatement [9496,9502]"
        },
        {
          "type": "delete-node",
          "from": "ContinueStatement [9496,9505]",
          "to": ""
        }
      ]
    }
  ],
  "fixing_type": {
    "add_classes": {
      "qualified_names": [],
      "num": 0
    },
    "delete_classes": {
      "qualified_names": [],
      "num": 0
    },
    "add_functions": {
      "qualified_names": [],
      "num": 0
    },
    "delete_functions": {
      "qualified_names": [],
      "num": 0
    }
  }
}