{
  "logger": {
    "currentLogLevel": 20,
    "name": "root.bean.benchmarks.Defects4JBug"
  },
  "d4jCmd": "/home/liumengjiao/Desktop/defects4j/framework/bin/defects4j",
  "dataDir": "data/changesInfo/",
  "properties": {
    "trigger.tests": "org.jsoup.helper.DataUtilTest::testCharset,org.jsoup.helper.DataUtilTest::testQuotedCharset",
    "test.dir": "src/test/java",
    "clz.modified": "org.jsoup.helper.DataUtil",
    "src.dir": "src/main/java"
  },
  "timeoutSecond": 100,
  "proj": "Jsoup",
  "id": "27",
  "workingDir": "../bugs/Jsoup_27_tmp",
  "bug_name": "Jsoup_27",
  "derive": "defects4j",
  "trigger_tests": [
    {
      "test_class": "org.jsoup.helper.DataUtilTest",
      "test_function": "testCharset",
      "assertion_line": "15",
      "exception": "junit.framework.AssertionFailedError",
      "message": "expected:\u003c[utf]-8\u003e but was:\u003c[UTF]-8\u003e"
    },
    {
      "test_class": "org.jsoup.helper.DataUtilTest",
      "test_function": "testQuotedCharset",
      "assertion_line": "24",
      "exception": "junit.framework.AssertionFailedError",
      "message": "expected:\u003c[utf]-8\u003e but was:\u003c[UTF]-8\u003e"
    }
  ],
  "fixing_changes": [
    {
      "changed_type": "UPDATE",
      "changed_class": [
        "src/main/java/org/jsoup/helper/DataUtil.java",
        "src/main/java/org/jsoup/helper/DataUtil.java"
      ],
      "changed_functions": [
        {
          "qualified_names": [
            "org.jsoup.helper.DataUtil:getCharsetFromContentType:[String contentType]:String"
          ],
          "num": 1
        },
        {
          "qualified_names": [
            "org.jsoup.helper.DataUtil:getCharsetFromContentType:[String contentType]:String"
          ],
          "num": 1
        }
      ],
      "changed_lines": [
        {
          "qualified_names": [
            "132",
            "134"
          ],
          "num": 2
        },
        {
          "qualified_names": [
            "133"
          ],
          "num": 1
        }
      ],
      "diff": "diff --git a/src/main/java/org/jsoup/helper/DataUtil.java b/src/main/java/org/jsoup/helper/DataUtil.java\nindex a4d4f51..f978141 100644\n--- a/src/main/java/org/jsoup/helper/DataUtil.java\n+++ b/src/main/java/org/jsoup/helper/DataUtil.java\n@@ -129,9 +129,8 @@\n         Matcher m \u003d charsetPattern.matcher(contentType);\n         if (m.find()) {\n             String charset \u003d m.group(1).trim();\n-            if (Charset.isSupported(charset)) return charset;\n             charset \u003d charset.toUpperCase(Locale.ENGLISH);\n-            if (Charset.isSupported(charset)) return charset;\n+            return charset;\n         }\n         return null;\n     }\n",
      "operations": [
        {
          "type": "move-tree",
          "from": "",
          "to": ""
        },
        {
          "type": "delete-tree",
          "from": "MethodInvocation [5906,5934]",
          "to": ""
        },
        {
          "type": "delete-node",
          "from": "IfStatement [5902,5951]",
          "to": ""
        },
        {
          "type": "delete-tree",
          "from": "IfStatement [6023,6072]",
          "to": ""
        }
      ]
    }
  ],
  "fixing_type": {
    "add_classes": {
      "qualified_names": [],
      "num": 0
    },
    "delete_classes": {
      "qualified_names": [],
      "num": 0
    },
    "add_functions": {
      "qualified_names": [],
      "num": 0
    },
    "delete_functions": {
      "qualified_names": [],
      "num": 0
    }
  }
}