{
  "logger": {
    "currentLogLevel": 20,
    "name": "root.bean.benchmarks.Defects4JBug"
  },
  "d4jCmd": "/home/liumengjiao/Desktop/defects4j/framework/bin/defects4j",
  "dataDir": "data/changesInfo/",
  "properties": {
    "trigger.tests": "org.jsoup.parser.HtmlParserTest::handlesKnownEmptyBlocks",
    "test.dir": "src/test/java",
    "clz.modified": "org.jsoup.parser.HtmlTreeBuilder",
    "src.dir": "src/main/java"
  },
  "timeoutSecond": 100,
  "proj": "Jsoup",
  "id": "33",
  "workingDir": "../bugs/Jsoup_33_tmp",
  "bug_name": "Jsoup_33",
  "derive": "defects4j",
  "trigger_tests": [
    {
      "test_class": "org.jsoup.parser.HtmlParserTest",
      "test_function": "handlesKnownEmptyBlocks",
      "assertion_line": "331",
      "exception": "junit.framework.AssertionFailedError",
      "message": "expected:\u003c...src\u003d\"/foo\"\u003e\u003c/script\u003e[\u003cdiv id\u003d\"2\"\u003e\u003cimg /\u003e\u003cimg /\u003e\u003c/div\u003e\u003ca id\u003d\"3\"\u003e\u003c/a\u003e\u003ci\u003e\u003c/i\u003e\u003cfoo /\u003e\u003cfoo\u003eOne\u003c/foo\u003e \u003chr /\u003e hr text \u003chr /\u003e] hr text two\u003e but was:\u003c...src\u003d\"/foo\"\u003e\u003c/script\u003e[\u0026lt;div id\u003d2\u0026gt;\u0026lt;img /\u0026gt;\u0026lt;img\u0026gt;\u0026lt;/div\u0026gt;\u0026lt;a id\u003d3 /\u0026gt;\u0026lt;i /\u0026gt;\u0026lt;foo /\u0026gt;\u0026lt;foo\u0026gt;One\u0026lt;/foo\u0026gt; \u0026lt;hr /\u0026gt; hr text \u0026lt;hr\u0026gt;] hr text two\u003e"
    }
  ],
  "fixing_changes": [
    {
      "changed_type": "UPDATE",
      "changed_class": [
        "src/main/java/org/jsoup/parser/HtmlTreeBuilder.java",
        "src/main/java/org/jsoup/parser/HtmlTreeBuilder.java"
      ],
      "changed_functions": [
        {
          "qualified_names": [
            "org.jsoup.parser.HtmlTreeBuilder:insert:[Token.StartTag startTag]:Element"
          ],
          "num": 1
        },
        {
          "qualified_names": [
            "org.jsoup.parser.HtmlTreeBuilder:insert:[Token.StartTag startTag]:Element"
          ],
          "num": 1
        }
      ],
      "changed_lines": [
        {
          "qualified_names": [
            "162"
          ],
          "num": 1
        },
        {
          "qualified_names": [
            "161"
          ],
          "num": 1
        }
      ],
      "diff": "diff --git a/src/main/java/org/jsoup/parser/HtmlTreeBuilder.java b/src/main/java/org/jsoup/parser/HtmlTreeBuilder.java\nindex e134a58..975411b 100644\n--- a/src/main/java/org/jsoup/parser/HtmlTreeBuilder.java\n+++ b/src/main/java/org/jsoup/parser/HtmlTreeBuilder.java\n@@ -159,7 +159,6 @@\n         if (startTag.isSelfClosing()) {\n             Element el \u003d insertEmpty(startTag);\n             stack.add(el);\n-            tokeniser.transition(TokeniserState.Data); // handles \u003cscript /\u003e, otherwise needs breakout steps from script data\n             tokeniser.emit(new Token.EndTag(el.tagName()));  // ensure we get out of whatever state we are in. emitted for yielded processing\n             return el;\n         }\n",
      "operations": [
        {
          "type": "delete-tree",
          "from": "ExpressionStatement [5603,5645]",
          "to": ""
        }
      ]
    }
  ],
  "fixing_type": {
    "add_classes": {
      "qualified_names": [],
      "num": 0
    },
    "delete_classes": {
      "qualified_names": [],
      "num": 0
    },
    "add_functions": {
      "qualified_names": [],
      "num": 0
    },
    "delete_functions": {
      "qualified_names": [],
      "num": 0
    }
  }
}