{
  "logger": {
    "currentLogLevel": 20,
    "name": "root.bean.benchmarks.Defects4JBug"
  },
  "d4jCmd": "/home/liumengjiao/Desktop/defects4j/framework/bin/defects4j",
  "dataDir": "data/changesInfo/",
  "properties": {
    "trigger.tests": "org.jsoup.parser.HtmlParserTest::parsesQuiteRoughAttributes,org.jsoup.parser.TokeniserStateTest::handlesLessInTagThanAsNewTag",
    "test.dir": "src/test/java",
    "clz.modified": "org.jsoup.parser.CharacterReader,org.jsoup.parser.TokeniserState",
    "src.dir": "src/main/java"
  },
  "timeoutSecond": 100,
  "proj": "Jsoup",
  "id": "83",
  "workingDir": "../bugs/Jsoup_83_tmp",
  "bug_name": "Jsoup_83",
  "derive": "defects4j",
  "trigger_tests": [
    {
      "test_class": "org.jsoup.parser.HtmlParserTest",
      "test_function": "parsesQuiteRoughAttributes",
      "assertion_line": "66",
      "exception": "junit.framework.AssertionFailedError",
      "message": "expected:\u003c\u003cp \u003da\u003eOne\u003ca[\u003e\u003c/a\u003e\u003c/p\u003e\u003cp\u003e\u003ca\u003eSomething\u003c/a\u003e\u003c/p\u003e\u003ca]\u003eElse\u003c/a\u003e\u003e but was:\u003c\u003cp \u003da\u003eOne\u003ca[ \u003cp\u003eSomething\u003c/a\u003e\u003c/p\u003e\u003ca \u003cp]\u003eElse\u003c/a\u003e\u003e"
    },
    {
      "test_class": "org.jsoup.parser.TokeniserStateTest",
      "test_function": "handlesLessInTagThanAsNewTag",
      "assertion_line": "207",
      "exception": "junit.framework.AssertionFailedError",
      "message": "expected:\u003c\u003cp[\u003e\u003c/p\u003e\u003cp\u003e\u003c/p\u003e\u003cdiv id\u003d\"one\"\u003e\u003cspan\u003eTwo\u003c/span\u003e\u003c/div]\u003e\u003e but was:\u003c\u003cp[ \u003cp\u003cdiv id\u003d\"one\" \u003cspan\u003eTwo\u003c/p]\u003e\u003e"
    }
  ],
  "fixing_changes": [
    {
      "changed_type": "UPDATE",
      "changed_class": [
        "src/main/java/org/jsoup/parser/CharacterReader.java",
        "src/main/java/org/jsoup/parser/CharacterReader.java"
      ],
      "changed_functions": [
        {
          "qualified_names": [
            "org.jsoup.parser.CharacterReader:consumeTagName:[]:String"
          ],
          "num": 1
        },
        {
          "qualified_names": [
            "org.jsoup.parser.CharacterReader:consumeTagName:[]:String"
          ],
          "num": 1
        }
      ],
      "changed_lines": [
        {
          "qualified_names": [
            "254"
          ],
          "num": 1
        },
        {
          "qualified_names": [
            "254"
          ],
          "num": 1
        }
      ],
      "diff": "diff --git a/src/main/java/org/jsoup/parser/CharacterReader.java b/src/main/java/org/jsoup/parser/CharacterReader.java\nindex 6993524..80dffcd 100644\n--- a/src/main/java/org/jsoup/parser/CharacterReader.java\n+++ b/src/main/java/org/jsoup/parser/CharacterReader.java\n@@ -251,7 +251,7 @@\n \n         while (bufPos \u003c remaining) {\n             final char c \u003d val[bufPos];\n-            if (c \u003d\u003d \u0027\\t\u0027|| c \u003d\u003d  \u0027\\n\u0027|| c \u003d\u003d  \u0027\\r\u0027|| c \u003d\u003d  \u0027\\f\u0027|| c \u003d\u003d  \u0027 \u0027|| c \u003d\u003d  \u0027/\u0027|| c \u003d\u003d  \u0027\u003e\u0027|| c \u003d\u003d \u0027\u003c\u0027 || c \u003d\u003d  TokeniserState.nullChar)\n+            if (c \u003d\u003d \u0027\\t\u0027|| c \u003d\u003d  \u0027\\n\u0027|| c \u003d\u003d  \u0027\\r\u0027|| c \u003d\u003d  \u0027\\f\u0027|| c \u003d\u003d  \u0027 \u0027|| c \u003d\u003d  \u0027/\u0027|| c \u003d\u003d  \u0027\u003e\u0027|| c \u003d\u003d  TokeniserState.nullChar)\n                 break;\n             bufPos++;\n         }\n",
      "operations": [
        {
          "type": "move-tree",
          "from": "",
          "to": ""
        },
        {
          "type": "delete-node",
          "from": "INFIX_EXPRESSION_OPERATOR: || [7405,7407]",
          "to": ""
        },
        {
          "type": "delete-tree",
          "from": "InfixExpression [7408,7416]",
          "to": ""
        },
        {
          "type": "delete-node",
          "from": "InfixExpression [7321,7416]",
          "to": ""
        }
      ]
    },
    {
      "changed_type": "UPDATE",
      "changed_class": [
        "src/main/java/org/jsoup/parser/TokeniserState.java",
        "src/main/java/org/jsoup/parser/TokeniserState.java"
      ],
      "changed_functions": [
        {
          "qualified_names": [],
          "num": 0
        },
        {
          "qualified_names": [],
          "num": 0
        }
      ],
      "changed_lines": [
        {
          "qualified_names": [
            "161",
            "162",
            "163",
            "567",
            "568",
            "569",
            "586"
          ],
          "num": 7
        },
        {
          "qualified_names": [
            "160",
            "569",
            "581"
          ],
          "num": 3
        }
      ],
      "diff": "diff --git a/src/main/java/org/jsoup/parser/TokeniserState.java b/src/main/java/org/jsoup/parser/TokeniserState.java\nindex 95b326c..4980f15 100644\n--- a/src/main/java/org/jsoup/parser/TokeniserState.java\n+++ b/src/main/java/org/jsoup/parser/TokeniserState.java\n@@ -158,9 +158,6 @@\n                 case \u0027/\u0027:\n                     t.transition(SelfClosingStartTag);\n                     break;\n-                case \u0027\u003c\u0027: // NOTE: out of spec, but clear author intent\n-                    t.error(this);\n-                    r.unconsume();\n                     // intended fall through to next \u003e\n                 case \u0027\u003e\u0027:\n                     t.emitTagPending();\n@@ -564,9 +561,6 @@\n                 case \u0027/\u0027:\n                     t.transition(SelfClosingStartTag);\n                     break;\n-                case \u0027\u003c\u0027: // NOTE: out of spec, but clear (spec has this as a part of the attribute name)\n-                    t.error(this);\n-                    r.unconsume();\n                     // intended fall through as if \u003e\n                 case \u0027\u003e\u0027:\n                     t.emitTagPending();\n@@ -584,6 +578,7 @@\n                     break;\n                 case \u0027\"\u0027:\n                 case \u0027\\\u0027\u0027:\n+                case \u0027\u003c\u0027:\n                 case \u0027\u003d\u0027:\n                     t.error(this);\n                     t.tagPending.newAttribute();\n",
      "operations": [
        {
          "type": "move-tree",
          "from": "",
          "to": ""
        },
        {
          "type": "delete-tree",
          "from": "SwitchCase [5223,5232]",
          "to": ""
        },
        {
          "type": "delete-tree",
          "from": "ExpressionStatement [5299,5313]",
          "to": ""
        },
        {
          "type": "delete-tree",
          "from": "ExpressionStatement [5334,5348]",
          "to": ""
        },
        {
          "type": "delete-tree",
          "from": "ExpressionStatement [18947,18961]",
          "to": ""
        },
        {
          "type": "delete-tree",
          "from": "ExpressionStatement [18982,18996]",
          "to": ""
        }
      ]
    }
  ],
  "fixing_type": {
    "add_classes": {
      "qualified_names": [],
      "num": 0
    },
    "delete_classes": {
      "qualified_names": [],
      "num": 0
    },
    "add_functions": {
      "qualified_names": [],
      "num": 0
    },
    "delete_functions": {
      "qualified_names": [],
      "num": 0
    }
  }
}