{
  "logger": {
    "currentLogLevel": 20,
    "name": "root.bean.benchmarks.Defects4JBug"
  },
  "d4jCmd": "/home/liumengjiao/Desktop/defects4j/framework/bin/defects4j",
  "dataDir": "data/changesInfo/",
  "properties": {
    "trigger.tests": "com.fasterxml.jackson.core.json.TestNumericValues::testLongerFloatingPoint",
    "test.dir": "src/test/java",
    "clz.modified": "com.fasterxml.jackson.core.json.ReaderBasedJsonParser,com.fasterxml.jackson.core.json.UTF8StreamJsonParser",
    "src.dir": "src/main/java"
  },
  "timeoutSecond": 100,
  "proj": "JacksonCore",
  "id": "19",
  "workingDir": "../bugs/JacksonCore_19_tmp",
  "bug_name": "JacksonCore_19",
  "derive": "defects4j",
  "trigger_tests": [
    {
      "test_class": "com.fasterxml.jackson.core.json.TestNumericValues",
      "test_function": "testLongerFloatingPoint",
      "assertion_line": "570",
      "exception": "java.lang.ArrayIndexOutOfBoundsException",
      "message": "200"
    }
  ],
  "fixing_changes": [
    {
      "changed_type": "UPDATE",
      "changed_class": [
        "src/main/java/com/fasterxml/jackson/core/json/ReaderBasedJsonParser.java",
        "src/main/java/com/fasterxml/jackson/core/json/ReaderBasedJsonParser.java"
      ],
      "changed_functions": [
        {
          "qualified_names": [
            "com.fasterxml.jackson.core.json.ReaderBasedJsonParser:_parseNumber2:[boolean neg, int startPtr]:JsonToken"
          ],
          "num": 1
        },
        {
          "qualified_names": [
            "com.fasterxml.jackson.core.json.ReaderBasedJsonParser:_parseNumber2:[boolean neg, int startPtr]:JsonToken"
          ],
          "num": 1
        }
      ],
      "changed_lines": [
        {
          "qualified_names": [
            "1418",
            "1419",
            "1420",
            "1421"
          ],
          "num": 4
        },
        {
          "qualified_names": [
            "1417"
          ],
          "num": 1
        }
      ],
      "diff": "diff --git a/src/main/java/com/fasterxml/jackson/core/json/ReaderBasedJsonParser.java b/src/main/java/com/fasterxml/jackson/core/json/ReaderBasedJsonParser.java\nindex c0bad36..64c798d 100644\n--- a/src/main/java/com/fasterxml/jackson/core/json/ReaderBasedJsonParser.java\n+++ b/src/main/java/com/fasterxml/jackson/core/json/ReaderBasedJsonParser.java\n@@ -1415,10 +1415,6 @@\n         int fractLen \u003d 0;\n         // And then see if we get other parts\n         if (c \u003d\u003d \u0027.\u0027) { // yes, fraction\n-            if (outPtr \u003e\u003d outBuf.length) {\n-                outBuf \u003d _textBuffer.finishCurrentSegment();\n-                outPtr \u003d 0;\n-            }\n             outBuf[outPtr++] \u003d c;\n \n             fract_loop:\n",
      "operations": [
        {
          "type": "delete-tree",
          "from": "IfStatement [47987,48120]",
          "to": ""
        }
      ]
    },
    {
      "changed_type": "UPDATE",
      "changed_class": [
        "src/main/java/com/fasterxml/jackson/core/json/UTF8StreamJsonParser.java",
        "src/main/java/com/fasterxml/jackson/core/json/UTF8StreamJsonParser.java"
      ],
      "changed_functions": [
        {
          "qualified_names": [
            "com.fasterxml.jackson.core.json.UTF8StreamJsonParser:_parseFloat:[char[] outBuf, int outPtr, int c, boolean negative, int integerPartLength]:JsonToken"
          ],
          "num": 1
        },
        {
          "qualified_names": [
            "com.fasterxml.jackson.core.json.UTF8StreamJsonParser:_parseFloat:[char[] outBuf, int outPtr, int c, boolean negative, int integerPartLength]:JsonToken"
          ],
          "num": 1
        }
      ],
      "changed_lines": [
        {
          "qualified_names": [
            "1544",
            "1545",
            "1546",
            "1547"
          ],
          "num": 4
        },
        {
          "qualified_names": [
            "1543"
          ],
          "num": 1
        }
      ],
      "diff": "diff --git a/src/main/java/com/fasterxml/jackson/core/json/UTF8StreamJsonParser.java b/src/main/java/com/fasterxml/jackson/core/json/UTF8StreamJsonParser.java\nindex 9296543..872ffce 100644\n--- a/src/main/java/com/fasterxml/jackson/core/json/UTF8StreamJsonParser.java\n+++ b/src/main/java/com/fasterxml/jackson/core/json/UTF8StreamJsonParser.java\n@@ -1541,10 +1541,6 @@\n \n         // And then see if we get other parts\n         if (c \u003d\u003d INT_PERIOD) { // yes, fraction\n-            if (outPtr \u003e\u003d outBuf.length) {\n-                outBuf \u003d _textBuffer.finishCurrentSegment();\n-                outPtr \u003d 0;\n-            }\n             outBuf[outPtr++] \u003d (char) c;\n \n             fract_loop:\n",
      "operations": [
        {
          "type": "delete-tree",
          "from": "IfStatement [52399,52532]",
          "to": ""
        }
      ]
    }
  ],
  "fixing_type": {
    "add_classes": {
      "qualified_names": [],
      "num": 0
    },
    "delete_classes": {
      "qualified_names": [],
      "num": 0
    },
    "add_functions": {
      "qualified_names": [],
      "num": 0
    },
    "delete_functions": {
      "qualified_names": [],
      "num": 0
    }
  }
}