{
  "logger": {
    "currentLogLevel": 20,
    "name": "root.bean.benchmarks.Defects4JBug"
  },
  "d4jCmd": "/home/liumengjiao/Desktop/defects4j/framework/bin/defects4j",
  "dataDir": "data/changesInfo/",
  "properties": {
    "trigger.tests": "org.jsoup.safety.CleanerTest::handlesCustomProtocols",
    "test.dir": "src/test/java",
    "clz.modified": "org.jsoup.safety.Whitelist",
    "src.dir": "src/main/java"
  },
  "timeoutSecond": 100,
  "proj": "Jsoup",
  "id": "19",
  "workingDir": "../bugs/Jsoup_19_tmp",
  "bug_name": "Jsoup_19",
  "derive": "defects4j",
  "trigger_tests": [
    {
      "test_class": "org.jsoup.safety.CleanerTest",
      "test_function": "handlesCustomProtocols",
      "assertion_line": "123",
      "exception": "junit.framework.AssertionFailedError",
      "message": "expected:\u003c\u003cimg [src\u003d\"cid:12345\" /\u003e"
    }
  ],
  "fixing_changes": [
    {
      "changed_type": "UPDATE",
      "changed_class": [
        "src/main/java/org/jsoup/safety/Whitelist.java",
        "src/main/java/org/jsoup/safety/Whitelist.java"
      ],
      "changed_functions": [
        {
          "qualified_names": [
            "org.jsoup.safety.Whitelist:testValidProtocol:[Element el, Attribute attr, Set\u003cProtocol\u003e protocols]:boolean"
          ],
          "num": 1
        },
        {
          "qualified_names": [
            "org.jsoup.safety.Whitelist:testValidProtocol:[Element el, Attribute attr, Set\u003cProtocol\u003e protocols]:boolean"
          ],
          "num": 1
        }
      ],
      "changed_lines": [
        {
          "qualified_names": [
            "342",
            "343"
          ],
          "num": 2
        },
        {
          "qualified_names": [
            "341"
          ],
          "num": 1
        }
      ],
      "diff": "diff --git a/src/main/java/org/jsoup/safety/Whitelist.java b/src/main/java/org/jsoup/safety/Whitelist.java\nindex 4d14dce..51349da 100644\n--- a/src/main/java/org/jsoup/safety/Whitelist.java\n+++ b/src/main/java/org/jsoup/safety/Whitelist.java\n@@ -339,8 +339,6 @@\n         // try to resolve relative urls to abs, and optionally update the attribute so output html has abs.\n         // rels without a baseuri get removed\n         String value \u003d el.absUrl(attr.getKey());\n-        if (value.length() \u003d\u003d 0)\n-            value \u003d attr.getValue(); // if it could not be made abs, run as-is to allow custom unknown protocols\n         if (!preserveRelativeLinks)\n             attr.setValue(value);\n         \n",
      "operations": [
        {
          "type": "delete-tree",
          "from": "IfStatement [13564,13625]",
          "to": ""
        }
      ]
    }
  ],
  "fixing_type": {
    "add_classes": {
      "qualified_names": [],
      "num": 0
    },
    "delete_classes": {
      "qualified_names": [],
      "num": 0
    },
    "add_functions": {
      "qualified_names": [],
      "num": 0
    },
    "delete_functions": {
      "qualified_names": [],
      "num": 0
    }
  }
}