{
  "logger": {
    "currentLogLevel": 20,
    "name": "root.bean.benchmarks.Defects4JBug"
  },
  "d4jCmd": "/home/liumengjiao/Desktop/defects4j/framework/bin/defects4j",
  "dataDir": "data/changesInfo/",
  "properties": {
    "trigger.tests": "org.jsoup.parser.CharacterReaderTest::consumeToNonexistentEndWhenAtAnd,org.jsoup.parser.HtmlParserTest::commentAtEnd",
    "test.dir": "src/test/java",
    "clz.modified": "org.jsoup.parser.CharacterReader",
    "src.dir": "src/main/java"
  },
  "timeoutSecond": 100,
  "proj": "Jsoup",
  "id": "72",
  "workingDir": "../bugs/Jsoup_72_tmp",
  "bug_name": "Jsoup_72",
  "derive": "defects4j",
  "trigger_tests": [
    {
      "test_class": "org.jsoup.parser.CharacterReaderTest",
      "test_function": "consumeToNonexistentEndWhenAtAnd",
      "assertion_line": "265",
      "exception": "java.lang.StringIndexOutOfBoundsException",
      "message": "String index out of range: -1"
    },
    {
      "test_class": "org.jsoup.parser.HtmlParserTest",
      "test_function": "commentAtEnd",
      "assertion_line": "1088",
      "exception": "java.lang.StringIndexOutOfBoundsException",
      "message": "String index out of range: -1"
    }
  ],
  "fixing_changes": [
    {
      "changed_type": "UPDATE",
      "changed_class": [
        "src/main/java/org/jsoup/parser/CharacterReader.java",
        "src/main/java/org/jsoup/parser/CharacterReader.java"
      ],
      "changed_functions": [
        {
          "qualified_names": [
            "org.jsoup.parser.CharacterReader:cacheString:[final char[] charBuf, final String[] stringCache, final int start, final int count]:String"
          ],
          "num": 1
        },
        {
          "qualified_names": [
            "org.jsoup.parser.CharacterReader:cacheString:[final char[] charBuf, final String[] stringCache, final int start, final int count]:String"
          ],
          "num": 1
        }
      ],
      "changed_lines": [
        {
          "qualified_names": [
            "427",
            "428"
          ],
          "num": 2
        },
        {
          "qualified_names": [
            "426"
          ],
          "num": 1
        }
      ],
      "diff": "diff --git a/src/main/java/org/jsoup/parser/CharacterReader.java b/src/main/java/org/jsoup/parser/CharacterReader.java\nindex 8269e79..9ed4163 100644\n--- a/src/main/java/org/jsoup/parser/CharacterReader.java\n+++ b/src/main/java/org/jsoup/parser/CharacterReader.java\n@@ -424,8 +424,6 @@\n         // limit (no cache):\n         if (count \u003e maxStringCacheLen)\n             return new String(charBuf, start, count);\n-        if (count \u003c 1)\n-            return \"\";\n \n         // calculate hash:\n         int hash \u003d 0;\n",
      "operations": [
        {
          "type": "delete-tree",
          "from": "IfStatement [12476,12513]",
          "to": ""
        }
      ]
    }
  ],
  "fixing_type": {
    "add_classes": {
      "qualified_names": [],
      "num": 0
    },
    "delete_classes": {
      "qualified_names": [],
      "num": 0
    },
    "add_functions": {
      "qualified_names": [],
      "num": 0
    },
    "delete_functions": {
      "qualified_names": [],
      "num": 0
    }
  }
}