{
  "logger": {
    "currentLogLevel": 20,
    "name": "root.bean.benchmarks.Defects4JBug"
  },
  "d4jCmd": "/home/liumengjiao/Desktop/defects4j/framework/bin/defects4j",
  "dataDir": "data/changesInfo/",
  "properties": {
    "trigger.tests": "com.fasterxml.jackson.databind.deser.TestUntypedDeserialization::testNestedUntyped989",
    "test.dir": "src/test/java",
    "clz.modified": "com.fasterxml.jackson.databind.deser.std.UntypedObjectDeserializer",
    "src.dir": "src/main/java"
  },
  "timeoutSecond": 100,
  "proj": "JacksonDatabind",
  "id": "32",
  "workingDir": "../bugs/JacksonDatabind_32_tmp",
  "bug_name": "JacksonDatabind_32",
  "derive": "defects4j",
  "trigger_tests": [
    {
      "test_class": "com.fasterxml.jackson.databind.deser.TestUntypedDeserialization",
      "test_function": "testNestedUntyped989",
      "assertion_line": "264",
      "exception": "com.fasterxml.jackson.databind.JsonMappingException",
      "message": "Can not deserialize instance of java.lang.Object out of END_OBJECT token"
    }
  ],
  "fixing_changes": [
    {
      "changed_type": "UPDATE",
      "changed_class": [
        "src/main/java/com/fasterxml/jackson/databind/deser/std/UntypedObjectDeserializer.java",
        "src/main/java/com/fasterxml/jackson/databind/deser/std/UntypedObjectDeserializer.java"
      ],
      "changed_functions": [
        {
          "qualified_names": [
            "com.fasterxml.jackson.databind.deser.std.UntypedObjectDeserializer:deserialize:[JsonParser p, DeserializationContext ctxt]:Object",
            "com.fasterxml.jackson.databind.deser.std.UntypedObjectDeserializer\\$Vanilla:deserialize:[JsonParser p, DeserializationContext ctxt]:Object"
          ],
          "num": 2
        },
        {
          "qualified_names": [
            "com.fasterxml.jackson.databind.deser.std.UntypedObjectDeserializer:deserialize:[JsonParser p, DeserializationContext ctxt]:Object",
            "com.fasterxml.jackson.databind.deser.std.UntypedObjectDeserializer\\$Vanilla:deserialize:[JsonParser p, DeserializationContext ctxt]:Object"
          ],
          "num": 2
        }
      ],
      "changed_lines": [
        {
          "qualified_names": [
            "221",
            "536",
            "539"
          ],
          "num": 3
        },
        {
          "qualified_names": [
            "220",
            "536"
          ],
          "num": 2
        }
      ],
      "diff": "diff --git a/src/main/java/com/fasterxml/jackson/databind/deser/std/UntypedObjectDeserializer.java b/src/main/java/com/fasterxml/jackson/databind/deser/std/UntypedObjectDeserializer.java\nindex c962214..76754bd 100644\n--- a/src/main/java/com/fasterxml/jackson/databind/deser/std/UntypedObjectDeserializer.java\n+++ b/src/main/java/com/fasterxml/jackson/databind/deser/std/UntypedObjectDeserializer.java\n@@ -218,7 +218,6 @@\n         case JsonTokenId.ID_FIELD_NAME:\n             // 28-Oct-2015, tatu: [databind#989] We may also be given END_OBJECT (similar to FIELD_NAME),\n             //    if caller has advanced to the first token of Object, but for empty Object\n-        case JsonTokenId.ID_END_OBJECT:\n             if (_mapDeserializer !\u003d null) {\n                 return _mapDeserializer.deserialize(p, ctxt);\n             }\n@@ -533,10 +532,8 @@\n             case JsonTokenId.ID_NULL: // should not get this but...\n                 return null;\n \n-            case JsonTokenId.ID_END_OBJECT:\n                 // 28-Oct-2015, tatu: [databind#989] We may also be given END_OBJECT (similar to FIELD_NAME),\n                 //    if caller has advanced to the first token of Object, but for empty Object\n-                return new LinkedHashMap\u003cString,Object\u003e(2);\n \n             //case JsonTokenId.ID_END_ARRAY: // invalid\n             default:\n",
      "operations": [
        {
          "type": "delete-tree",
          "from": "SwitchCase [9460,9491]",
          "to": ""
        },
        {
          "type": "delete-tree",
          "from": "SwitchCase [21238,21269]",
          "to": ""
        },
        {
          "type": "delete-tree",
          "from": "ReturnStatement [21492,21535]",
          "to": ""
        }
      ]
    }
  ],
  "fixing_type": {
    "add_classes": {
      "qualified_names": [],
      "num": 0
    },
    "delete_classes": {
      "qualified_names": [],
      "num": 0
    },
    "add_functions": {
      "qualified_names": [],
      "num": 0
    },
    "delete_functions": {
      "qualified_names": [],
      "num": 0
    }
  }
}