{
  "logger": {
    "currentLogLevel": 20,
    "name": "root.bean.benchmarks.Defects4JBug"
  },
  "d4jCmd": "/home/liumengjiao/Desktop/defects4j/framework/bin/defects4j",
  "dataDir": "data/changesInfo/",
  "properties": {
    "trigger.tests": "org.jsoup.nodes.NodeTest::handlesAbsPrefixOnHasAttr,org.jsoup.nodes.NodeTest::handlesAbsPrefix,org.jsoup.select.ElementsTest::absAttr,org.jsoup.select.ElementsTest::hasAbsAttr",
    "test.dir": "src/test/java",
    "clz.modified": "org.jsoup.nodes.Node",
    "src.dir": "src/main/java"
  },
  "timeoutSecond": 100,
  "proj": "Jsoup",
  "id": "13",
  "workingDir": "../bugs/Jsoup_13_tmp",
  "bug_name": "Jsoup_13",
  "derive": "defects4j",
  "trigger_tests": [
    {
      "test_class": "org.jsoup.nodes.NodeTest",
      "test_function": "handlesAbsPrefixOnHasAttr",
      "assertion_line": "59",
      "exception": "junit.framework.AssertionFailedError",
      "message": ""
    },
    {
      "test_class": "org.jsoup.nodes.NodeTest",
      "test_function": "handlesAbsPrefix",
      "assertion_line": "39",
      "exception": "junit.framework.AssertionFailedError",
      "message": ""
    },
    {
      "test_class": "org.jsoup.select.ElementsTest",
      "test_function": "absAttr",
      "assertion_line": "72",
      "exception": "junit.framework.AssertionFailedError",
      "message": "expected:\u003c[http://jsoup.org]\u003e but was:\u003c[]\u003e"
    },
    {
      "test_class": "org.jsoup.select.ElementsTest",
      "test_function": "hasAbsAttr",
      "assertion_line": "55",
      "exception": "junit.framework.AssertionFailedError",
      "message": ""
    }
  ],
  "fixing_changes": [
    {
      "changed_type": "UPDATE",
      "changed_class": [
        "src/main/java/org/jsoup/nodes/Node.java",
        "src/main/java/org/jsoup/nodes/Node.java"
      ],
      "changed_functions": [
        {
          "qualified_names": [
            "org.jsoup.nodes.Node:hasAttr:[String attributeKey]:boolean"
          ],
          "num": 1
        },
        {
          "qualified_names": [
            "org.jsoup.nodes.Node:hasAttr:[String attributeKey]:boolean"
          ],
          "num": 1
        }
      ],
      "changed_lines": [
        {
          "qualified_names": [
            "107",
            "108",
            "109",
            "110",
            "111"
          ],
          "num": 5
        },
        {
          "qualified_names": [
            "106"
          ],
          "num": 1
        }
      ],
      "diff": "diff --git a/src/main/java/org/jsoup/nodes/Node.java b/src/main/java/org/jsoup/nodes/Node.java\nindex 9456fc4..3d0bf2e 100644\n--- a/src/main/java/org/jsoup/nodes/Node.java\n+++ b/src/main/java/org/jsoup/nodes/Node.java\n@@ -104,11 +104,6 @@\n     public boolean hasAttr(String attributeKey) {\n         Validate.notNull(attributeKey);\n \n-        if (attributeKey.toLowerCase().startsWith(\"abs:\")) {\n-            String key \u003d attributeKey.substring(\"abs:\".length());\n-            if (attributes.hasKey(key) \u0026\u0026 !absUrl(key).equals(\"\"))\n-                return true;\n-        }\n         return attributes.hasKey(attributeKey);\n     }\n \n",
      "operations": [
        {
          "type": "delete-tree",
          "from": "IfStatement [3331,3555]",
          "to": ""
        }
      ]
    }
  ],
  "fixing_type": {
    "add_classes": {
      "qualified_names": [],
      "num": 0
    },
    "delete_classes": {
      "qualified_names": [],
      "num": 0
    },
    "add_functions": {
      "qualified_names": [],
      "num": 0
    },
    "delete_functions": {
      "qualified_names": [],
      "num": 0
    }
  }
}