{
  "logger": {
    "currentLogLevel": 20,
    "name": "root.bean.benchmarks.Defects4JBug"
  },
  "d4jCmd": "/home/liumengjiao/Desktop/defects4j/framework/bin/defects4j",
  "dataDir": "data/changesInfo/",
  "properties": {
    "trigger.tests": "org.jsoup.parser.HtmlParserTest::preservesSpaceInTextArea",
    "test.dir": "src/test/java",
    "clz.modified": "org.jsoup.parser.Tag",
    "src.dir": "src/main/java"
  },
  "timeoutSecond": 100,
  "proj": "Jsoup",
  "id": "25",
  "workingDir": "../bugs/Jsoup_25_tmp",
  "bug_name": "Jsoup_25",
  "derive": "defects4j",
  "trigger_tests": [
    {
      "test_class": "org.jsoup.parser.HtmlParserTest",
      "test_function": "preservesSpaceInTextArea",
      "assertion_line": "184",
      "exception": "junit.framework.AssertionFailedError",
      "message": "expected:\u003cOne["
    }
  ],
  "fixing_changes": [
    {
      "changed_type": "UPDATE",
      "changed_class": [
        "src/main/java/org/jsoup/parser/Tag.java",
        "src/main/java/org/jsoup/parser/Tag.java"
      ],
      "changed_functions": [
        {
          "qualified_names": [],
          "num": 0
        },
        {
          "qualified_names": [],
          "num": 0
        }
      ],
      "changed_lines": [
        {
          "qualified_names": [
            "218"
          ],
          "num": 1
        },
        {
          "qualified_names": [
            "218"
          ],
          "num": 1
        }
      ],
      "diff": "diff --git a/src/main/java/org/jsoup/parser/Tag.java b/src/main/java/org/jsoup/parser/Tag.java\nindex caebf4e..40b7557 100644\n--- a/src/main/java/org/jsoup/parser/Tag.java\n+++ b/src/main/java/org/jsoup/parser/Tag.java\n@@ -215,7 +215,7 @@\n     private static final String[] formatAsInlineTags \u003d {\n             \"title\", \"a\", \"p\", \"h1\", \"h2\", \"h3\", \"h4\", \"h5\", \"h6\", \"pre\", \"address\", \"li\", \"th\", \"td\", \"script\", \"style\"\n     };\n-    private static final String[] preserveWhitespaceTags \u003d {\"pre\", \"plaintext\", \"title\", \"textarea\"};\n+    private static final String[] preserveWhitespaceTags \u003d {\"pre\", \"plaintext\", \"title\"};\n \n     static {\n         // creates\n",
      "operations": [
        {
          "type": "delete-node",
          "from": "StringLiteral: \"textarea\" [7118,7128]",
          "to": ""
        }
      ]
    }
  ],
  "fixing_type": {
    "add_classes": {
      "qualified_names": [],
      "num": 0
    },
    "delete_classes": {
      "qualified_names": [],
      "num": 0
    },
    "add_functions": {
      "qualified_names": [],
      "num": 0
    },
    "delete_functions": {
      "qualified_names": [],
      "num": 0
    }
  }
}