{
  "logger": {
    "currentLogLevel": 20,
    "name": "root.bean.benchmarks.Defects4JBug"
  },
  "d4jCmd": "/home/liumengjiao/Desktop/defects4j/framework/bin/defects4j",
  "dataDir": "data/changesInfo/",
  "properties": {
    "trigger.tests": "org.apache.commons.collections4.keyvalue.MultiKeyTest::testEqualsAfterSerializationOfDerivedClass",
    "test.dir": "src/test/java",
    "clz.modified": "org.apache.commons.collections4.keyvalue.MultiKey",
    "src.dir": "src/main/java"
  },
  "timeoutSecond": 100,
  "proj": "Collections",
  "id": "26",
  "workingDir": "../bugs/Collections_26_tmp",
  "bug_name": "Collections_26",
  "derive": "defects4j",
  "trigger_tests": [
    {
      "test_class": "org.apache.commons.collections4.keyvalue.MultiKeyTest",
      "test_function": "testEqualsAfterSerializationOfDerivedClass",
      "assertion_line": "292",
      "exception": "junit.framework.AssertionFailedError",
      "message": "expected:\u003c3\u003e but was:\u003c0\u003e"
    }
  ],
  "fixing_changes": [
    {
      "changed_type": "UPDATE",
      "changed_class": [
        "src/main/java/org/apache/commons/collections4/keyvalue/MultiKey.java",
        "src/main/java/org/apache/commons/collections4/keyvalue/MultiKey.java"
      ],
      "changed_functions": [
        {
          "qualified_names": [
            "org.apache.commons.collections4.keyvalue.MultiKey:readResolve:[]:Object"
          ],
          "num": 1
        },
        {
          "qualified_names": [
            "org.apache.commons.collections4.keyvalue.MultiKey:readResolve:[]:Object"
          ],
          "num": 1
        }
      ],
      "changed_lines": [
        {
          "qualified_names": [
            "277"
          ],
          "num": 1
        },
        {
          "qualified_names": [
            "277"
          ],
          "num": 1
        }
      ],
      "diff": "diff --git a/src/main/java/org/apache/commons/collections4/keyvalue/MultiKey.java b/src/main/java/org/apache/commons/collections4/keyvalue/MultiKey.java\nindex 2b08d8a..794677c 100644\n--- a/src/main/java/org/apache/commons/collections4/keyvalue/MultiKey.java\n+++ b/src/main/java/org/apache/commons/collections4/keyvalue/MultiKey.java\n@@ -274,7 +274,7 @@\n      * only stable for the same process).\n      * @return the instance with recalculated hash code\n      */\n-    protected Object readResolve() {\n+    private Object readResolve() {\n         calculateHashCode(keys);\n         return this;\n     }\n",
      "operations": [
        {
          "type": "update-node",
          "from": "",
          "to": ""
        }
      ]
    }
  ],
  "fixing_type": {
    "add_classes": {
      "qualified_names": [],
      "num": 0
    },
    "delete_classes": {
      "qualified_names": [],
      "num": 0
    },
    "add_functions": {
      "qualified_names": [],
      "num": 0
    },
    "delete_functions": {
      "qualified_names": [],
      "num": 0
    }
  }
}