{
  "logger": {
    "currentLogLevel": 20,
    "name": "root.bean.benchmarks.Defects4JBug"
  },
  "d4jCmd": "/home/liumengjiao/Desktop/defects4j/framework/bin/defects4j",
  "dataDir": "data/changesInfo/",
  "properties": {
    "trigger.tests": "org.jsoup.nodes.FormElementTest::createsFormData",
    "test.dir": "src/test/java",
    "clz.modified": "org.jsoup.nodes.FormElement",
    "src.dir": "src/main/java"
  },
  "timeoutSecond": 100,
  "proj": "Jsoup",
  "id": "93",
  "workingDir": "../bugs/Jsoup_93_tmp",
  "bug_name": "Jsoup_93",
  "derive": "defects4j",
  "trigger_tests": [
    {
      "test_class": "org.jsoup.nodes.FormElementTest",
      "test_function": "createsFormData",
      "assertion_line": "39",
      "exception": "junit.framework.AssertionFailedError",
      "message": "expected:\u003c6\u003e but was:\u003c7\u003e"
    }
  ],
  "fixing_changes": [
    {
      "changed_type": "UPDATE",
      "changed_class": [
        "src/main/java/org/jsoup/nodes/FormElement.java",
        "src/main/java/org/jsoup/nodes/FormElement.java"
      ],
      "changed_functions": [
        {
          "qualified_names": [
            "org.jsoup.nodes.FormElement:formData:[]:List\u003cConnection.KeyVal\u003e"
          ],
          "num": 1
        },
        {
          "qualified_names": [
            "org.jsoup.nodes.FormElement:formData:[]:List\u003cConnection.KeyVal\u003e"
          ],
          "num": 1
        }
      ],
      "changed_lines": [
        {
          "qualified_names": [
            "89"
          ],
          "num": 1
        },
        {
          "qualified_names": [
            "88"
          ],
          "num": 1
        }
      ],
      "diff": "diff --git a/src/main/java/org/jsoup/nodes/FormElement.java b/src/main/java/org/jsoup/nodes/FormElement.java\nindex 5770289..3949f22 100644\n--- a/src/main/java/org/jsoup/nodes/FormElement.java\n+++ b/src/main/java/org/jsoup/nodes/FormElement.java\n@@ -86,7 +86,6 @@\n             if (name.length() \u003d\u003d 0) continue;\n             String type \u003d el.attr(\"type\");\n \n-            if (type.equalsIgnoreCase(\"button\")) continue; // browsers don\u0027t submit these\n \n             if (\"select\".equals(el.normalName())) {\n                 Elements options \u003d el.select(\"option[selected]\");\n",
      "operations": [
        {
          "type": "delete-tree",
          "from": "IfStatement [3162,3208]",
          "to": ""
        }
      ]
    }
  ],
  "fixing_type": {
    "add_classes": {
      "qualified_names": [],
      "num": 0
    },
    "delete_classes": {
      "qualified_names": [],
      "num": 0
    },
    "add_functions": {
      "qualified_names": [],
      "num": 0
    },
    "delete_functions": {
      "qualified_names": [],
      "num": 0
    }
  }
}