{
  "logger": {
    "currentLogLevel": 20,
    "name": "root.bean.benchmarks.Defects4JBug"
  },
  "d4jCmd": "/home/liumengjiao/Desktop/defects4j/framework/bin/defects4j",
  "dataDir": "data/changesInfo/",
  "properties": {
    "trigger.tests": "com.google.javascript.jscomp.CodePrinterTest::testMinusNegativeZero",
    "test.dir": "test",
    "clz.modified": "com.google.javascript.jscomp.CodeConsumer",
    "src.dir": "src"
  },
  "timeoutSecond": 100,
  "proj": "Closure",
  "id": "38",
  "workingDir": "../bugs/Closure_38_tmp",
  "bug_name": "Closure_38",
  "derive": "defects4j",
  "trigger_tests": [
    {
      "test_class": "com.google.javascript.jscomp.CodePrinterTest",
      "test_function": "testMinusNegativeZero",
      "assertion_line": "1374",
      "exception": "junit.framework.ComparisonFailure",
      "message": "expected:\u003cx-[ ]-0.0\u003e but was:\u003cx-[]-0.0\u003e"
    }
  ],
  "fixing_changes": [
    {
      "changed_type": "UPDATE",
      "changed_class": [
        "src/com/google/javascript/jscomp/CodeConsumer.java",
        "src/com/google/javascript/jscomp/CodeConsumer.java"
      ],
      "changed_functions": [
        {
          "qualified_names": [
            "com.google.javascript.jscomp.CodeConsumer:addNumber:[double x]:void"
          ],
          "num": 1
        },
        {
          "qualified_names": [
            "com.google.javascript.jscomp.CodeConsumer:addNumber:[double x]:void"
          ],
          "num": 1
        }
      ],
      "changed_lines": [
        {
          "qualified_names": [
            "245"
          ],
          "num": 1
        },
        {
          "qualified_names": [
            "245"
          ],
          "num": 1
        }
      ],
      "diff": "diff --git a/src/com/google/javascript/jscomp/CodeConsumer.java b/src/com/google/javascript/jscomp/CodeConsumer.java\nindex 3522e89..4381487 100644\n--- a/src/com/google/javascript/jscomp/CodeConsumer.java\n+++ b/src/com/google/javascript/jscomp/CodeConsumer.java\n@@ -242,7 +242,7 @@\n     // x--4 (which is a syntax error).\n     char prev \u003d getLastChar();\n     boolean negativeZero \u003d isNegativeZero(x);\n-    if ((x \u003c 0 || negativeZero) \u0026\u0026 prev \u003d\u003d \u0027-\u0027) {\n+    if (x \u003c 0 \u0026\u0026 prev \u003d\u003d \u0027-\u0027) {\n       add(\" \");\n     }\n \n",
      "operations": [
        {
          "type": "move-tree",
          "from": "",
          "to": ""
        },
        {
          "type": "delete-node",
          "from": "INFIX_EXPRESSION_OPERATOR: || [5622,5624]",
          "to": ""
        },
        {
          "type": "delete-node",
          "from": "SimpleName: negativeZero [5625,5637]",
          "to": ""
        },
        {
          "type": "delete-node",
          "from": "InfixExpression [5616,5637]",
          "to": ""
        },
        {
          "type": "delete-node",
          "from": "ParenthesizedExpression [5615,5638]",
          "to": ""
        }
      ]
    }
  ],
  "fixing_type": {
    "add_classes": {
      "qualified_names": [],
      "num": 0
    },
    "delete_classes": {
      "qualified_names": [],
      "num": 0
    },
    "add_functions": {
      "qualified_names": [],
      "num": 0
    },
    "delete_functions": {
      "qualified_names": [],
      "num": 0
    }
  }
}