{
  "logger": {
    "currentLogLevel": 20,
    "name": "root.bean.benchmarks.Defects4JBug"
  },
  "d4jCmd": "/home/liumengjiao/Desktop/defects4j/framework/bin/defects4j",
  "dataDir": "data/changesInfo/",
  "properties": {
    "trigger.tests": "org.jsoup.helper.W3CDomTest::treatsUndeclaredNamespaceAsLocalName",
    "test.dir": "src/test/java",
    "clz.modified": "org.jsoup.helper.W3CDom",
    "src.dir": "src/main/java"
  },
  "timeoutSecond": 100,
  "proj": "Jsoup",
  "id": "84",
  "workingDir": "../bugs/Jsoup_84_tmp",
  "bug_name": "Jsoup_84",
  "derive": "defects4j",
  "trigger_tests": [
    {
      "test_class": "org.jsoup.helper.W3CDomTest",
      "test_function": "treatsUndeclaredNamespaceAsLocalName",
      "assertion_line": "144",
      "exception": "org.w3c.dom.DOMException",
      "message": "NAMESPACE_ERR: An attempt is made to create or change an object in a way which is incorrect with regard to namespaces."
    }
  ],
  "fixing_changes": [
    {
      "changed_type": "UPDATE",
      "changed_class": [
        "src/main/java/org/jsoup/helper/W3CDom.java",
        "src/main/java/org/jsoup/helper/W3CDom.java"
      ],
      "changed_functions": [
        {
          "qualified_names": [
            "org.jsoup.helper.W3CDom\\$W3CBuilder:head:[org.jsoup.nodes.Node source, int depth]:void"
          ],
          "num": 1
        },
        {
          "qualified_names": [
            "org.jsoup.helper.W3CDom\\$W3CBuilder:head:[org.jsoup.nodes.Node source, int depth]:void"
          ],
          "num": 1
        }
      ],
      "changed_lines": [
        {
          "qualified_names": [
            "91",
            "92"
          ],
          "num": 2
        },
        {
          "qualified_names": [
            "91"
          ],
          "num": 1
        }
      ],
      "diff": "diff --git a/src/main/java/org/jsoup/helper/W3CDom.java b/src/main/java/org/jsoup/helper/W3CDom.java\nindex 6847574..7b309a3 100644\n--- a/src/main/java/org/jsoup/helper/W3CDom.java\n+++ b/src/main/java/org/jsoup/helper/W3CDom.java\n@@ -88,8 +88,7 @@\n                 String namespace \u003d namespacesStack.peek().get(prefix);\n                 String tagName \u003d sourceEl.tagName();\n \n-                Element el \u003d namespace \u003d\u003d null \u0026\u0026 tagName.contains(\":\") ?\n-                    doc.createElementNS(\"\", tagName) : // doesn\u0027t have a real namespace defined\n+                Element el \u003d \n                     doc.createElementNS(namespace, tagName);\n                 copyAttributes(sourceEl, el);\n                 if (dest \u003d\u003d null) { // sets up the root\n",
      "operations": [
        {
          "type": "move-tree",
          "from": "",
          "to": ""
        },
        {
          "type": "delete-tree",
          "from": "InfixExpression [3371,3413]",
          "to": ""
        },
        {
          "type": "delete-tree",
          "from": "MethodInvocation [3436,3468]",
          "to": ""
        },
        {
          "type": "delete-node",
          "from": "ConditionalExpression [3371,3571]",
          "to": ""
        }
      ]
    }
  ],
  "fixing_type": {
    "add_classes": {
      "qualified_names": [],
      "num": 0
    },
    "delete_classes": {
      "qualified_names": [],
      "num": 0
    },
    "add_functions": {
      "qualified_names": [],
      "num": 0
    },
    "delete_functions": {
      "qualified_names": [],
      "num": 0
    }
  }
}