{
  "logger": {
    "currentLogLevel": 20,
    "name": "root.bean.benchmarks.Defects4JBug"
  },
  "d4jCmd": "/home/liumengjiao/Desktop/defects4j/framework/bin/defects4j",
  "dataDir": "data/changesInfo/",
  "properties": {
    "trigger.tests": "org.mockitousage.constructor.CreatingMocksWithConstructorTest::abstractMethodStubbed,org.mockitousage.constructor.CreatingMocksWithConstructorTest::testCallsRealInterfaceMethod,org.mockitousage.constructor.CreatingMocksWithConstructorTest::abstractMethodReturnsDefault",
    "test.dir": "test",
    "clz.modified": "org.mockito.internal.stubbing.answers.CallsRealMethods",
    "src.dir": "src"
  },
  "timeoutSecond": 100,
  "proj": "Mockito",
  "id": "9",
  "workingDir": "../bugs/Mockito_9_tmp",
  "bug_name": "Mockito_9",
  "derive": "defects4j",
  "trigger_tests": [
    {
      "test_class": "org.mockitousage.constructor.CreatingMocksWithConstructorTest",
      "test_function": "abstractMethodStubbed",
      "assertion_line": "119",
      "exception": "org.mockito.exceptions.base.MockitoException",
      "message": ""
    },
    {
      "test_class": "org.mockitousage.constructor.CreatingMocksWithConstructorTest",
      "test_function": "testCallsRealInterfaceMethod",
      "assertion_line": "126",
      "exception": "org.mockito.exceptions.base.MockitoException",
      "message": ""
    },
    {
      "test_class": "org.mockitousage.constructor.CreatingMocksWithConstructorTest",
      "test_function": "abstractMethodReturnsDefault",
      "assertion_line": "106",
      "exception": "org.mockito.exceptions.base.MockitoException",
      "message": ""
    }
  ],
  "fixing_changes": [
    {
      "changed_type": "UPDATE",
      "changed_class": [
        "src/org/mockito/internal/stubbing/answers/CallsRealMethods.java",
        "src/org/mockito/internal/stubbing/answers/CallsRealMethods.java"
      ],
      "changed_functions": [
        {
          "qualified_names": [
            "org.mockito.internal.stubbing.answers.CallsRealMethods:answer:[InvocationOnMock invocation]:Object"
          ],
          "num": 1
        },
        {
          "qualified_names": [],
          "num": 0
        }
      ],
      "changed_lines": [
        {
          "qualified_names": [
            "8",
            "10",
            "38",
            "39",
            "40"
          ],
          "num": 5
        },
        {
          "qualified_names": [
            "7",
            "39"
          ],
          "num": 2
        }
      ],
      "diff": "diff --git a/src/org/mockito/internal/stubbing/answers/CallsRealMethods.java b/src/org/mockito/internal/stubbing/answers/CallsRealMethods.java\nindex 8fb0cae..747655e 100644\n--- a/src/org/mockito/internal/stubbing/answers/CallsRealMethods.java\n+++ b/src/org/mockito/internal/stubbing/answers/CallsRealMethods.java\n@@ -5,9 +5,7 @@\n package org.mockito.internal.stubbing.answers;\r\n \r\n import java.io.Serializable;\n-import java.lang.reflect.Modifier;\n \n-import org.mockito.internal.stubbing.defaultanswers.GloballyConfiguredAnswer;\n import org.mockito.invocation.InvocationOnMock;\n import org.mockito.stubbing.Answer;\n \r\n@@ -35,9 +33,6 @@\n     private static final long serialVersionUID \u003d 9057165148930624087L;\r\n \r\n     public Object answer(InvocationOnMock invocation) throws Throwable {\n-    \tif (Modifier.isAbstract(invocation.getMethod().getModifiers())) {\n-    \t\treturn new GloballyConfiguredAnswer().answer(invocation);\n-    \t}\n         return invocation.callRealMethod();\r\n     }\r\n }\n\\ No newline at end of file\n",
      "operations": [
        {
          "type": "delete-tree",
          "from": "ImportDeclaration [199,233]",
          "to": ""
        },
        {
          "type": "delete-tree",
          "from": "ImportDeclaration [235,312]",
          "to": ""
        },
        {
          "type": "delete-tree",
          "from": "IfStatement [1788,1924]",
          "to": ""
        }
      ]
    }
  ],
  "fixing_type": {
    "add_classes": {
      "qualified_names": [],
      "num": 0
    },
    "delete_classes": {
      "qualified_names": [],
      "num": 0
    },
    "add_functions": {
      "qualified_names": [],
      "num": 0
    },
    "delete_functions": {
      "qualified_names": [
        "org.mockito.internal.stubbing.answers.CallsRealMethods:answer:[InvocationOnMock invocation]:Object"
      ],
      "num": 1
    }
  }
}