{
  "logger": {
    "currentLogLevel": 20,
    "name": "root.bean.benchmarks.Defects4JBug"
  },
  "d4jCmd": "/home/liumengjiao/Desktop/defects4j/framework/bin/defects4j",
  "dataDir": "data/changesInfo/",
  "properties": {
    "trigger.tests": "org.jsoup.parser.HtmlParserTest::handlesDeepStack",
    "test.dir": "src/test/java",
    "clz.modified": "org.jsoup.parser.HtmlTreeBuilder",
    "src.dir": "src/main/java"
  },
  "timeoutSecond": 100,
  "proj": "Jsoup",
  "id": "67",
  "workingDir": "../bugs/Jsoup_67_tmp",
  "bug_name": "Jsoup_67",
  "derive": "defects4j",
  "trigger_tests": [
    {
      "test_class": "org.jsoup.parser.HtmlParserTest",
      "test_function": "handlesDeepStack",
      "assertion_line": "924",
      "exception": "junit.framework.AssertionFailedError",
      "message": ""
    }
  ],
  "fixing_changes": [
    {
      "changed_type": "UPDATE",
      "changed_class": [
        "src/main/java/org/jsoup/parser/HtmlTreeBuilder.java",
        "src/main/java/org/jsoup/parser/HtmlTreeBuilder.java"
      ],
      "changed_functions": [
        {
          "qualified_names": [
            "org.jsoup.parser.HtmlTreeBuilder:inSpecificScope:[String[] targetNames, String[] baseTypes, String[] extraTypes]:boolean"
          ],
          "num": 1
        },
        {
          "qualified_names": [
            "org.jsoup.parser.HtmlTreeBuilder:inSpecificScope:[String[] targetNames, String[] baseTypes, String[] extraTypes]:boolean"
          ],
          "num": 1
        }
      ],
      "changed_lines": [
        {
          "qualified_names": [
            "42",
            "469",
            "470",
            "471"
          ],
          "num": 4
        },
        {
          "qualified_names": [
            "41",
            "469"
          ],
          "num": 2
        }
      ],
      "diff": "diff --git a/src/main/java/org/jsoup/parser/HtmlTreeBuilder.java b/src/main/java/org/jsoup/parser/HtmlTreeBuilder.java\nindex 011a704..b07e47f 100644\n--- a/src/main/java/org/jsoup/parser/HtmlTreeBuilder.java\n+++ b/src/main/java/org/jsoup/parser/HtmlTreeBuilder.java\n@@ -39,7 +39,6 @@\n         \"section\", \"select\", \"style\", \"summary\", \"table\", \"tbody\", \"td\", \"textarea\", \"tfoot\", \"th\", \"thead\",\n         \"title\", \"tr\", \"ul\", \"wbr\", \"xmp\"});\n \n-    public static final int MaxScopeSearchDepth \u003d 100; // prevents the parser bogging down in exceptionally broken pages\n \n     private HtmlTreeBuilderState state; // the current state\n     private HtmlTreeBuilderState originalState; // original / marked state\n@@ -466,9 +465,6 @@\n \n     private boolean inSpecificScope(String[] targetNames, String[] baseTypes, String[] extraTypes) {\n         int depth \u003d stack.size() -1;\n-        if (depth \u003e MaxScopeSearchDepth) {\n-            depth \u003d MaxScopeSearchDepth;\n-        }\n         for (int pos \u003d depth; pos \u003e\u003d 0; pos--) {\n             Element el \u003d stack.get(pos);\n             String elName \u003d el.nodeName();\n",
      "operations": [
        {
          "type": "delete-tree",
          "from": "FieldDeclaration [2193,2243]",
          "to": ""
        },
        {
          "type": "delete-tree",
          "from": "IfStatement [16945,17030]",
          "to": ""
        }
      ]
    }
  ],
  "fixing_type": {
    "add_classes": {
      "qualified_names": [],
      "num": 0
    },
    "delete_classes": {
      "qualified_names": [],
      "num": 0
    },
    "add_functions": {
      "qualified_names": [],
      "num": 0
    },
    "delete_functions": {
      "qualified_names": [],
      "num": 0
    }
  }
}