{
  "logger": {
    "currentLogLevel": 20,
    "name": "root.bean.benchmarks.Defects4JBug"
  },
  "d4jCmd": "/home/liumengjiao/Desktop/defects4j/framework/bin/defects4j",
  "dataDir": "data/changesInfo/",
  "properties": {
    "trigger.tests": "com.fasterxml.jackson.core.util.TestDefaultPrettyPrinter::testInvalidSubClass",
    "test.dir": "src/test/java",
    "clz.modified": "com.fasterxml.jackson.core.util.DefaultPrettyPrinter",
    "src.dir": "src/main/java"
  },
  "timeoutSecond": 100,
  "proj": "JacksonCore",
  "id": "23",
  "workingDir": "../bugs/JacksonCore_23_tmp",
  "bug_name": "JacksonCore_23",
  "derive": "defects4j",
  "trigger_tests": [
    {
      "test_class": "com.fasterxml.jackson.core.util.TestDefaultPrettyPrinter",
      "test_function": "testInvalidSubClass",
      "assertion_line": "169",
      "exception": "junit.framework.AssertionFailedError",
      "message": "Should not pass"
    }
  ],
  "fixing_changes": [
    {
      "changed_type": "UPDATE",
      "changed_class": [
        "src/main/java/com/fasterxml/jackson/core/util/DefaultPrettyPrinter.java",
        "src/main/java/com/fasterxml/jackson/core/util/DefaultPrettyPrinter.java"
      ],
      "changed_functions": [
        {
          "qualified_names": [
            "com.fasterxml.jackson.core.util.DefaultPrettyPrinter:createInstance:[]:DefaultPrettyPrinter"
          ],
          "num": 1
        },
        {
          "qualified_names": [
            "com.fasterxml.jackson.core.util.DefaultPrettyPrinter:createInstance:[]:DefaultPrettyPrinter"
          ],
          "num": 1
        }
      ],
      "changed_lines": [
        {
          "qualified_names": [
            "255",
            "256",
            "257",
            "258"
          ],
          "num": 4
        },
        {
          "qualified_names": [
            "254"
          ],
          "num": 1
        }
      ],
      "diff": "diff --git a/src/main/java/com/fasterxml/jackson/core/util/DefaultPrettyPrinter.java b/src/main/java/com/fasterxml/jackson/core/util/DefaultPrettyPrinter.java\nindex 7e8250e..6515e2f 100644\n--- a/src/main/java/com/fasterxml/jackson/core/util/DefaultPrettyPrinter.java\n+++ b/src/main/java/com/fasterxml/jackson/core/util/DefaultPrettyPrinter.java\n@@ -252,10 +252,6 @@\n \n     @Override\n     public DefaultPrettyPrinter createInstance() {\n-        if (getClass() !\u003d DefaultPrettyPrinter.class) { // since 2.10\n-            throw new IllegalStateException(\"Failed `createInstance()`: \"+getClass().getName()\n-                    +\" does not override method; it has to\");\n-        }\n         return new DefaultPrettyPrinter(this);\n     }\n \n",
      "operations": [
        {
          "type": "delete-tree",
          "from": "IfStatement [7579,7807]",
          "to": ""
        }
      ]
    }
  ],
  "fixing_type": {
    "add_classes": {
      "qualified_names": [],
      "num": 0
    },
    "delete_classes": {
      "qualified_names": [],
      "num": 0
    },
    "add_functions": {
      "qualified_names": [],
      "num": 0
    },
    "delete_functions": {
      "qualified_names": [],
      "num": 0
    }
  }
}