{
  "logger": {
    "currentLogLevel": 20,
    "name": "root.bean.benchmarks.Defects4JBug"
  },
  "d4jCmd": "/home/liumengjiao/Desktop/defects4j/framework/bin/defects4j",
  "dataDir": "data/changesInfo/",
  "properties": {
    "trigger.tests": "org.jsoup.helper.DataUtilTest::discardsSpuriousByteOrderMark",
    "test.dir": "src/test/java",
    "clz.modified": "org.jsoup.helper.DataUtil",
    "src.dir": "src/main/java"
  },
  "timeoutSecond": 100,
  "proj": "Jsoup",
  "id": "20",
  "workingDir": "../bugs/Jsoup_20_tmp",
  "bug_name": "Jsoup_20",
  "derive": "defects4j",
  "trigger_tests": [
    {
      "test_class": "org.jsoup.helper.DataUtilTest",
      "test_function": "discardsSpuriousByteOrderMark",
      "assertion_line": "32",
      "exception": "junit.framework.AssertionFailedError",
      "message": "expected:\u003c[One]\u003e but was:\u003c[]\u003e"
    }
  ],
  "fixing_changes": [
    {
      "changed_type": "UPDATE",
      "changed_class": [
        "src/main/java/org/jsoup/helper/DataUtil.java",
        "src/main/java/org/jsoup/helper/DataUtil.java"
      ],
      "changed_functions": [
        {
          "qualified_names": [
            "org.jsoup.helper.DataUtil:parseByteData:[ByteBuffer byteData, String charsetName, String baseUri, Parser parser]:Document"
          ],
          "num": 1
        },
        {
          "qualified_names": [
            "org.jsoup.helper.DataUtil:parseByteData:[ByteBuffer byteData, String charsetName, String baseUri, Parser parser]:Document"
          ],
          "num": 1
        }
      ],
      "changed_lines": [
        {
          "qualified_names": [
            "98",
            "99"
          ],
          "num": 2
        },
        {
          "qualified_names": [
            "97"
          ],
          "num": 1
        }
      ],
      "diff": "diff --git a/src/main/java/org/jsoup/helper/DataUtil.java b/src/main/java/org/jsoup/helper/DataUtil.java\nindex 9adfe42..e5b044d 100644\n--- a/src/main/java/org/jsoup/helper/DataUtil.java\n+++ b/src/main/java/org/jsoup/helper/DataUtil.java\n@@ -95,8 +95,6 @@\n             // there are times where there is a spurious byte-order-mark at the start of the text. Shouldn\u0027t be present\n             // in utf-8. If after decoding, there is a BOM, strip it; otherwise will cause the parser to go straight\n             // into head mode\n-            if (docData.charAt(0) \u003d\u003d 65279)\n-                docData \u003d docData.substring(1);\n \n             doc \u003d parser.parseInput(docData, baseUri);\n             doc.outputSettings().charset(charsetName);\n",
      "operations": [
        {
          "type": "delete-tree",
          "from": "IfStatement [4613,4692]",
          "to": ""
        }
      ]
    }
  ],
  "fixing_type": {
    "add_classes": {
      "qualified_names": [],
      "num": 0
    },
    "delete_classes": {
      "qualified_names": [],
      "num": 0
    },
    "add_functions": {
      "qualified_names": [],
      "num": 0
    },
    "delete_functions": {
      "qualified_names": [],
      "num": 0
    }
  }
}