{
  "logger": {
    "currentLogLevel": 20,
    "name": "root.bean.benchmarks.Defects4JBug"
  },
  "d4jCmd": "/home/liumengjiao/Desktop/defects4j/framework/bin/defects4j",
  "dataDir": "data/changesInfo/",
  "properties": {
    "trigger.tests": "org.mockito.internal.stubbing.defaultanswers.ReturnsEmptyValuesTest::should_return_empty_iterable",
    "test.dir": "test",
    "clz.modified": "org.mockito.internal.stubbing.defaultanswers.ReturnsEmptyValues",
    "src.dir": "src"
  },
  "timeoutSecond": 100,
  "proj": "Mockito",
  "id": "18",
  "workingDir": "../bugs/Mockito_18_tmp",
  "bug_name": "Mockito_18",
  "derive": "defects4j",
  "trigger_tests": [
    {
      "test_class": "org.mockito.internal.stubbing.defaultanswers.ReturnsEmptyValuesTest",
      "test_function": "should_return_empty_iterable",
      "assertion_line": "57",
      "exception": "java.lang.NullPointerException",
      "message": ""
    }
  ],
  "fixing_changes": [
    {
      "changed_type": "UPDATE",
      "changed_class": [
        "src/org/mockito/internal/stubbing/defaultanswers/ReturnsEmptyValues.java",
        "src/org/mockito/internal/stubbing/defaultanswers/ReturnsEmptyValues.java"
      ],
      "changed_functions": [
        {
          "qualified_names": [
            "org.mockito.internal.stubbing.defaultanswers.ReturnsEmptyValues:returnValueFor:[Class\u003c?\u003e type]:Object"
          ],
          "num": 1
        },
        {
          "qualified_names": [
            "org.mockito.internal.stubbing.defaultanswers.ReturnsEmptyValues:returnValueFor:[Class\u003c?\u003e type]:Object"
          ],
          "num": 1
        }
      ],
      "changed_lines": [
        {
          "qualified_names": [
            "87",
            "88"
          ],
          "num": 2
        },
        {
          "qualified_names": [
            "86"
          ],
          "num": 1
        }
      ],
      "diff": "diff --git a/src/org/mockito/internal/stubbing/defaultanswers/ReturnsEmptyValues.java b/src/org/mockito/internal/stubbing/defaultanswers/ReturnsEmptyValues.java\nindex 11304af..06697e5 100644\n--- a/src/org/mockito/internal/stubbing/defaultanswers/ReturnsEmptyValues.java\n+++ b/src/org/mockito/internal/stubbing/defaultanswers/ReturnsEmptyValues.java\n@@ -84,8 +84,6 @@\n             return Primitives.defaultValueForPrimitiveOrWrapper(type);\n             //new instances are used instead of Collections.emptyList(), etc.\n             //to avoid UnsupportedOperationException if code under test modifies returned collection\n-        } else if (type \u003d\u003d Iterable.class) {\n-            return new ArrayList\u003cObject\u003e(0);\n         } else if (type \u003d\u003d Collection.class) {\n             return new LinkedList\u003cObject\u003e();\n         } else if (type \u003d\u003d Set.class) {\n",
      "operations": [
        {
          "type": "move-tree",
          "from": "",
          "to": ""
        },
        {
          "type": "delete-tree",
          "from": "InfixExpression [3322,3344]",
          "to": ""
        },
        {
          "type": "delete-tree",
          "from": "Block [3346,3402]",
          "to": ""
        },
        {
          "type": "delete-node",
          "from": "IfStatement [3318,4682]",
          "to": ""
        }
      ]
    }
  ],
  "fixing_type": {
    "add_classes": {
      "qualified_names": [],
      "num": 0
    },
    "delete_classes": {
      "qualified_names": [],
      "num": 0
    },
    "add_functions": {
      "qualified_names": [],
      "num": 0
    },
    "delete_functions": {
      "qualified_names": [],
      "num": 0
    }
  }
}