{
  "logger": {
    "currentLogLevel": 20,
    "name": "root.bean.benchmarks.Defects4JBug"
  },
  "d4jCmd": "/home/liumengjiao/Desktop/defects4j/framework/bin/defects4j",
  "dataDir": "data/changesInfo/",
  "properties": {
    "trigger.tests": "org.jsoup.safety.CleanerTest::handlesFramesets",
    "test.dir": "src/test/java",
    "clz.modified": "org.jsoup.safety.Cleaner",
    "src.dir": "src/main/java"
  },
  "timeoutSecond": 100,
  "proj": "Jsoup",
  "id": "26",
  "workingDir": "../bugs/Jsoup_26_tmp",
  "bug_name": "Jsoup_26",
  "derive": "defects4j",
  "trigger_tests": [
    {
      "test_class": "org.jsoup.safety.CleanerTest",
      "test_function": "handlesFramesets",
      "assertion_line": "176",
      "exception": "java.lang.NullPointerException",
      "message": ""
    }
  ],
  "fixing_changes": [
    {
      "changed_type": "UPDATE",
      "changed_class": [
        "src/main/java/org/jsoup/safety/Cleaner.java",
        "src/main/java/org/jsoup/safety/Cleaner.java"
      ],
      "changed_functions": [
        {
          "qualified_names": [
            "org.jsoup.safety.Cleaner:clean:[Document dirtyDocument]:Document"
          ],
          "num": 1
        },
        {
          "qualified_names": [
            "org.jsoup.safety.Cleaner:clean:[Document dirtyDocument]:Document"
          ],
          "num": 1
        }
      ],
      "changed_lines": [
        {
          "qualified_names": [
            "43"
          ],
          "num": 1
        },
        {
          "qualified_names": [
            "42"
          ],
          "num": 1
        }
      ],
      "diff": "diff --git a/src/main/java/org/jsoup/safety/Cleaner.java b/src/main/java/org/jsoup/safety/Cleaner.java\nindex 8110836..7d7f316 100644\n--- a/src/main/java/org/jsoup/safety/Cleaner.java\n+++ b/src/main/java/org/jsoup/safety/Cleaner.java\n@@ -40,7 +40,6 @@\n         Validate.notNull(dirtyDocument);\n \n         Document clean \u003d Document.createShell(dirtyDocument.baseUri());\n-        if (dirtyDocument.body() !\u003d null) // frameset documents won\u0027t have a body. the clean doc will have empty body.\n             copySafeNodes(dirtyDocument.body(), clean.body());\n \n         return clean;\n",
      "operations": [
        {
          "type": "move-tree",
          "from": "",
          "to": ""
        },
        {
          "type": "delete-tree",
          "from": "InfixExpression [1648,1676]",
          "to": ""
        },
        {
          "type": "delete-node",
          "from": "IfStatement [1644,1817]",
          "to": ""
        }
      ]
    }
  ],
  "fixing_type": {
    "add_classes": {
      "qualified_names": [],
      "num": 0
    },
    "delete_classes": {
      "qualified_names": [],
      "num": 0
    },
    "add_functions": {
      "qualified_names": [],
      "num": 0
    },
    "delete_functions": {
      "qualified_names": [],
      "num": 0
    }
  }
}