{
  "logger": {
    "currentLogLevel": 20,
    "name": "root.bean.benchmarks.Defects4JBug"
  },
  "d4jCmd": "/home/liumengjiao/Desktop/defects4j/framework/bin/defects4j",
  "dataDir": "data/changesInfo/",
  "properties": {
    "trigger.tests": "org.apache.commons.jxpath.ri.model.dom.DOMModelTest::testUnion,org.apache.commons.jxpath.ri.model.jdom.JDOMModelTest::testUnion",
    "test.dir": "src/test",
    "clz.modified": "org.apache.commons.jxpath.ri.axes.UnionContext",
    "src.dir": "src/java"
  },
  "timeoutSecond": 100,
  "proj": "JxPath",
  "id": "15",
  "workingDir": "../bugs/JxPath_15_tmp",
  "bug_name": "JxPath_15",
  "derive": "defects4j",
  "trigger_tests": [
    {
      "test_class": "org.apache.commons.jxpath.ri.model.dom.DOMModelTest",
      "test_function": "testUnion",
      "exception": "junit.framework.AssertionFailedError",
      "message": "Evaluating \u003c/vendor[1]/contact[4] | /vendor[1]/contact[1]\u003e expected:\u003cJohn\u003e but was:\u003cJack Black\u003e"
    }
  ],
  "fixing_changes": [
    {
      "changed_type": "UPDATE",
      "changed_class": [
        "src/java/org/apache/commons/jxpath/ri/axes/UnionContext.java",
        "src/java/org/apache/commons/jxpath/ri/axes/UnionContext.java"
      ],
      "changed_functions": [
        {
          "qualified_names": [
            "org.apache.commons.jxpath.ri.axes.UnionContext:setPosition:[int position]:boolean"
          ],
          "num": 1
        },
        {
          "qualified_names": [
            "org.apache.commons.jxpath.ri.axes.UnionContext:setPosition:[int position]:boolean"
          ],
          "num": 1
        }
      ],
      "changed_lines": [
        {
          "qualified_names": [
            "20",
            "23",
            "63",
            "64",
            "65",
            "66",
            "67",
            "71"
          ],
          "num": 8
        },
        {
          "qualified_names": [
            "19",
            "56"
          ],
          "num": 2
        }
      ],
      "diff": "diff --git a/src/java/org/apache/commons/jxpath/ri/axes/UnionContext.java b/src/java/org/apache/commons/jxpath/ri/axes/UnionContext.java\nindex 80e111e..04adadf 100644\n--- a/src/java/org/apache/commons/jxpath/ri/axes/UnionContext.java\n+++ b/src/java/org/apache/commons/jxpath/ri/axes/UnionContext.java\n@@ -17,10 +17,8 @@\n package org.apache.commons.jxpath.ri.axes;\n \n import java.util.ArrayList;\n-import java.util.Iterator;\n \n import org.apache.commons.jxpath.BasicNodeSet;\n-import org.apache.commons.jxpath.Pointer;\n import org.apache.commons.jxpath.ri.EvalContext;\n import org.apache.commons.jxpath.ri.model.NodePointer;\n \n@@ -55,17 +53,13 @@\n                     while (ctx.nextNode()) {\n                         NodePointer ptr \u003d ctx.getCurrentNodePointer();\n                         if (!pointers.contains(ptr)) {\n+                            nodeSet.add(ptr);\n                             pointers.add(ptr);\n                         }\n                     }\n                 }\n             }\n-            sortPointers(pointers);\n-\n-            for (Iterator it \u003d pointers.iterator(); it.hasNext();) {\n-                nodeSet.add((Pointer) it.next());\n-            }\n         }\n         return super.setPosition(position);\n     }\n-}\n\\ No newline at end of file\n+}\n",
      "operations": [
        {
          "type": "move-tree",
          "from": "",
          "to": ""
        },
        {
          "type": "insert-node",
          "from": "",
          "to": "SimpleName: ptr [2183,2186]"
        },
        {
          "type": "delete-tree",
          "from": "ImportDeclaration [874,900]",
          "to": ""
        },
        {
          "type": "delete-tree",
          "from": "ImportDeclaration [949,990]",
          "to": ""
        },
        {
          "type": "delete-tree",
          "from": "CastExpression [2473,2492]",
          "to": ""
        },
        {
          "type": "delete-tree",
          "from": "ExpressionStatement [2351,2374]",
          "to": ""
        },
        {
          "type": "delete-tree",
          "from": "VariableDeclarationExpression [2393,2426]",
          "to": ""
        },
        {
          "type": "delete-tree",
          "from": "MethodInvocation [2428,2440]",
          "to": ""
        },
        {
          "type": "delete-node",
          "from": "Block [2443,2508]",
          "to": ""
        },
        {
          "type": "delete-node",
          "from": "ForStatement [2388,2508]",
          "to": ""
        }
      ]
    }
  ],
  "fixing_type": {
    "add_classes": {
      "qualified_names": [],
      "num": 0
    },
    "delete_classes": {
      "qualified_names": [],
      "num": 0
    },
    "add_functions": {
      "qualified_names": [],
      "num": 0
    },
    "delete_functions": {
      "qualified_names": [],
      "num": 0
    }
  }
}