{
  "logger": {
    "currentLogLevel": 20,
    "name": "root.bean.benchmarks.Defects4JBug"
  },
  "d4jCmd": "/home/liumengjiao/Desktop/defects4j/framework/bin/defects4j",
  "dataDir": "data/changesInfo/",
  "properties": {
    "trigger.tests": "org.mockitointegration.NoJUnitDependenciesTest::pure_mockito_should_not_depend_JUnit",
    "test.dir": "test",
    "clz.modified": "org.mockito.internal.verification.VerificationOverTimeImpl",
    "src.dir": "src"
  },
  "timeoutSecond": 100,
  "proj": "Mockito",
  "id": "5",
  "workingDir": "../bugs/Mockito_5_tmp",
  "bug_name": "Mockito_5",
  "derive": "defects4j",
  "trigger_tests": [
    {
      "test_class": "org.mockitointegration.NoJUnitDependenciesTest",
      "test_function": "pure_mockito_should_not_depend_JUnit",
      "assertion_line": "28",
      "exception": "junit.framework.AssertionFailedError",
      "message": "\u0027org.mockito.internal.verification.VerificationOverTimeImpl\u0027 has some dependency to JUnit"
    }
  ],
  "fixing_changes": [
    {
      "changed_type": "UPDATE",
      "changed_class": [
        "src/org/mockito/internal/verification/VerificationOverTimeImpl.java",
        "src/org/mockito/internal/verification/VerificationOverTimeImpl.java"
      ],
      "changed_functions": [
        {
          "qualified_names": [
            "org.mockito.internal.verification.VerificationOverTimeImpl:verify:[VerificationData data]:void"
          ],
          "num": 1
        },
        {
          "qualified_names": [
            "org.mockito.internal.verification.VerificationOverTimeImpl:verify:[VerificationData data]:void"
          ],
          "num": 1
        }
      ],
      "changed_lines": [
        {
          "qualified_names": [
            "91"
          ],
          "num": 1
        },
        {
          "qualified_names": [
            "91"
          ],
          "num": 1
        }
      ],
      "diff": "diff --git a/src/org/mockito/internal/verification/VerificationOverTimeImpl.java b/src/org/mockito/internal/verification/VerificationOverTimeImpl.java\nindex 4ea2463..c5a66c5 100644\n--- a/src/org/mockito/internal/verification/VerificationOverTimeImpl.java\n+++ b/src/org/mockito/internal/verification/VerificationOverTimeImpl.java\n@@ -88,7 +88,7 @@\n             } catch (MockitoAssertionError e) {\n                 error \u003d handleVerifyException(e);\n             }\n-            catch (AssertionError e) {\n+            catch (org.mockito.exceptions.verification.junit.ArgumentsAreDifferent e) {\n                 error \u003d handleVerifyException(e);\n             }\n         }\n",
      "operations": [
        {
          "type": "insert-node",
          "from": "",
          "to": "QualifiedName: org.mockito.exceptions.verification.junit.ArgumentsAreDifferent [4876,4939]"
        },
        {
          "type": "delete-node",
          "from": "SimpleName: AssertionError [4876,4890]",
          "to": ""
        }
      ]
    }
  ],
  "fixing_type": {
    "add_classes": {
      "qualified_names": [],
      "num": 0
    },
    "delete_classes": {
      "qualified_names": [],
      "num": 0
    },
    "add_functions": {
      "qualified_names": [],
      "num": 0
    },
    "delete_functions": {
      "qualified_names": [],
      "num": 0
    }
  }
}