{
  "logger": {
    "currentLogLevel": 20,
    "name": "root.bean.benchmarks.Defects4JBug"
  },
  "d4jCmd": "/home/liumengjiao/Desktop/defects4j/framework/bin/defects4j",
  "dataDir": "data/changesInfo/",
  "properties": {
    "trigger.tests": "org.apache.commons.cli.HelpFormatterTest::testDefaultArgName",
    "test.dir": "src/test/java",
    "clz.modified": "org.apache.commons.cli.HelpFormatter,org.apache.commons.cli.Option,org.apache.commons.cli.OptionBuilder",
    "src.dir": "src/main/java"
  },
  "timeoutSecond": 100,
  "proj": "Cli",
  "id": "31",
  "workingDir": "../bugs/Cli_31_tmp",
  "bug_name": "Cli_31",
  "derive": "defects4j",
  "trigger_tests": [
    {
      "test_class": "org.apache.commons.cli.HelpFormatterTest",
      "test_function": "testDefaultArgName",
      "assertion_line": "321",
      "exception": "junit.framework.ComparisonFailure",
      "message": "expected:\u003cusage: app -f \u003carg[ument]\u003e"
    }
  ],
  "fixing_changes": [
    {
      "changed_type": "UPDATE",
      "changed_class": [
        "src/main/java/org/apache/commons/cli/HelpFormatter.java",
        "src/main/java/org/apache/commons/cli/HelpFormatter.java"
      ],
      "changed_functions": [
        {
          "qualified_names": [
            "org.apache.commons.cli.HelpFormatter:appendOption:[final StringBuffer buff, final Option option, final boolean required]:void"
          ],
          "num": 1
        },
        {
          "qualified_names": [
            "org.apache.commons.cli.HelpFormatter:appendOption:[final StringBuffer buff, final Option option, final boolean required]:void"
          ],
          "num": 1
        }
      ],
      "changed_lines": [
        {
          "qualified_names": [
            "653",
            "656"
          ],
          "num": 2
        },
        {
          "qualified_names": [
            "653",
            "656"
          ],
          "num": 2
        }
      ],
      "diff": "diff --git a/src/main/java/org/apache/commons/cli/HelpFormatter.java b/src/main/java/org/apache/commons/cli/HelpFormatter.java\nindex 6d73237..1debaf6 100644\n--- a/src/main/java/org/apache/commons/cli/HelpFormatter.java\n+++ b/src/main/java/org/apache/commons/cli/HelpFormatter.java\n@@ -650,10 +650,10 @@\n         }\n         \n         // if the Option has a value and a non blank argname\n-        if (option.hasArg() \u0026\u0026 (option.getArgName() \u003d\u003d null || option.getArgName().length() !\u003d 0))\n+        if (option.hasArg() \u0026\u0026 option.hasArgName())\n         {\n             buff.append(option.getOpt() \u003d\u003d null ? longOptSeparator : \" \");\n-            buff.append(\"\u003c\").append(option.getArgName() !\u003d null ? option.getArgName() : getArgName()).append(\"\u003e\");\n+            buff.append(\"\u003c\").append(option.getArgName()).append(\"\u003e\");\n         }\n         \n         // if the Option is not a required option\n",
      "operations": [
        {
          "type": "move-tree",
          "from": "",
          "to": ""
        },
        {
          "type": "move-tree",
          "from": "",
          "to": ""
        },
        {
          "type": "update-node",
          "from": "",
          "to": ""
        },
        {
          "type": "move-tree",
          "from": "",
          "to": ""
        },
        {
          "type": "delete-node",
          "from": "NullLiteral [19664,19668]",
          "to": ""
        },
        {
          "type": "delete-node",
          "from": "INFIX_EXPRESSION_OPERATOR: || [19669,19671]",
          "to": ""
        },
        {
          "type": "delete-tree",
          "from": "InfixExpression [19672,19705]",
          "to": ""
        },
        {
          "type": "delete-node",
          "from": "InfixExpression [19641,19705]",
          "to": ""
        },
        {
          "type": "delete-node",
          "from": "ParenthesizedExpression [19640,19706]",
          "to": ""
        },
        {
          "type": "delete-node",
          "from": "InfixExpression [19621,19706]",
          "to": ""
        },
        {
          "type": "delete-tree",
          "from": "InfixExpression [19829,19856]",
          "to": ""
        },
        {
          "type": "delete-tree",
          "from": "MethodInvocation [19881,19893]",
          "to": ""
        },
        {
          "type": "delete-node",
          "from": "ConditionalExpression [19829,19893]",
          "to": ""
        },
        {
          "type": "multi-move-tree",
          "from": "",
          "to": ""
        },
        {
          "type": "multi-move-tree",
          "from": "",
          "to": ""
        }
      ]
    },
    {
      "changed_type": "UPDATE",
      "changed_class": [
        "src/main/java/org/apache/commons/cli/Option.java",
        "src/main/java/org/apache/commons/cli/Option.java"
      ],
      "changed_functions": [
        {
          "qualified_names": [],
          "num": 0
        },
        {
          "qualified_names": [],
          "num": 0
        }
      ],
      "changed_lines": [
        {
          "qualified_names": [
            "57"
          ],
          "num": 1
        },
        {
          "qualified_names": [
            "57"
          ],
          "num": 1
        }
      ],
      "diff": "diff --git a/src/main/java/org/apache/commons/cli/Option.java b/src/main/java/org/apache/commons/cli/Option.java\nindex ce12780..921c7ab 100644\n--- a/src/main/java/org/apache/commons/cli/Option.java\n+++ b/src/main/java/org/apache/commons/cli/Option.java\n@@ -54,7 +54,7 @@\n     private String longOpt;\n \n     /** the name of the argument for this option */\n-    private String argName;\n+    private String argName \u003d \"arg\";\n \n     /** description of the option */\n     private String description;\n",
      "operations": [
        {
          "type": "insert-node",
          "from": "",
          "to": "StringLiteral: \"arg\" [2160,2165]"
        }
      ]
    },
    {
      "changed_type": "UPDATE",
      "changed_class": [
        "src/main/java/org/apache/commons/cli/OptionBuilder.java",
        "src/main/java/org/apache/commons/cli/OptionBuilder.java"
      ],
      "changed_functions": [
        {
          "qualified_names": [
            "org.apache.commons.cli.OptionBuilder:reset:[]:void"
          ],
          "num": 1
        },
        {
          "qualified_names": [
            "org.apache.commons.cli.OptionBuilder:reset:[]:void"
          ],
          "num": 1
        }
      ],
      "changed_lines": [
        {
          "qualified_names": [
            "80"
          ],
          "num": 1
        },
        {
          "qualified_names": [
            "80"
          ],
          "num": 1
        }
      ],
      "diff": "diff --git a/src/main/java/org/apache/commons/cli/OptionBuilder.java b/src/main/java/org/apache/commons/cli/OptionBuilder.java\nindex a22d829..33a24a6 100644\n--- a/src/main/java/org/apache/commons/cli/OptionBuilder.java\n+++ b/src/main/java/org/apache/commons/cli/OptionBuilder.java\n@@ -77,7 +77,7 @@\n     private static void reset()\n     {\n         description \u003d null;\n-        argName \u003d null;\n+        argName \u003d \"arg\";\n         longopt \u003d null;\n         type \u003d null;\n         required \u003d false;\n",
      "operations": [
        {
          "type": "insert-tree",
          "from": "",
          "to": "ExpressionStatement [2302,2318]"
        },
        {
          "type": "delete-tree",
          "from": "ExpressionStatement [2302,2317]",
          "to": ""
        }
      ]
    }
  ],
  "fixing_type": {
    "add_classes": {
      "qualified_names": [],
      "num": 0
    },
    "delete_classes": {
      "qualified_names": [],
      "num": 0
    },
    "add_functions": {
      "qualified_names": [],
      "num": 0
    },
    "delete_functions": {
      "qualified_names": [],
      "num": 0
    }
  }
}