{
  "logger": {
    "currentLogLevel": 20,
    "name": "root.bean.benchmarks.Defects4JBug"
  },
  "d4jCmd": "/home/liumengjiao/Desktop/defects4j/framework/bin/defects4j",
  "dataDir": "data/changesInfo/",
  "properties": {
    "trigger.tests": "org.jfree.chart.renderer.category.junit.AbstractCategoryItemRendererTests::test2947660",
    "test.dir": "tests",
    "clz.modified": "org.jfree.chart.renderer.category.AbstractCategoryItemRenderer",
    "src.dir": "source"
  },
  "timeoutSecond": 100,
  "proj": "Chart",
  "id": "1",
  "workingDir": "../bugs/Chart_1_tmp",
  "bug_name": "Chart_1",
  "derive": "defects4j",
  "trigger_tests": [
    {
      "test_class": "org.jfree.chart.renderer.category.junit.AbstractCategoryItemRendererTests",
      "test_function": "test2947660",
      "assertion_line": "409",
      "exception": "junit.framework.AssertionFailedError",
      "message": "expected:\u003c1\u003e but was:\u003c0\u003e"
    }
  ],
  "fixing_changes": [
    {
      "changed_type": "UPDATE",
      "changed_class": [
        "source/org/jfree/chart/renderer/category/AbstractCategoryItemRenderer.java",
        "source/org/jfree/chart/renderer/category/AbstractCategoryItemRenderer.java"
      ],
      "changed_functions": [
        {
          "qualified_names": [
            "org.jfree.chart.renderer.category.AbstractCategoryItemRenderer:getLegendItems:[]:LegendItemCollection"
          ],
          "num": 1
        },
        {
          "qualified_names": [
            "org.jfree.chart.renderer.category.AbstractCategoryItemRenderer:getLegendItems:[]:LegendItemCollection"
          ],
          "num": 1
        }
      ],
      "changed_lines": [
        {
          "qualified_names": [
            "1797"
          ],
          "num": 1
        },
        {
          "qualified_names": [
            "1797"
          ],
          "num": 1
        }
      ],
      "diff": "diff --git a/source/org/jfree/chart/renderer/category/AbstractCategoryItemRenderer.java b/source/org/jfree/chart/renderer/category/AbstractCategoryItemRenderer.java\nindex 4a54655..226b25a 100644\n--- a/source/org/jfree/chart/renderer/category/AbstractCategoryItemRenderer.java\n+++ b/source/org/jfree/chart/renderer/category/AbstractCategoryItemRenderer.java\n@@ -1794,7 +1794,7 @@\n         }\r\n         int index \u003d this.plot.getIndexOf(this);\r\n         CategoryDataset dataset \u003d this.plot.getDataset(index);\r\n-        if (dataset \u003d\u003d null) {\r\n+        if (dataset !\u003d null) {\r\n             return result;\r\n         }\r\n         int seriesCount \u003d dataset.getRowCount();\r\n",
      "operations": [
        {
          "type": "update-node",
          "from": "",
          "to": ""
        }
      ]
    }
  ],
  "fixing_type": {
    "add_classes": {
      "qualified_names": [],
      "num": 0
    },
    "delete_classes": {
      "qualified_names": [],
      "num": 0
    },
    "add_functions": {
      "qualified_names": [],
      "num": 0
    },
    "delete_functions": {
      "qualified_names": [],
      "num": 0
    }
  }
}