{
  "logger": {
    "currentLogLevel": 20,
    "name": "root.bean.benchmarks.Defects4JBug"
  },
  "d4jCmd": "/home/liumengjiao/Desktop/defects4j/framework/bin/defects4j",
  "dataDir": "data/changesInfo/",
  "properties": {
    "trigger.tests": "org.apache.commons.compress.utils.IOUtilsTest::skipUsingRead,org.apache.commons.compress.utils.IOUtilsTest::skipUsingSkipAndRead",
    "test.dir": "src/test/java",
    "clz.modified": "org.apache.commons.compress.utils.IOUtils",
    "src.dir": "src/main/java"
  },
  "timeoutSecond": 100,
  "proj": "Compress",
  "id": "26",
  "workingDir": "../bugs/Compress_26_tmp",
  "bug_name": "Compress_26",
  "derive": "defects4j",
  "trigger_tests": [
    {
      "test_class": "org.apache.commons.compress.utils.IOUtilsTest",
      "test_function": "skipUsingRead",
      "assertion_line": "45",
      "exception": "junit.framework.AssertionFailedError",
      "message": "expected:\u003c10\u003e but was:\u003c0\u003e"
    },
    {
      "test_class": "org.apache.commons.compress.utils.IOUtilsTest",
      "test_function": "skipUsingSkipAndRead",
      "assertion_line": "58",
      "exception": "junit.framework.AssertionFailedError",
      "message": "expected:\u003c10\u003e but was:\u003c5\u003e"
    }
  ],
  "fixing_changes": [
    {
      "changed_type": "UPDATE",
      "changed_class": [
        "src/main/java/org/apache/commons/compress/utils/IOUtils.java",
        "src/main/java/org/apache/commons/compress/utils/IOUtils.java"
      ],
      "changed_functions": [
        {
          "qualified_names": [
            "org.apache.commons.compress.utils.IOUtils:skip:[InputStream input, long numToSkip]:long"
          ],
          "num": 1
        },
        {
          "qualified_names": [
            "org.apache.commons.compress.utils.IOUtils:skip:[InputStream input, long numToSkip]:long"
          ],
          "num": 1
        }
      ],
      "changed_lines": [
        {
          "qualified_names": [
            "104",
            "105",
            "106",
            "107",
            "108",
            "109",
            "110",
            "111",
            "112",
            "113",
            "114"
          ],
          "num": 11
        },
        {
          "qualified_names": [
            "103"
          ],
          "num": 1
        }
      ],
      "diff": "diff --git a/src/main/java/org/apache/commons/compress/utils/IOUtils.java b/src/main/java/org/apache/commons/compress/utils/IOUtils.java\nindex 177d8f2..686d75a 100644\n--- a/src/main/java/org/apache/commons/compress/utils/IOUtils.java\n+++ b/src/main/java/org/apache/commons/compress/utils/IOUtils.java\n@@ -101,17 +101,6 @@\n             numToSkip -\u003d skipped;\n         }\n             \n-        if (numToSkip \u003e 0) {\n-            byte[] skipBuf \u003d new byte[SKIP_BUF_SIZE];\n-            while (numToSkip \u003e 0) {\n-                int read \u003d readFully(input, skipBuf, 0,\n-                                     (int) Math.min(numToSkip, SKIP_BUF_SIZE));\n-                if (read \u003c 1) {\n-                    break;\n-                }\n-                numToSkip -\u003d read;\n-            }\n-        }\n         return available - numToSkip;\n     }\n \n",
      "operations": [
        {
          "type": "delete-tree",
          "from": "IfStatement [3462,3844]",
          "to": ""
        }
      ]
    }
  ],
  "fixing_type": {
    "add_classes": {
      "qualified_names": [],
      "num": 0
    },
    "delete_classes": {
      "qualified_names": [],
      "num": 0
    },
    "add_functions": {
      "qualified_names": [],
      "num": 0
    },
    "delete_functions": {
      "qualified_names": [],
      "num": 0
    }
  }
}