{
  "logger": {
    "currentLogLevel": 20,
    "name": "root.bean.benchmarks.Defects4JBug"
  },
  "d4jCmd": "/home/liumengjiao/Desktop/defects4j/framework/bin/defects4j",
  "dataDir": "data/changesInfo/",
  "properties": {
    "trigger.tests": "org.jsoup.nodes.FormElementTest::removeFormElement",
    "test.dir": "src/test/java",
    "clz.modified": "org.jsoup.nodes.FormElement",
    "src.dir": "src/main/java"
  },
  "timeoutSecond": 100,
  "proj": "Jsoup",
  "id": "69",
  "workingDir": "../bugs/Jsoup_69_tmp",
  "bug_name": "Jsoup_69",
  "derive": "defects4j",
  "trigger_tests": [
    {
      "test_class": "org.jsoup.nodes.FormElementTest",
      "test_function": "removeFormElement",
      "assertion_line": "164",
      "exception": "junit.framework.AssertionFailedError",
      "message": "expected:\u003c2\u003e but was:\u003c3\u003e"
    }
  ],
  "fixing_changes": [
    {
      "changed_type": "UPDATE",
      "changed_class": [
        "src/main/java/org/jsoup/nodes/FormElement.java",
        "src/main/java/org/jsoup/nodes/FormElement.java"
      ],
      "changed_functions": [
        {
          "qualified_names": [
            "org.jsoup.nodes.FormElement:removeChild:[Node out]:void"
          ],
          "num": 1
        },
        {
          "qualified_names": [],
          "num": 0
        }
      ],
      "changed_lines": [
        {
          "qualified_names": [
            "49",
            "50",
            "51",
            "52",
            "53"
          ],
          "num": 5
        },
        {
          "qualified_names": [
            "48"
          ],
          "num": 1
        }
      ],
      "diff": "diff --git a/src/main/java/org/jsoup/nodes/FormElement.java b/src/main/java/org/jsoup/nodes/FormElement.java\nindex f5c59d3..e498975 100644\n--- a/src/main/java/org/jsoup/nodes/FormElement.java\n+++ b/src/main/java/org/jsoup/nodes/FormElement.java\n@@ -46,11 +46,6 @@\n         return this;\n     }\n \n-    @Override\n-    protected void removeChild(Node out) {\n-        super.removeChild(out);\n-        elements.remove(out);\n-    }\n \n     /**\n      * Prepare to submit this form. A Connection object is created with the request set up from the form values. You\n",
      "operations": [
        {
          "type": "delete-tree",
          "from": "MethodDeclaration [1324,1444]",
          "to": ""
        }
      ]
    }
  ],
  "fixing_type": {
    "add_classes": {
      "qualified_names": [],
      "num": 0
    },
    "delete_classes": {
      "qualified_names": [],
      "num": 0
    },
    "add_functions": {
      "qualified_names": [],
      "num": 0
    },
    "delete_functions": {
      "qualified_names": [
        "org.jsoup.nodes.FormElement:removeChild:[Node out]:void"
      ],
      "num": 1
    }
  }
}