{
  "logger": {
    "currentLogLevel": 20,
    "name": "root.bean.benchmarks.Defects4JBug"
  },
  "d4jCmd": "/home/liumengjiao/Desktop/defects4j/framework/bin/defects4j",
  "dataDir": "data/changesInfo/",
  "properties": {
    "trigger.tests": "com.fasterxml.jackson.databind.deser.TestJDKAtomicTypes::testEmpty1256",
    "test.dir": "src/test/java",
    "clz.modified": "com.fasterxml.jackson.databind.ser.PropertyBuilder",
    "src.dir": "src/main/java"
  },
  "timeoutSecond": 100,
  "proj": "JacksonDatabind",
  "id": "54",
  "workingDir": "../bugs/JacksonDatabind_54_tmp",
  "bug_name": "JacksonDatabind_54",
  "derive": "defects4j",
  "trigger_tests": [
    {
      "test_class": "com.fasterxml.jackson.databind.deser.TestJDKAtomicTypes",
      "test_function": "testEmpty1256",
      "assertion_line": "268",
      "exception": "junit.framework.ComparisonFailure",
      "message": "expected:\u003c{[]}\u003e but was:\u003c{[\"a\":null]}\u003e"
    }
  ],
  "fixing_changes": [
    {
      "changed_type": "UPDATE",
      "changed_class": [
        "src/main/java/com/fasterxml/jackson/databind/ser/PropertyBuilder.java",
        "src/main/java/com/fasterxml/jackson/databind/ser/PropertyBuilder.java"
      ],
      "changed_functions": [
        {
          "qualified_names": [
            "com.fasterxml.jackson.databind.ser.PropertyBuilder:buildWriter:[SerializerProvider prov, BeanPropertyDefinition propDef, JavaType declaredType, JsonSerializer\u003c?\u003e ser, TypeSerializer typeSer, TypeSerializer contentTypeSer, AnnotatedMember am, boolean defaultUseStaticTyping]:BeanPropertyWriter"
          ],
          "num": 1
        },
        {
          "qualified_names": [
            "com.fasterxml.jackson.databind.ser.PropertyBuilder:buildWriter:[SerializerProvider prov, BeanPropertyDefinition propDef, JavaType declaredType, JsonSerializer\u003c?\u003e ser, TypeSerializer typeSer, TypeSerializer contentTypeSer, AnnotatedMember am, boolean defaultUseStaticTyping]:BeanPropertyWriter"
          ],
          "num": 1
        }
      ],
      "changed_lines": [
        {
          "qualified_names": [
            "134",
            "150"
          ],
          "num": 2
        },
        {
          "qualified_names": [
            "134",
            "150"
          ],
          "num": 2
        }
      ],
      "diff": "diff --git a/src/main/java/com/fasterxml/jackson/databind/ser/PropertyBuilder.java b/src/main/java/com/fasterxml/jackson/databind/ser/PropertyBuilder.java\nindex 2486332..9419871 100644\n--- a/src/main/java/com/fasterxml/jackson/databind/ser/PropertyBuilder.java\n+++ b/src/main/java/com/fasterxml/jackson/databind/ser/PropertyBuilder.java\n@@ -131,7 +131,7 @@\n             // always suppress nulls\n             suppressNulls \u003d true;\n             // and for referential types, also \"empty\", which in their case means \"absent\"\n-            if (actualType.isReferenceType()) {\n+            if (declaredType.isReferenceType()) {\n                 valueToSuppress \u003d BeanPropertyWriter.MARKER_FOR_EMPTY;\n             }\n             break;\n@@ -147,7 +147,7 @@\n         case ALWAYS: // default\n         default:\n             // we may still want to suppress empty collections, as per [JACKSON-254]:\n-            if (actualType.isContainerType()\n+            if (declaredType.isContainerType()\n                     \u0026\u0026 !_config.isEnabled(SerializationFeature.WRITE_EMPTY_JSON_ARRAYS)) {\n                 valueToSuppress \u003d BeanPropertyWriter.MARKER_FOR_EMPTY;\n             }\n",
      "operations": [
        {
          "type": "update-node",
          "from": "",
          "to": ""
        },
        {
          "type": "update-node",
          "from": "",
          "to": ""
        }
      ]
    }
  ],
  "fixing_type": {
    "add_classes": {
      "qualified_names": [],
      "num": 0
    },
    "delete_classes": {
      "qualified_names": [],
      "num": 0
    },
    "add_functions": {
      "qualified_names": [],
      "num": 0
    },
    "delete_functions": {
      "qualified_names": [],
      "num": 0
    }
  }
}