{
  "logger": {
    "currentLogLevel": 20,
    "name": "root.bean.benchmarks.Defects4JBug"
  },
  "d4jCmd": "/home/liumengjiao/Desktop/defects4j/framework/bin/defects4j",
  "dataDir": "data/changesInfo/",
  "properties": {
    "trigger.tests": "org.apache.commons.jxpath.ri.model.ExternalXMLNamespaceTest::testElementDOM",
    "test.dir": "src/test",
    "clz.modified": "org.apache.commons.jxpath.ri.model.dom.DOMNodePointer",
    "src.dir": "src/java"
  },
  "timeoutSecond": 100,
  "proj": "JxPath",
  "id": "12",
  "workingDir": "../bugs/JxPath_12_tmp",
  "bug_name": "JxPath_12",
  "derive": "defects4j",
  "trigger_tests": [
    {
      "test_class": "org.apache.commons.jxpath.ri.model.ExternalXMLNamespaceTest",
      "test_function": "testElementDOM",
      "assertion_line": "70",
      "exception": "org.apache.commons.jxpath.JXPathNotFoundException",
      "message": "No value for xpath: /ElementA/B:ElementB"
    }
  ],
  "fixing_changes": [
    {
      "changed_type": "UPDATE",
      "changed_class": [
        "src/java/org/apache/commons/jxpath/ri/model/dom/DOMNodePointer.java",
        "src/java/org/apache/commons/jxpath/ri/model/dom/DOMNodePointer.java"
      ],
      "changed_functions": [
        {
          "qualified_names": [
            "org.apache.commons.jxpath.ri.model.dom.DOMNodePointer:testNode:[Node node, NodeTest test]:boolean"
          ],
          "num": 1
        },
        {
          "qualified_names": [
            "org.apache.commons.jxpath.ri.model.dom.DOMNodePointer:testNode:[Node node, NodeTest test]:boolean"
          ],
          "num": 1
        }
      ],
      "changed_lines": [
        {
          "qualified_names": [
            "108",
            "109"
          ],
          "num": 2
        },
        {
          "qualified_names": [
            "108"
          ],
          "num": 1
        }
      ],
      "diff": "diff --git a/src/java/org/apache/commons/jxpath/ri/model/dom/DOMNodePointer.java b/src/java/org/apache/commons/jxpath/ri/model/dom/DOMNodePointer.java\nindex 03efb68..de50adf 100644\n--- a/src/java/org/apache/commons/jxpath/ri/model/dom/DOMNodePointer.java\n+++ b/src/java/org/apache/commons/jxpath/ri/model/dom/DOMNodePointer.java\n@@ -105,8 +105,7 @@\n                 || testName.getName()\n                         .equals(DOMNodePointer.getLocalName(node))) {\n                 String nodeNS \u003d DOMNodePointer.getNamespaceURI(node);\n-                return equalStrings(namespaceURI, nodeNS) || nodeNS \u003d\u003d null\n-                        \u0026\u0026 equalStrings(testPrefix, getPrefix(node));\n+                return equalStrings(namespaceURI, nodeNS);\n             }\n             return false;\n         }\n",
      "operations": [
        {
          "type": "move-tree",
          "from": "",
          "to": ""
        },
        {
          "type": "delete-node",
          "from": "INFIX_EXPRESSION_OPERATOR: || [3925,3927]",
          "to": ""
        },
        {
          "type": "delete-tree",
          "from": "InfixExpression [3928,4011]",
          "to": ""
        },
        {
          "type": "delete-node",
          "from": "InfixExpression [3890,4011]",
          "to": ""
        }
      ]
    }
  ],
  "fixing_type": {
    "add_classes": {
      "qualified_names": [],
      "num": 0
    },
    "delete_classes": {
      "qualified_names": [],
      "num": 0
    },
    "add_functions": {
      "qualified_names": [],
      "num": 0
    },
    "delete_functions": {
      "qualified_names": [],
      "num": 0
    }
  }
}