{
  "logger": {
    "currentLogLevel": 20,
    "name": "root.bean.benchmarks.Defects4JBug"
  },
  "d4jCmd": "/home/liumengjiao/Desktop/defects4j/framework/bin/defects4j",
  "dataDir": "data/changesInfo/",
  "properties": {
    "trigger.tests": "com.fasterxml.jackson.databind.node.TestJsonNode::testArrayWithDefaultTyping",
    "test.dir": "src/test/java",
    "clz.modified": "com.fasterxml.jackson.databind.ObjectMapper",
    "src.dir": "src/main/java"
  },
  "timeoutSecond": 100,
  "proj": "JacksonDatabind",
  "id": "17",
  "workingDir": "../bugs/JacksonDatabind_17_tmp",
  "bug_name": "JacksonDatabind_17",
  "derive": "defects4j",
  "trigger_tests": [
    {
      "test_class": "com.fasterxml.jackson.databind.node.TestJsonNode",
      "test_function": "testArrayWithDefaultTyping",
      "assertion_line": "114",
      "exception": "com.fasterxml.jackson.databind.JsonMappingException",
      "message": "Unexpected token (VALUE_NUMBER_INT), expected VALUE_STRING: need JSON String that contains type id (for subtype of com.fasterxml.jackson.databind.JsonNode)"
    }
  ],
  "fixing_changes": [
    {
      "changed_type": "UPDATE",
      "changed_class": [
        "src/main/java/com/fasterxml/jackson/databind/ObjectMapper.java",
        "src/main/java/com/fasterxml/jackson/databind/ObjectMapper.java"
      ],
      "changed_functions": [
        {
          "qualified_names": [
            "com.fasterxml.jackson.databind.ObjectMapper\\$DefaultTypeResolverBuilder:useForType:[JavaType t]:boolean"
          ],
          "num": 1
        },
        {
          "qualified_names": [
            "com.fasterxml.jackson.databind.ObjectMapper\\$DefaultTypeResolverBuilder:useForType:[JavaType t]:boolean"
          ],
          "num": 1
        }
      ],
      "changed_lines": [
        {
          "qualified_names": [
            "180"
          ],
          "num": 1
        },
        {
          "qualified_names": [
            "180"
          ],
          "num": 1
        }
      ],
      "diff": "diff --git a/src/main/java/com/fasterxml/jackson/databind/ObjectMapper.java b/src/main/java/com/fasterxml/jackson/databind/ObjectMapper.java\nindex 643984b..3219944 100644\n--- a/src/main/java/com/fasterxml/jackson/databind/ObjectMapper.java\n+++ b/src/main/java/com/fasterxml/jackson/databind/ObjectMapper.java\n@@ -177,7 +177,7 @@\n                 return (t.getRawClass() \u003d\u003d Object.class)\n                         || (!t.isConcrete()\n                                 // [databind#88] Should not apply to JSON tree models:\n-                                \u0026\u0026 !TreeNode.class.isAssignableFrom(t.getRawClass()));\n+                        || TreeNode.class.isAssignableFrom(t.getRawClass()));\n \n             case NON_FINAL:\n                 while (t.isArrayType()) {\n",
      "operations": [
        {
          "type": "update-node",
          "from": "",
          "to": ""
        },
        {
          "type": "move-tree",
          "from": "",
          "to": ""
        },
        {
          "type": "delete-node",
          "from": "PREFIX_EXPRESSION_OPERATOR: ! [7613,7614]",
          "to": ""
        },
        {
          "type": "delete-node",
          "from": "PrefixExpression [7613,7662]",
          "to": ""
        }
      ]
    }
  ],
  "fixing_type": {
    "add_classes": {
      "qualified_names": [],
      "num": 0
    },
    "delete_classes": {
      "qualified_names": [],
      "num": 0
    },
    "add_functions": {
      "qualified_names": [],
      "num": 0
    },
    "delete_functions": {
      "qualified_names": [],
      "num": 0
    }
  }
}