{
  "logger": {
    "currentLogLevel": 20,
    "name": "root.bean.benchmarks.Defects4JBug"
  },
  "d4jCmd": "/home/liumengjiao/Desktop/defects4j/framework/bin/defects4j",
  "dataDir": "data/changesInfo/",
  "properties": {
    "trigger.tests": "org.apache.commons.codec.binary.StringUtilsTest::testNewStringNullInput_CODEC229",
    "test.dir": "src/test/java",
    "clz.modified": "org.apache.commons.codec.binary.StringUtils",
    "src.dir": "src/main/java"
  },
  "timeoutSecond": 100,
  "proj": "Codec",
  "id": "17",
  "workingDir": "../bugs/Codec_17_tmp",
  "bug_name": "Codec_17",
  "derive": "defects4j",
  "trigger_tests": [
    {
      "test_class": "org.apache.commons.codec.binary.StringUtilsTest",
      "test_function": "testNewStringNullInput_CODEC229",
      "assertion_line": "151",
      "exception": "java.lang.NullPointerException",
      "message": ""
    }
  ],
  "fixing_changes": [
    {
      "changed_type": "UPDATE",
      "changed_class": [
        "src/main/java/org/apache/commons/codec/binary/StringUtils.java",
        "src/main/java/org/apache/commons/codec/binary/StringUtils.java"
      ],
      "changed_functions": [
        {
          "qualified_names": [
            "org.apache.commons.codec.binary.StringUtils:newStringIso8859_1:[final byte[] bytes]:String"
          ],
          "num": 1
        },
        {
          "qualified_names": [
            "org.apache.commons.codec.binary.StringUtils:newStringIso8859_1:[final byte[] bytes]:String"
          ],
          "num": 1
        }
      ],
      "changed_lines": [
        {
          "qualified_names": [
            "339"
          ],
          "num": 1
        },
        {
          "qualified_names": [
            "339"
          ],
          "num": 1
        }
      ],
      "diff": "diff --git a/src/main/java/org/apache/commons/codec/binary/StringUtils.java b/src/main/java/org/apache/commons/codec/binary/StringUtils.java\nindex 7bb15e3..5b14ca0 100644\n--- a/src/main/java/org/apache/commons/codec/binary/StringUtils.java\n+++ b/src/main/java/org/apache/commons/codec/binary/StringUtils.java\n@@ -336,7 +336,7 @@\n      * @since As of 1.7, throws {@link NullPointerException} instead of UnsupportedEncodingException\n      */\n     public static String newStringIso8859_1(final byte[] bytes) {\n-        return newString(bytes, Charsets.ISO_8859_1);\n+        return new String(bytes, Charsets.ISO_8859_1);\n     }\n \n     /**\n",
      "operations": [
        {
          "type": "insert-node",
          "from": "",
          "to": "ClassInstanceCreation [15220,15258]"
        },
        {
          "type": "insert-tree",
          "from": "",
          "to": "SimpleType [15224,15230]"
        },
        {
          "type": "move-tree",
          "from": "",
          "to": ""
        },
        {
          "type": "move-tree",
          "from": "",
          "to": ""
        },
        {
          "type": "delete-node",
          "from": "SimpleName: newString [15220,15229]",
          "to": ""
        },
        {
          "type": "delete-node",
          "from": "METHOD_INVOCATION_ARGUMENTS [15230,15256]",
          "to": ""
        },
        {
          "type": "delete-node",
          "from": "MethodInvocation [15220,15257]",
          "to": ""
        }
      ]
    }
  ],
  "fixing_type": {
    "add_classes": {
      "qualified_names": [],
      "num": 0
    },
    "delete_classes": {
      "qualified_names": [],
      "num": 0
    },
    "add_functions": {
      "qualified_names": [],
      "num": 0
    },
    "delete_functions": {
      "qualified_names": [],
      "num": 0
    }
  }
}