{
  "logger": {
    "currentLogLevel": 20,
    "name": "root.bean.benchmarks.Defects4JBug"
  },
  "d4jCmd": "/home/liumengjiao/Desktop/defects4j/framework/bin/defects4j",
  "dataDir": "data/changesInfo/",
  "properties": {
    "trigger.tests": "com.fasterxml.jackson.databind.TestStdDateFormat::testLenient",
    "test.dir": "src/test/java",
    "clz.modified": "com.fasterxml.jackson.databind.util.StdDateFormat",
    "src.dir": "src/main/java"
  },
  "timeoutSecond": 100,
  "proj": "JacksonDatabind",
  "id": "36",
  "workingDir": "../bugs/JacksonDatabind_36_tmp",
  "bug_name": "JacksonDatabind_36",
  "derive": "defects4j",
  "trigger_tests": [
    {
      "test_class": "com.fasterxml.jackson.databind.TestStdDateFormat",
      "test_function": "testLenient",
      "assertion_line": "29",
      "exception": "java.lang.NullPointerException",
      "message": ""
    }
  ],
  "fixing_changes": [
    {
      "changed_type": "UPDATE",
      "changed_class": [
        "src/main/java/com/fasterxml/jackson/databind/util/StdDateFormat.java",
        "src/main/java/com/fasterxml/jackson/databind/util/StdDateFormat.java"
      ],
      "changed_functions": [
        {
          "qualified_names": [
            "com.fasterxml.jackson.databind.util.StdDateFormat:_cloneFormat:[DateFormat df, String format, TimeZone tz, Locale loc, Boolean lenient]:DateFormat",
            "com.fasterxml.jackson.databind.util.StdDateFormat:setLenient:[boolean enabled]:void"
          ],
          "num": 2
        },
        {
          "qualified_names": [
            "com.fasterxml.jackson.databind.util.StdDateFormat:isLenient:[]:boolean"
          ],
          "num": 1
        }
      ],
      "changed_lines": [
        {
          "qualified_names": [
            "250",
            "251",
            "252",
            "253",
            "254",
            "256",
            "257",
            "258",
            "565",
            "566",
            "567"
          ],
          "num": 11
        },
        {
          "qualified_names": [
            "249",
            "572"
          ],
          "num": 2
        }
      ],
      "diff": "diff --git a/src/main/java/com/fasterxml/jackson/databind/util/StdDateFormat.java b/src/main/java/com/fasterxml/jackson/databind/util/StdDateFormat.java\nindex 3dddd77..c788c62 100644\n--- a/src/main/java/com/fasterxml/jackson/databind/util/StdDateFormat.java\n+++ b/src/main/java/com/fasterxml/jackson/databind/util/StdDateFormat.java\n@@ -247,15 +247,7 @@\n      * and not via underlying {@link Calendar} instance like base class\n      * does.\n      */\n-    @Override // since 2.7\n-    public void setLenient(boolean enabled) {\n-        Boolean newValue \u003d enabled;\n-        if (_lenient !\u003d newValue) {\n-            _lenient \u003d newValue;\n             // and since leniency settings may have been used:\n-            _clearFormats();\n-        }\n-    }\n \n     @Override // since 2.7\n     public boolean isLenient() {\n@@ -562,9 +554,6 @@\n                 df.setTimeZone(tz);\n             }\n         }\n-        if (lenient !\u003d null) {\n-            df.setLenient(lenient.booleanValue());\n-        }\n         return df;\n     }\n \n",
      "operations": [
        {
          "type": "insert-tree",
          "from": "",
          "to": "Javadoc [7737,7906]"
        },
        {
          "type": "delete-tree",
          "from": "MethodDeclaration [7737,8192]",
          "to": ""
        },
        {
          "type": "delete-tree",
          "from": "IfStatement [19706,19789]",
          "to": ""
        }
      ]
    }
  ],
  "fixing_type": {
    "add_classes": {
      "qualified_names": [],
      "num": 0
    },
    "delete_classes": {
      "qualified_names": [],
      "num": 0
    },
    "add_functions": {
      "qualified_names": [
        "com.fasterxml.jackson.databind.util.StdDateFormat:isLenient:[]:boolean"
      ],
      "num": 1
    },
    "delete_functions": {
      "qualified_names": [
        "com.fasterxml.jackson.databind.util.StdDateFormat:_cloneFormat:[DateFormat df, String format, TimeZone tz, Locale loc, Boolean lenient]:DateFormat",
        "com.fasterxml.jackson.databind.util.StdDateFormat:setLenient:[boolean enabled]:void"
      ],
      "num": 2
    }
  }
}