{
  "logger": {
    "currentLogLevel": 20,
    "name": "root.bean.benchmarks.Defects4JBug"
  },
  "d4jCmd": "/home/liumengjiao/Desktop/defects4j/framework/bin/defects4j",
  "dataDir": "data/changesInfo/",
  "properties": {
    "trigger.tests": "com.fasterxml.jackson.databind.filter.IgnorePropertyOnDeserTest::testIgnoreGetterNotSetter1595",
    "test.dir": "src/test/java",
    "clz.modified": "com.fasterxml.jackson.databind.deser.BeanDeserializerFactory",
    "src.dir": "src/main/java"
  },
  "timeoutSecond": 100,
  "proj": "JacksonDatabind",
  "id": "82",
  "workingDir": "../bugs/JacksonDatabind_82_tmp",
  "bug_name": "JacksonDatabind_82",
  "derive": "defects4j",
  "trigger_tests": [
    {
      "test_class": "com.fasterxml.jackson.databind.filter.IgnorePropertyOnDeserTest",
      "test_function": "testIgnoreGetterNotSetter1595",
      "assertion_line": "89",
      "exception": "junit.framework.ComparisonFailure",
      "message": "expected:\u003cjack\u003e but was:\u003cnull\u003e"
    }
  ],
  "fixing_changes": [
    {
      "changed_type": "UPDATE",
      "changed_class": [
        "src/main/java/com/fasterxml/jackson/databind/deser/BeanDeserializerFactory.java",
        "src/main/java/com/fasterxml/jackson/databind/deser/BeanDeserializerFactory.java"
      ],
      "changed_functions": [
        {
          "qualified_names": [
            "com.fasterxml.jackson.databind.deser.BeanDeserializerFactory:addBeanProps:[DeserializationContext ctxt, BeanDescription beanDesc, BeanDeserializerBuilder builder]:void"
          ],
          "num": 1
        },
        {
          "qualified_names": [
            "com.fasterxml.jackson.databind.deser.BeanDeserializerFactory:addBeanProps:[DeserializationContext ctxt, BeanDescription beanDesc, BeanDeserializerBuilder builder]:void"
          ],
          "num": 1
        }
      ],
      "changed_lines": [
        {
          "qualified_names": [
            "495"
          ],
          "num": 1
        },
        {
          "qualified_names": [
            "495"
          ],
          "num": 1
        }
      ],
      "diff": "diff --git a/src/main/java/com/fasterxml/jackson/databind/deser/BeanDeserializerFactory.java b/src/main/java/com/fasterxml/jackson/databind/deser/BeanDeserializerFactory.java\nindex 1423f28..4b0434e 100644\n--- a/src/main/java/com/fasterxml/jackson/databind/deser/BeanDeserializerFactory.java\n+++ b/src/main/java/com/fasterxml/jackson/databind/deser/BeanDeserializerFactory.java\n@@ -492,7 +492,7 @@\n             boolean ignoreAny \u003d ignorals.getIgnoreUnknown();\n             builder.setIgnoreUnknownProperties(ignoreAny);\n             // Or explicit/implicit definitions?\n-            ignored \u003d ignorals.findIgnoredForDeserialization();\n+            ignored \u003d ignorals.getIgnored();\n             for (String propName : ignored) {\n                 builder.addIgnorable(propName);\n             }\n",
      "operations": [
        {
          "type": "update-node",
          "from": "",
          "to": ""
        }
      ]
    }
  ],
  "fixing_type": {
    "add_classes": {
      "qualified_names": [],
      "num": 0
    },
    "delete_classes": {
      "qualified_names": [],
      "num": 0
    },
    "add_functions": {
      "qualified_names": [],
      "num": 0
    },
    "delete_functions": {
      "qualified_names": [],
      "num": 0
    }
  }
}