{
  "logger": {
    "currentLogLevel": 20,
    "name": "root.bean.benchmarks.Defects4JBug"
  },
  "d4jCmd": "/home/liumengjiao/Desktop/defects4j/framework/bin/defects4j",
  "dataDir": "data/changesInfo/",
  "properties": {
    "trigger.tests": "org.mockito.internal.stubbing.defaultanswers.ReturnsSmartNullsTest::shouldPrintTheParametersOnSmartNullPointerExceptionMessage",
    "test.dir": "test",
    "clz.modified": "org.mockito.exceptions.Reporter,org.mockito.internal.stubbing.defaultanswers.ReturnsSmartNulls",
    "src.dir": "src"
  },
  "timeoutSecond": 100,
  "proj": "Mockito",
  "id": "30",
  "workingDir": "../bugs/Mockito_30_tmp",
  "bug_name": "Mockito_30",
  "derive": "defects4j",
  "trigger_tests": [
    {
      "test_class": "org.mockito.internal.stubbing.defaultanswers.ReturnsSmartNullsTest",
      "test_function": "shouldPrintTheParametersOnSmartNullPointerExceptionMessage",
      "assertion_line": "71",
      "exception": "junit.framework.AssertionFailedError",
      "message": "Exception message should include oompa and lumpa, but was:"
    }
  ],
  "fixing_changes": [
    {
      "changed_type": "UPDATE",
      "changed_class": [
        "src/org/mockito/exceptions/Reporter.java",
        "src/org/mockito/exceptions/Reporter.java"
      ],
      "changed_functions": [
        {
          "qualified_names": [
            "org.mockito.exceptions.Reporter:smartNullPointerException:[Object obj, Location location]:void"
          ],
          "num": 1
        },
        {
          "qualified_names": [
            "org.mockito.exceptions.Reporter:smartNullPointerException:[Location location]:void"
          ],
          "num": 1
        }
      ],
      "changed_lines": [
        {
          "qualified_names": [
            "438",
            "442"
          ],
          "num": 2
        },
        {
          "qualified_names": [
            "438"
          ],
          "num": 1
        }
      ],
      "diff": "diff --git a/src/org/mockito/exceptions/Reporter.java b/src/org/mockito/exceptions/Reporter.java\nindex 5900574..5e46a2b 100644\n--- a/src/org/mockito/exceptions/Reporter.java\n+++ b/src/org/mockito/exceptions/Reporter.java\n@@ -435,11 +435,10 @@\n                 ));\n     }\n \n-    public void smartNullPointerException(Object obj, Location location) {\n+    public void smartNullPointerException(Location location) {\n         throw new SmartNullPointerException(join(\n                 \"You have a NullPointerException here:\",\n                 new Location(),\n-                obj,\n                 \"Because this method was *not* stubbed correctly:\",\n                 location,\n                 \"\"\n",
      "operations": [
        {
          "type": "delete-tree",
          "from": "SingleVariableDeclaration [18521,18531]",
          "to": ""
        },
        {
          "type": "delete-node",
          "from": "SimpleName: obj [18709,18712]",
          "to": ""
        }
      ]
    },
    {
      "changed_type": "UPDATE",
      "changed_class": [
        "src/org/mockito/internal/stubbing/defaultanswers/ReturnsSmartNulls.java",
        "src/org/mockito/internal/stubbing/defaultanswers/ReturnsSmartNulls.java"
      ],
      "changed_functions": [
        {
          "qualified_names": [
            "org.mockito.internal.stubbing.defaultanswers.ReturnsSmartNulls\\$ThrowingInterceptor:intercept:[Object obj, Method method, Object[] args, MethodProxy proxy]:Object"
          ],
          "num": 1
        },
        {
          "qualified_names": [
            "org.mockito.internal.stubbing.defaultanswers.ReturnsSmartNulls\\$ThrowingInterceptor:intercept:[Object obj, Method method, Object[] args, MethodProxy proxy]:Object"
          ],
          "num": 1
        }
      ],
      "changed_lines": [
        {
          "qualified_names": [
            "56"
          ],
          "num": 1
        },
        {
          "qualified_names": [
            "56"
          ],
          "num": 1
        }
      ],
      "diff": "diff --git a/src/org/mockito/internal/stubbing/defaultanswers/ReturnsSmartNulls.java b/src/org/mockito/internal/stubbing/defaultanswers/ReturnsSmartNulls.java\nindex 928f314..4942d7c 100644\n--- a/src/org/mockito/internal/stubbing/defaultanswers/ReturnsSmartNulls.java\n+++ b/src/org/mockito/internal/stubbing/defaultanswers/ReturnsSmartNulls.java\n@@ -53,7 +53,7 @@\n                 return \"SmartNull returned by unstubbed \" + formatMethodCall()  + \" method on mock\";\r\n             }\r\n \r\n-            new Reporter().smartNullPointerException(obj, location);\r\n+            new Reporter().smartNullPointerException(location);\r\n             return null;\r\n         }\r\n \r\n",
      "operations": [
        {
          "type": "delete-node",
          "from": "SimpleName: obj [2374,2377]",
          "to": ""
        }
      ]
    }
  ],
  "fixing_type": {
    "add_classes": {
      "qualified_names": [],
      "num": 0
    },
    "delete_classes": {
      "qualified_names": [],
      "num": 0
    },
    "add_functions": {
      "qualified_names": [
        "org.mockito.exceptions.Reporter:smartNullPointerException:[Location location]:void"
      ],
      "num": 1
    },
    "delete_functions": {
      "qualified_names": [
        "org.mockito.exceptions.Reporter:smartNullPointerException:[Object obj, Location location]:void"
      ],
      "num": 1
    }
  }
}