{
  "logger": {
    "currentLogLevel": 20,
    "name": "root.bean.benchmarks.Defects4JBug"
  },
  "d4jCmd": "/home/liumengjiao/Desktop/defects4j/framework/bin/defects4j",
  "dataDir": "data/changesInfo/",
  "properties": {
    "trigger.tests": "com.google.javascript.jscomp.IntegrationTest::testIssue787",
    "test.dir": "test",
    "clz.modified": "com.google.javascript.jscomp.PeepholeOptimizationsPass",
    "src.dir": "src"
  },
  "timeoutSecond": 100,
  "proj": "Closure",
  "id": "13",
  "workingDir": "../bugs/Closure_13_tmp",
  "bug_name": "Closure_13",
  "derive": "defects4j",
  "trigger_tests": [
    {
      "test_class": "com.google.javascript.jscomp.IntegrationTest",
      "test_function": "testIssue787",
      "assertion_line": "2262",
      "exception": "junit.framework.AssertionFailedError",
      "message": "Expected: function some_function(){var a,b;any_expression\u0026\u0026(b\u003dexternal_ref,a\u003dfunction(){return b()});return{method1:function(){a\u0026\u0026a();return!0},method2:function(){return!1}}}\nResult: function some_function(){var a,b;any_expression\u0026\u0026(b\u003dexternal_ref,a\u003dfunction(){return b()});return{method1:function(){a\u0026\u0026a();return true},method2:function(){return false}}}"
    }
  ],
  "fixing_changes": [
    {
      "changed_type": "UPDATE",
      "changed_class": [
        "src/com/google/javascript/jscomp/PeepholeOptimizationsPass.java",
        "src/com/google/javascript/jscomp/PeepholeOptimizationsPass.java"
      ],
      "changed_functions": [
        {
          "qualified_names": [
            "com.google.javascript.jscomp.PeepholeOptimizationsPass:traverse:[Node node]:void"
          ],
          "num": 1
        },
        {
          "qualified_names": [
            "com.google.javascript.jscomp.PeepholeOptimizationsPass:traverse:[Node node]:void"
          ],
          "num": 1
        }
      ],
      "changed_lines": [
        {
          "qualified_names": [
            "126"
          ],
          "num": 1
        },
        {
          "qualified_names": [
            "127"
          ],
          "num": 1
        }
      ],
      "diff": "diff --git a/src/com/google/javascript/jscomp/PeepholeOptimizationsPass.java b/src/com/google/javascript/jscomp/PeepholeOptimizationsPass.java\nindex eeeb6a9..b51c088 100644\n--- a/src/com/google/javascript/jscomp/PeepholeOptimizationsPass.java\n+++ b/src/com/google/javascript/jscomp/PeepholeOptimizationsPass.java\n@@ -123,8 +123,8 @@\n     do {\n       Node c \u003d node.getFirstChild();\n       while(c !\u003d null) {\n-        Node next \u003d c.getNext();\n         traverse(c);\n+        Node next \u003d c.getNext();\n         c \u003d next;\n       }\n \n",
      "operations": [
        {
          "type": "move-tree",
          "from": "",
          "to": ""
        }
      ]
    }
  ],
  "fixing_type": {
    "add_classes": {
      "qualified_names": [],
      "num": 0
    },
    "delete_classes": {
      "qualified_names": [],
      "num": 0
    },
    "add_functions": {
      "qualified_names": [],
      "num": 0
    },
    "delete_functions": {
      "qualified_names": [],
      "num": 0
    }
  }
}