{
  "logger": {
    "currentLogLevel": 20,
    "name": "root.bean.benchmarks.Defects4JBug"
  },
  "d4jCmd": "/home/liumengjiao/Desktop/defects4j/framework/bin/defects4j",
  "dataDir": "data/changesInfo/",
  "properties": {
    "trigger.tests": "com.fasterxml.jackson.databind.interop.DeprecatedTypeHandling1102Test::testDeprecatedTypeResolution",
    "test.dir": "src/test/java",
    "clz.modified": "com.fasterxml.jackson.databind.type.TypeFactory",
    "src.dir": "src/main/java"
  },
  "timeoutSecond": 100,
  "proj": "JacksonDatabind",
  "id": "41",
  "workingDir": "../bugs/JacksonDatabind_41_tmp",
  "bug_name": "JacksonDatabind_41",
  "derive": "defects4j",
  "trigger_tests": [
    {
      "test_class": "com.fasterxml.jackson.databind.interop.DeprecatedTypeHandling1102Test",
      "test_function": "testDeprecatedTypeResolution",
      "assertion_line": "102",
      "exception": "java.lang.IllegalArgumentException",
      "message": "Unrecognized Type: [null]"
    }
  ],
  "fixing_changes": [
    {
      "changed_type": "UPDATE",
      "changed_class": [
        "src/main/java/com/fasterxml/jackson/databind/type/TypeFactory.java",
        "src/main/java/com/fasterxml/jackson/databind/type/TypeFactory.java"
      ],
      "changed_functions": [
        {
          "qualified_names": [
            "com.fasterxml.jackson.databind.type.TypeFactory:constructType:[Type type, Class\u003c?\u003e contextClass]:JavaType",
            "com.fasterxml.jackson.databind.type.TypeFactory:constructType:[Type type, JavaType contextType]:JavaType"
          ],
          "num": 2
        },
        {
          "qualified_names": [
            "com.fasterxml.jackson.databind.type.TypeFactory:constructType:[Type type, Class\u003c?\u003e contextClass]:JavaType",
            "com.fasterxml.jackson.databind.type.TypeFactory:constructType:[Type type, JavaType contextType]:JavaType"
          ],
          "num": 2
        }
      ],
      "changed_lines": [
        {
          "qualified_names": [
            "602",
            "603",
            "604",
            "612",
            "613",
            "614"
          ],
          "num": 6
        },
        {
          "qualified_names": [
            "602",
            "610"
          ],
          "num": 2
        }
      ],
      "diff": "diff --git a/src/main/java/com/fasterxml/jackson/databind/type/TypeFactory.java b/src/main/java/com/fasterxml/jackson/databind/type/TypeFactory.java\nindex bedf749..6c43863 100644\n--- a/src/main/java/com/fasterxml/jackson/databind/type/TypeFactory.java\n+++ b/src/main/java/com/fasterxml/jackson/databind/type/TypeFactory.java\n@@ -599,9 +599,7 @@\n      */\n     @Deprecated\n     public JavaType constructType(Type type, Class\u003c?\u003e contextClass) {\n-        TypeBindings bindings \u003d (contextClass \u003d\u003d null)\n-                ? TypeBindings.emptyBindings() : constructType(contextClass).getBindings();\n-        return _fromAny(null, type, bindings);\n+        return constructType(type, constructType(contextClass));\n     }\n \n     /**\n@@ -609,9 +607,7 @@\n      */\n     @Deprecated\n     public JavaType constructType(Type type, JavaType contextType) {\n-        TypeBindings bindings \u003d (contextType \u003d\u003d null)\n-                ? TypeBindings.emptyBindings() : contextType.getBindings();\n-        return _fromAny(null, type, bindings);\n+        return _fromAny(null, type, contextType.getBindings());\n     }\n \n     /*\n",
      "operations": [
        {
          "type": "insert-node",
          "from": "",
          "to": "ReturnStatement [23345,23401]"
        },
        {
          "type": "move-tree",
          "from": "",
          "to": ""
        },
        {
          "type": "update-node",
          "from": "",
          "to": ""
        },
        {
          "type": "insert-node",
          "from": "",
          "to": "METHOD_INVOCATION_ARGUMENTS [23366,23399]"
        },
        {
          "type": "insert-node",
          "from": "",
          "to": "SimpleName: type [23366,23370]"
        },
        {
          "type": "move-tree",
          "from": "",
          "to": ""
        },
        {
          "type": "move-tree",
          "from": "",
          "to": ""
        },
        {
          "type": "delete-node",
          "from": "METHOD_INVOCATION_RECEIVER [23441,23468]",
          "to": ""
        },
        {
          "type": "delete-tree",
          "from": "SimpleType [23345,23357]",
          "to": ""
        },
        {
          "type": "delete-node",
          "from": "SimpleName: bindings [23358,23366]",
          "to": ""
        },
        {
          "type": "delete-tree",
          "from": "ParenthesizedExpression [23369,23391]",
          "to": ""
        },
        {
          "type": "delete-tree",
          "from": "MethodInvocation [23410,23438]",
          "to": ""
        },
        {
          "type": "delete-node",
          "from": "ConditionalExpression [23369,23482]",
          "to": ""
        },
        {
          "type": "delete-node",
          "from": "VariableDeclarationFragment [23358,23482]",
          "to": ""
        },
        {
          "type": "delete-node",
          "from": "VariableDeclarationStatement [23345,23483]",
          "to": ""
        },
        {
          "type": "delete-tree",
          "from": "ReturnStatement [23492,23530]",
          "to": ""
        },
        {
          "type": "delete-tree",
          "from": "SimpleType [23729,23741]",
          "to": ""
        },
        {
          "type": "delete-node",
          "from": "SimpleName: bindings [23742,23750]",
          "to": ""
        },
        {
          "type": "delete-tree",
          "from": "ParenthesizedExpression [23753,23774]",
          "to": ""
        },
        {
          "type": "delete-tree",
          "from": "MethodInvocation [23793,23821]",
          "to": ""
        },
        {
          "type": "delete-node",
          "from": "ConditionalExpression [23753,23849]",
          "to": ""
        },
        {
          "type": "delete-node",
          "from": "VariableDeclarationFragment [23742,23849]",
          "to": ""
        },
        {
          "type": "delete-node",
          "from": "VariableDeclarationStatement [23729,23850]",
          "to": ""
        },
        {
          "type": "delete-node",
          "from": "SimpleName: bindings [23887,23895]",
          "to": ""
        }
      ]
    }
  ],
  "fixing_type": {
    "add_classes": {
      "qualified_names": [],
      "num": 0
    },
    "delete_classes": {
      "qualified_names": [],
      "num": 0
    },
    "add_functions": {
      "qualified_names": [],
      "num": 0
    },
    "delete_functions": {
      "qualified_names": [],
      "num": 0
    }
  }
}