{
  "logger": {
    "currentLogLevel": 20,
    "name": "root.bean.benchmarks.Defects4JBug"
  },
  "d4jCmd": "/home/liumengjiao/Desktop/defects4j/framework/bin/defects4j",
  "dataDir": "data/changesInfo/",
  "properties": {
    "trigger.tests": "org.apache.commons.compress.archivers.tar.TarUtilsTest::testRoundTripOctalOrBinary8",
    "test.dir": "src/test/java",
    "clz.modified": "org.apache.commons.compress.archivers.tar.TarUtils",
    "src.dir": "src/main/java"
  },
  "timeoutSecond": 100,
  "proj": "Compress",
  "id": "45",
  "workingDir": "../bugs/Compress_45_tmp",
  "bug_name": "Compress_45",
  "derive": "defects4j",
  "trigger_tests": [
    {
      "test_class": "org.apache.commons.compress.archivers.tar.TarUtilsTest",
      "test_function": "testRoundTripOctalOrBinary8",
      "assertion_line": "148",
      "exception": "java.lang.IllegalArgumentException",
      "message": "Value -72057594037927935 is too large for 8 byte field."
    }
  ],
  "fixing_changes": [
    {
      "changed_type": "UPDATE",
      "changed_class": [
        "src/main/java/org/apache/commons/compress/archivers/tar/TarUtils.java",
        "src/main/java/org/apache/commons/compress/archivers/tar/TarUtils.java"
      ],
      "changed_functions": [
        {
          "qualified_names": [
            "org.apache.commons.compress.archivers.tar.TarUtils:formatLongOctalOrBinaryBytes:[final long value, final byte[] buf, final int offset, final int length]:int"
          ],
          "num": 1
        },
        {
          "qualified_names": [
            "org.apache.commons.compress.archivers.tar.TarUtils:formatLongOctalOrBinaryBytes:[final long value, final byte[] buf, final int offset, final int length]:int"
          ],
          "num": 1
        }
      ],
      "changed_lines": [
        {
          "qualified_names": [
            "487",
            "488"
          ],
          "num": 2
        },
        {
          "qualified_names": [
            "488"
          ],
          "num": 1
        }
      ],
      "diff": "diff --git a/src/main/java/org/apache/commons/compress/archivers/tar/TarUtils.java b/src/main/java/org/apache/commons/compress/archivers/tar/TarUtils.java\nindex d132d9d..39ce5c1 100644\n--- a/src/main/java/org/apache/commons/compress/archivers/tar/TarUtils.java\n+++ b/src/main/java/org/apache/commons/compress/archivers/tar/TarUtils.java\n@@ -484,9 +484,8 @@\n \n         if (length \u003c 9) {\n             formatLongBinary(value, buf, offset, length, negative);\n-        } else {\n-            formatBigIntegerBinary(value, buf, offset, length, negative);\n         }\n+        formatBigIntegerBinary(value, buf, offset, length, negative);\n \n         buf[offset] \u003d (byte) (negative ? 0xff : 0x80);\n         return offset + length;\n",
      "operations": [
        {
          "type": "move-tree",
          "from": "",
          "to": ""
        },
        {
          "type": "delete-node",
          "from": "Block [19009,19094]",
          "to": ""
        }
      ]
    }
  ],
  "fixing_type": {
    "add_classes": {
      "qualified_names": [],
      "num": 0
    },
    "delete_classes": {
      "qualified_names": [],
      "num": 0
    },
    "add_functions": {
      "qualified_names": [],
      "num": 0
    },
    "delete_functions": {
      "qualified_names": [],
      "num": 0
    }
  }
}