{
  "logger": {
    "currentLogLevel": 20,
    "name": "root.bean.benchmarks.Defects4JBug"
  },
  "d4jCmd": "/home/liumengjiao/Desktop/defects4j/framework/bin/defects4j",
  "dataDir": "data/changesInfo/",
  "properties": {
    "trigger.tests": "com.fasterxml.jackson.databind.struct.TestUnwrapped::testCaseInsensitiveUnwrap",
    "test.dir": "src/test/java",
    "clz.modified": "com.fasterxml.jackson.databind.deser.impl.BeanPropertyMap",
    "src.dir": "src/main/java"
  },
  "timeoutSecond": 100,
  "proj": "JacksonDatabind",
  "id": "70",
  "workingDir": "../bugs/JacksonDatabind_70_tmp",
  "bug_name": "JacksonDatabind_70",
  "derive": "defects4j",
  "trigger_tests": [
    {
      "test_class": "com.fasterxml.jackson.databind.struct.TestUnwrapped",
      "test_function": "testCaseInsensitiveUnwrap",
      "assertion_line": "215",
      "exception": "java.util.NoSuchElementException",
      "message": "No entry \u0027businessAddress\u0027 found, can\u0027t remove"
    }
  ],
  "fixing_changes": [
    {
      "changed_type": "UPDATE",
      "changed_class": [
        "src/main/java/com/fasterxml/jackson/databind/deser/impl/BeanPropertyMap.java",
        "src/main/java/com/fasterxml/jackson/databind/deser/impl/BeanPropertyMap.java"
      ],
      "changed_functions": [
        {
          "qualified_names": [
            "com.fasterxml.jackson.databind.deser.impl.BeanPropertyMap:remove:[SettableBeanProperty propToRm]:void"
          ],
          "num": 1
        },
        {
          "qualified_names": [
            "com.fasterxml.jackson.databind.deser.impl.BeanPropertyMap:remove:[SettableBeanProperty propToRm]:void"
          ],
          "num": 1
        }
      ],
      "changed_lines": [
        {
          "qualified_names": [
            "440"
          ],
          "num": 1
        },
        {
          "qualified_names": [
            "440"
          ],
          "num": 1
        }
      ],
      "diff": "diff --git a/src/main/java/com/fasterxml/jackson/databind/deser/impl/BeanPropertyMap.java b/src/main/java/com/fasterxml/jackson/databind/deser/impl/BeanPropertyMap.java\nindex 8031ee0..dc79189 100644\n--- a/src/main/java/com/fasterxml/jackson/databind/deser/impl/BeanPropertyMap.java\n+++ b/src/main/java/com/fasterxml/jackson/databind/deser/impl/BeanPropertyMap.java\n@@ -437,7 +437,7 @@\n             if (!found) {\n                 // 09-Jan-2017, tatu: Important: must check name slot and NOT property name,\n                 //   as only former is lower-case in case-insensitive case\n-                found \u003d key.equals(_hashArea[i-1]);\n+                found \u003d key.equals(prop.getName());\n                 if (found) {\n                     // need to leave a hole here\n                     _propsInOrder[_findFromOrdered(prop)] \u003d null;\n",
      "operations": [
        {
          "type": "insert-tree",
          "from": "",
          "to": "MethodInvocation [14913,14927]"
        },
        {
          "type": "delete-tree",
          "from": "ArrayAccess [14913,14927]",
          "to": ""
        }
      ]
    }
  ],
  "fixing_type": {
    "add_classes": {
      "qualified_names": [],
      "num": 0
    },
    "delete_classes": {
      "qualified_names": [],
      "num": 0
    },
    "add_functions": {
      "qualified_names": [],
      "num": 0
    },
    "delete_functions": {
      "qualified_names": [],
      "num": 0
    }
  }
}