{
  "logger": {
    "currentLogLevel": 20,
    "name": "root.bean.benchmarks.Defects4JBug"
  },
  "d4jCmd": "/home/liumengjiao/Desktop/defects4j/framework/bin/defects4j",
  "dataDir": "data/changesInfo/",
  "properties": {
    "trigger.tests": "com.fasterxml.jackson.databind.module.TestCustomEnumKeyDeserializer::testCustomEnumValueAndKeyViaModifier",
    "test.dir": "src/test/java",
    "clz.modified": "com.fasterxml.jackson.databind.deser.BasicDeserializerFactory",
    "src.dir": "src/main/java"
  },
  "timeoutSecond": 100,
  "proj": "JacksonDatabind",
  "id": "67",
  "workingDir": "../bugs/JacksonDatabind_67_tmp",
  "bug_name": "JacksonDatabind_67",
  "derive": "defects4j",
  "trigger_tests": [
    {
      "test_class": "com.fasterxml.jackson.databind.module.TestCustomEnumKeyDeserializer",
      "test_function": "testCustomEnumValueAndKeyViaModifier",
      "assertion_line": "275",
      "exception": "com.fasterxml.jackson.databind.exc.InvalidFormatException",
      "message": "Can not deserialize Map key of type com.fasterxml.jackson.databind.module.TestCustomEnumKeyDeserializer$KeyEnum from String \"REPlaceMENTS\": not a valid representation, problem: (com.fasterxml.jackson.databind.exc.InvalidFormatException) Can not deserialize Map key of type com.fasterxml.jackson.databind.module.TestCustomEnumKeyDeserializer$KeyEnum from String \"REPlaceMENTS\": not one of values excepted for Enum class: [rootDirectory, replacements, licenseString]"
    }
  ],
  "fixing_changes": [
    {
      "changed_type": "UPDATE",
      "changed_class": [
        "src/main/java/com/fasterxml/jackson/databind/deser/BasicDeserializerFactory.java",
        "src/main/java/com/fasterxml/jackson/databind/deser/BasicDeserializerFactory.java"
      ],
      "changed_functions": [
        {
          "qualified_names": [
            "com.fasterxml.jackson.databind.deser.BasicDeserializerFactory:createKeyDeserializer:[DeserializationContext ctxt, JavaType type]:KeyDeserializer"
          ],
          "num": 1
        },
        {
          "qualified_names": [
            "com.fasterxml.jackson.databind.deser.BasicDeserializerFactory:createKeyDeserializer:[DeserializationContext ctxt, JavaType type]:KeyDeserializer"
          ],
          "num": 1
        }
      ],
      "changed_lines": [
        {
          "qualified_names": [
            "1403",
            "1404",
            "1405"
          ],
          "num": 3
        },
        {
          "qualified_names": [
            "1403",
            "1405"
          ],
          "num": 2
        }
      ],
      "diff": "diff --git a/src/main/java/com/fasterxml/jackson/databind/deser/BasicDeserializerFactory.java b/src/main/java/com/fasterxml/jackson/databind/deser/BasicDeserializerFactory.java\nindex ade4b73..7d6a7bf 100644\n--- a/src/main/java/com/fasterxml/jackson/databind/deser/BasicDeserializerFactory.java\n+++ b/src/main/java/com/fasterxml/jackson/databind/deser/BasicDeserializerFactory.java\n@@ -1400,10 +1400,9 @@\n         // the only non-standard thing is this:\n         if (deser \u003d\u003d null) {\n             if (type.isEnumType()) {\n-                deser \u003d _createEnumKeyDeserializer(ctxt, type);\n-            } else {\n-                deser \u003d StdKeyDeserializers.findStringBasedKeyDeserializer(config, type);\n+                return _createEnumKeyDeserializer(ctxt, type);\n             }\n+            deser \u003d StdKeyDeserializers.findStringBasedKeyDeserializer(config, type);\n         }\n         // and then post-processing\n         if (deser !\u003d null) {\n",
      "operations": [
        {
          "type": "move-tree",
          "from": "",
          "to": ""
        },
        {
          "type": "move-tree",
          "from": "",
          "to": ""
        },
        {
          "type": "move-tree",
          "from": "",
          "to": ""
        },
        {
          "type": "insert-node",
          "from": "",
          "to": "ReturnStatement [64651,64697]"
        },
        {
          "type": "move-tree",
          "from": "",
          "to": ""
        },
        {
          "type": "move-tree",
          "from": "",
          "to": ""
        },
        {
          "type": "move-tree",
          "from": "",
          "to": ""
        },
        {
          "type": "move-tree",
          "from": "",
          "to": ""
        },
        {
          "type": "move-tree",
          "from": "",
          "to": ""
        },
        {
          "type": "move-tree",
          "from": "",
          "to": ""
        },
        {
          "type": "move-tree",
          "from": "",
          "to": ""
        },
        {
          "type": "delete-node",
          "from": "SimpleName: deser [64651,64656]",
          "to": ""
        },
        {
          "type": "delete-node",
          "from": "ASSIGNMENT_OPERATOR: \u003d [64657,64658]",
          "to": ""
        },
        {
          "type": "delete-node",
          "from": "Assignment [64651,64697]",
          "to": ""
        },
        {
          "type": "delete-node",
          "from": "ExpressionStatement [64651,64698]",
          "to": ""
        },
        {
          "type": "delete-node",
          "from": "Block [64718,64823]",
          "to": ""
        },
        {
          "type": "multi-move-tree",
          "from": "",
          "to": ""
        },
        {
          "type": "multi-move-tree",
          "from": "",
          "to": ""
        },
        {
          "type": "multi-move-tree",
          "from": "",
          "to": ""
        },
        {
          "type": "multi-move-tree",
          "from": "",
          "to": ""
        },
        {
          "type": "multi-move-tree",
          "from": "",
          "to": ""
        },
        {
          "type": "multi-move-tree",
          "from": "",
          "to": ""
        },
        {
          "type": "multi-move-tree",
          "from": "",
          "to": ""
        },
        {
          "type": "multi-move-tree",
          "from": "",
          "to": ""
        },
        {
          "type": "multi-move-tree",
          "from": "",
          "to": ""
        },
        {
          "type": "multi-move-tree",
          "from": "",
          "to": ""
        },
        {
          "type": "multi-move-tree",
          "from": "",
          "to": ""
        },
        {
          "type": "multi-move-tree",
          "from": "",
          "to": ""
        },
        {
          "type": "multi-move-tree",
          "from": "",
          "to": ""
        },
        {
          "type": "multi-move-tree",
          "from": "",
          "to": ""
        },
        {
          "type": "multi-move-tree",
          "from": "",
          "to": ""
        },
        {
          "type": "multi-move-tree",
          "from": "",
          "to": ""
        },
        {
          "type": "multi-move-tree",
          "from": "",
          "to": ""
        },
        {
          "type": "multi-move-tree",
          "from": "",
          "to": ""
        },
        {
          "type": "multi-move-tree",
          "from": "",
          "to": ""
        },
        {
          "type": "multi-move-tree",
          "from": "",
          "to": ""
        },
        {
          "type": "multi-move-tree",
          "from": "",
          "to": ""
        },
        {
          "type": "multi-move-tree",
          "from": "",
          "to": ""
        },
        {
          "type": "multi-move-tree",
          "from": "",
          "to": ""
        },
        {
          "type": "multi-move-tree",
          "from": "",
          "to": ""
        },
        {
          "type": "multi-move-tree",
          "from": "",
          "to": ""
        },
        {
          "type": "multi-move-tree",
          "from": "",
          "to": ""
        },
        {
          "type": "multi-move-tree",
          "from": "",
          "to": ""
        },
        {
          "type": "multi-move-tree",
          "from": "",
          "to": ""
        },
        {
          "type": "multi-move-tree",
          "from": "",
          "to": ""
        },
        {
          "type": "multi-move-tree",
          "from": "",
          "to": ""
        },
        {
          "type": "multi-move-tree",
          "from": "",
          "to": ""
        },
        {
          "type": "multi-move-tree",
          "from": "",
          "to": ""
        },
        {
          "type": "multi-move-tree",
          "from": "",
          "to": ""
        },
        {
          "type": "multi-move-tree",
          "from": "",
          "to": ""
        },
        {
          "type": "multi-move-tree",
          "from": "",
          "to": ""
        },
        {
          "type": "multi-move-tree",
          "from": "",
          "to": ""
        },
        {
          "type": "multi-move-tree",
          "from": "",
          "to": ""
        },
        {
          "type": "multi-move-tree",
          "from": "",
          "to": ""
        },
        {
          "type": "multi-move-tree",
          "from": "",
          "to": ""
        },
        {
          "type": "multi-move-tree",
          "from": "",
          "to": ""
        },
        {
          "type": "multi-move-tree",
          "from": "",
          "to": ""
        },
        {
          "type": "multi-move-tree",
          "from": "",
          "to": ""
        },
        {
          "type": "multi-move-tree",
          "from": "",
          "to": ""
        },
        {
          "type": "multi-move-tree",
          "from": "",
          "to": ""
        },
        {
          "type": "multi-move-tree",
          "from": "",
          "to": ""
        },
        {
          "type": "multi-move-tree",
          "from": "",
          "to": ""
        },
        {
          "type": "multi-move-tree",
          "from": "",
          "to": ""
        },
        {
          "type": "multi-move-tree",
          "from": "",
          "to": ""
        },
        {
          "type": "multi-move-tree",
          "from": "",
          "to": ""
        },
        {
          "type": "multi-move-tree",
          "from": "",
          "to": ""
        },
        {
          "type": "multi-move-tree",
          "from": "",
          "to": ""
        },
        {
          "type": "multi-move-tree",
          "from": "",
          "to": ""
        },
        {
          "type": "multi-move-tree",
          "from": "",
          "to": ""
        },
        {
          "type": "multi-move-tree",
          "from": "",
          "to": ""
        },
        {
          "type": "multi-move-tree",
          "from": "",
          "to": ""
        },
        {
          "type": "multi-move-tree",
          "from": "",
          "to": ""
        },
        {
          "type": "multi-move-tree",
          "from": "",
          "to": ""
        },
        {
          "type": "multi-move-tree",
          "from": "",
          "to": ""
        },
        {
          "type": "multi-move-tree",
          "from": "",
          "to": ""
        },
        {
          "type": "multi-move-tree",
          "from": "",
          "to": ""
        },
        {
          "type": "multi-move-tree",
          "from": "",
          "to": ""
        },
        {
          "type": "multi-move-tree",
          "from": "",
          "to": ""
        },
        {
          "type": "multi-move-tree",
          "from": "",
          "to": ""
        },
        {
          "type": "multi-move-tree",
          "from": "",
          "to": ""
        },
        {
          "type": "multi-move-tree",
          "from": "",
          "to": ""
        },
        {
          "type": "multi-move-tree",
          "from": "",
          "to": ""
        },
        {
          "type": "multi-move-tree",
          "from": "",
          "to": ""
        },
        {
          "type": "multi-move-tree",
          "from": "",
          "to": ""
        },
        {
          "type": "multi-move-tree",
          "from": "",
          "to": ""
        },
        {
          "type": "multi-move-tree",
          "from": "",
          "to": ""
        },
        {
          "type": "multi-move-tree",
          "from": "",
          "to": ""
        },
        {
          "type": "multi-move-tree",
          "from": "",
          "to": ""
        },
        {
          "type": "multi-move-tree",
          "from": "",
          "to": ""
        },
        {
          "type": "multi-move-tree",
          "from": "",
          "to": ""
        },
        {
          "type": "multi-move-tree",
          "from": "",
          "to": ""
        },
        {
          "type": "multi-move-tree",
          "from": "",
          "to": ""
        },
        {
          "type": "multi-move-tree",
          "from": "",
          "to": ""
        },
        {
          "type": "multi-move-tree",
          "from": "",
          "to": ""
        },
        {
          "type": "multi-move-tree",
          "from": "",
          "to": ""
        },
        {
          "type": "multi-move-tree",
          "from": "",
          "to": ""
        },
        {
          "type": "multi-move-tree",
          "from": "",
          "to": ""
        },
        {
          "type": "multi-move-tree",
          "from": "",
          "to": ""
        },
        {
          "type": "multi-move-tree",
          "from": "",
          "to": ""
        },
        {
          "type": "multi-move-tree",
          "from": "",
          "to": ""
        },
        {
          "type": "multi-move-tree",
          "from": "",
          "to": ""
        },
        {
          "type": "multi-move-tree",
          "from": "",
          "to": ""
        },
        {
          "type": "multi-move-tree",
          "from": "",
          "to": ""
        },
        {
          "type": "multi-move-tree",
          "from": "",
          "to": ""
        },
        {
          "type": "multi-move-tree",
          "from": "",
          "to": ""
        },
        {
          "type": "multi-move-tree",
          "from": "",
          "to": ""
        },
        {
          "type": "multi-move-tree",
          "from": "",
          "to": ""
        },
        {
          "type": "multi-move-tree",
          "from": "",
          "to": ""
        },
        {
          "type": "multi-move-tree",
          "from": "",
          "to": ""
        },
        {
          "type": "multi-move-tree",
          "from": "",
          "to": ""
        },
        {
          "type": "multi-move-tree",
          "from": "",
          "to": ""
        },
        {
          "type": "multi-move-tree",
          "from": "",
          "to": ""
        },
        {
          "type": "multi-move-tree",
          "from": "",
          "to": ""
        },
        {
          "type": "multi-move-tree",
          "from": "",
          "to": ""
        },
        {
          "type": "multi-move-tree",
          "from": "",
          "to": ""
        },
        {
          "type": "multi-move-tree",
          "from": "",
          "to": ""
        },
        {
          "type": "multi-move-tree",
          "from": "",
          "to": ""
        },
        {
          "type": "multi-move-tree",
          "from": "",
          "to": ""
        },
        {
          "type": "multi-move-tree",
          "from": "",
          "to": ""
        },
        {
          "type": "multi-move-tree",
          "from": "",
          "to": ""
        },
        {
          "type": "multi-move-tree",
          "from": "",
          "to": ""
        },
        {
          "type": "multi-move-tree",
          "from": "",
          "to": ""
        },
        {
          "type": "multi-move-tree",
          "from": "",
          "to": ""
        },
        {
          "type": "multi-move-tree",
          "from": "",
          "to": ""
        },
        {
          "type": "multi-move-tree",
          "from": "",
          "to": ""
        },
        {
          "type": "multi-move-tree",
          "from": "",
          "to": ""
        },
        {
          "type": "multi-move-tree",
          "from": "",
          "to": ""
        },
        {
          "type": "multi-move-tree",
          "from": "",
          "to": ""
        },
        {
          "type": "multi-move-tree",
          "from": "",
          "to": ""
        },
        {
          "type": "multi-move-tree",
          "from": "",
          "to": ""
        },
        {
          "type": "multi-move-tree",
          "from": "",
          "to": ""
        },
        {
          "type": "multi-move-tree",
          "from": "",
          "to": ""
        },
        {
          "type": "multi-move-tree",
          "from": "",
          "to": ""
        },
        {
          "type": "multi-move-tree",
          "from": "",
          "to": ""
        },
        {
          "type": "multi-move-tree",
          "from": "",
          "to": ""
        },
        {
          "type": "multi-move-tree",
          "from": "",
          "to": ""
        },
        {
          "type": "multi-move-tree",
          "from": "",
          "to": ""
        },
        {
          "type": "multi-move-tree",
          "from": "",
          "to": ""
        },
        {
          "type": "multi-move-tree",
          "from": "",
          "to": ""
        },
        {
          "type": "multi-move-tree",
          "from": "",
          "to": ""
        },
        {
          "type": "multi-move-tree",
          "from": "",
          "to": ""
        },
        {
          "type": "multi-move-tree",
          "from": "",
          "to": ""
        },
        {
          "type": "multi-move-tree",
          "from": "",
          "to": ""
        },
        {
          "type": "multi-move-tree",
          "from": "",
          "to": ""
        },
        {
          "type": "multi-move-tree",
          "from": "",
          "to": ""
        },
        {
          "type": "multi-move-tree",
          "from": "",
          "to": ""
        },
        {
          "type": "multi-move-tree",
          "from": "",
          "to": ""
        },
        {
          "type": "multi-move-tree",
          "from": "",
          "to": ""
        },
        {
          "type": "multi-move-tree",
          "from": "",
          "to": ""
        },
        {
          "type": "multi-move-tree",
          "from": "",
          "to": ""
        },
        {
          "type": "multi-move-tree",
          "from": "",
          "to": ""
        },
        {
          "type": "multi-move-tree",
          "from": "",
          "to": ""
        },
        {
          "type": "multi-move-tree",
          "from": "",
          "to": ""
        },
        {
          "type": "multi-move-tree",
          "from": "",
          "to": ""
        },
        {
          "type": "multi-move-tree",
          "from": "",
          "to": ""
        },
        {
          "type": "multi-move-tree",
          "from": "",
          "to": ""
        },
        {
          "type": "multi-move-tree",
          "from": "",
          "to": ""
        },
        {
          "type": "multi-move-tree",
          "from": "",
          "to": ""
        },
        {
          "type": "multi-move-tree",
          "from": "",
          "to": ""
        },
        {
          "type": "multi-move-tree",
          "from": "",
          "to": ""
        },
        {
          "type": "multi-move-tree",
          "from": "",
          "to": ""
        },
        {
          "type": "multi-move-tree",
          "from": "",
          "to": ""
        },
        {
          "type": "multi-move-tree",
          "from": "",
          "to": ""
        },
        {
          "type": "multi-move-tree",
          "from": "",
          "to": ""
        },
        {
          "type": "multi-move-tree",
          "from": "",
          "to": ""
        },
        {
          "type": "multi-move-tree",
          "from": "",
          "to": ""
        },
        {
          "type": "multi-move-tree",
          "from": "",
          "to": ""
        },
        {
          "type": "multi-move-tree",
          "from": "",
          "to": ""
        },
        {
          "type": "multi-move-tree",
          "from": "",
          "to": ""
        },
        {
          "type": "multi-move-tree",
          "from": "",
          "to": ""
        },
        {
          "type": "multi-move-tree",
          "from": "",
          "to": ""
        },
        {
          "type": "multi-move-tree",
          "from": "",
          "to": ""
        },
        {
          "type": "multi-move-tree",
          "from": "",
          "to": ""
        },
        {
          "type": "multi-move-tree",
          "from": "",
          "to": ""
        },
        {
          "type": "multi-move-tree",
          "from": "",
          "to": ""
        },
        {
          "type": "multi-move-tree",
          "from": "",
          "to": ""
        },
        {
          "type": "multi-move-tree",
          "from": "",
          "to": ""
        },
        {
          "type": "multi-move-tree",
          "from": "",
          "to": ""
        },
        {
          "type": "multi-move-tree",
          "from": "",
          "to": ""
        },
        {
          "type": "multi-move-tree",
          "from": "",
          "to": ""
        },
        {
          "type": "multi-move-tree",
          "from": "",
          "to": ""
        },
        {
          "type": "multi-move-tree",
          "from": "",
          "to": ""
        }
      ]
    }
  ],
  "fixing_type": {
    "add_classes": {
      "qualified_names": [],
      "num": 0
    },
    "delete_classes": {
      "qualified_names": [],
      "num": 0
    },
    "add_functions": {
      "qualified_names": [],
      "num": 0
    },
    "delete_functions": {
      "qualified_names": [],
      "num": 0
    }
  }
}