{
  "logger": {
    "currentLogLevel": 20,
    "name": "root.bean.benchmarks.Defects4JBug"
  },
  "d4jCmd": "/home/liumengjiao/Desktop/defects4j/framework/bin/defects4j",
  "dataDir": "data/changesInfo/",
  "properties": {
    "trigger.tests": "org.apache.commons.codec.language.CaverphoneTest::testLocaleIndependence,org.apache.commons.codec.language.DoubleMetaphoneTest::testLocaleIndependence,org.apache.commons.codec.language.MetaphoneTest::testLocaleIndependence,org.apache.commons.codec.language.RefinedSoundexTest::testLocaleIndependence,org.apache.commons.codec.language.SoundexTest::testLocaleIndependence",
    "test.dir": "src/test",
    "clz.modified": "org.apache.commons.codec.language.Caverphone,org.apache.commons.codec.language.Metaphone,org.apache.commons.codec.language.SoundexUtils",
    "src.dir": "src/java"
  },
  "timeoutSecond": 100,
  "proj": "Codec",
  "id": "1",
  "workingDir": "../bugs/Codec_1_tmp",
  "bug_name": "Codec_1",
  "derive": "defects4j",
  "trigger_tests": [
    {
      "test_class": "org.apache.commons.codec.language.CaverphoneTest",
      "test_function": "testLocaleIndependence",
      "exception": "junit.framework.ComparisonFailure",
      "message": "tr:  expected:\u003c[A]111111111\u003e but was:\u003c[1]111111111\u003e"
    }
  ],
  "fixing_changes": [
    {
      "changed_type": "UPDATE",
      "changed_class": [
        "src/java/org/apache/commons/codec/language/Caverphone.java",
        "src/java/org/apache/commons/codec/language/Caverphone.java"
      ],
      "changed_functions": [
        {
          "qualified_names": [
            "org.apache.commons.codec.language.Caverphone:caverphone:[String txt]:String"
          ],
          "num": 1
        },
        {
          "qualified_names": [
            "org.apache.commons.codec.language.Caverphone:caverphone:[String txt]:String"
          ],
          "num": 1
        }
      ],
      "changed_lines": [
        {
          "qualified_names": [
            "59"
          ],
          "num": 1
        },
        {
          "qualified_names": [
            "59"
          ],
          "num": 1
        }
      ],
      "diff": "diff --git a/src/java/org/apache/commons/codec/language/Caverphone.java b/src/java/org/apache/commons/codec/language/Caverphone.java\nindex ea43985..0712295 100644\n--- a/src/java/org/apache/commons/codec/language/Caverphone.java\n+++ b/src/java/org/apache/commons/codec/language/Caverphone.java\n@@ -56,7 +56,7 @@\n         }\n \n         // 1. Convert to lowercase\n-        txt \u003d txt.toLowerCase(java.util.Locale.ENGLISH);\n+        txt \u003d txt.toLowerCase();\n \n         // 2. Remove anything not A-Z\n         txt \u003d txt.replaceAll(\"[^a-z]\", \"\");\n",
      "operations": [
        {
          "type": "delete-tree",
          "from": "METHOD_INVOCATION_ARGUMENTS [2109,2133]",
          "to": ""
        }
      ]
    },
    {
      "changed_type": "UPDATE",
      "changed_class": [
        "src/java/org/apache/commons/codec/language/Metaphone.java",
        "src/java/org/apache/commons/codec/language/Metaphone.java"
      ],
      "changed_functions": [
        {
          "qualified_names": [
            "org.apache.commons.codec.language.Metaphone:metaphone:[String txt]:String"
          ],
          "num": 1
        },
        {
          "qualified_names": [
            "org.apache.commons.codec.language.Metaphone:metaphone:[String txt]:String"
          ],
          "num": 1
        }
      ],
      "changed_lines": [
        {
          "qualified_names": [
            "88"
          ],
          "num": 1
        },
        {
          "qualified_names": [
            "88"
          ],
          "num": 1
        }
      ],
      "diff": "diff --git a/src/java/org/apache/commons/codec/language/Metaphone.java b/src/java/org/apache/commons/codec/language/Metaphone.java\nindex a90e0ae..88fea67 100644\n--- a/src/java/org/apache/commons/codec/language/Metaphone.java\n+++ b/src/java/org/apache/commons/codec/language/Metaphone.java\n@@ -85,7 +85,7 @@\n         }\n         // single character is itself\n         if (txt.length() \u003d\u003d 1) {\n-            return txt.toUpperCase(java.util.Locale.ENGLISH) ;\n+            return txt.toUpperCase() ;\n         }\n       \n         char[] inwd \u003d txt.toUpperCase(java.util.Locale.ENGLISH).toCharArray() ;\n",
      "operations": [
        {
          "type": "delete-tree",
          "from": "METHOD_INVOCATION_ARGUMENTS [3028,3052]",
          "to": ""
        }
      ]
    },
    {
      "changed_type": "UPDATE",
      "changed_class": [
        "src/java/org/apache/commons/codec/language/SoundexUtils.java",
        "src/java/org/apache/commons/codec/language/SoundexUtils.java"
      ],
      "changed_functions": [
        {
          "qualified_names": [
            "org.apache.commons.codec.language.SoundexUtils:clean:[String str]:String"
          ],
          "num": 1
        },
        {
          "qualified_names": [
            "org.apache.commons.codec.language.SoundexUtils:clean:[String str]:String"
          ],
          "num": 1
        }
      ],
      "changed_lines": [
        {
          "qualified_names": [
            "53"
          ],
          "num": 1
        },
        {
          "qualified_names": [
            "53"
          ],
          "num": 1
        }
      ],
      "diff": "diff --git a/src/java/org/apache/commons/codec/language/SoundexUtils.java b/src/java/org/apache/commons/codec/language/SoundexUtils.java\nindex 2b04c08..1c6b983 100644\n--- a/src/java/org/apache/commons/codec/language/SoundexUtils.java\n+++ b/src/java/org/apache/commons/codec/language/SoundexUtils.java\n@@ -50,7 +50,7 @@\n             }\n         }\n         if (count \u003d\u003d len) {\n-            return str.toUpperCase(java.util.Locale.ENGLISH);\n+            return str.toUpperCase();\n         }\n         return new String(chars, 0, count).toUpperCase(java.util.Locale.ENGLISH);\n     }\n",
      "operations": [
        {
          "type": "delete-tree",
          "from": "METHOD_INVOCATION_ARGUMENTS [1775,1799]",
          "to": ""
        }
      ]
    }
  ],
  "fixing_type": {
    "add_classes": {
      "qualified_names": [],
      "num": 0
    },
    "delete_classes": {
      "qualified_names": [],
      "num": 0
    },
    "add_functions": {
      "qualified_names": [],
      "num": 0
    },
    "delete_functions": {
      "qualified_names": [],
      "num": 0
    }
  }
}