{
  "logger": {
    "currentLogLevel": 20,
    "name": "root.bean.benchmarks.Defects4JBug"
  },
  "d4jCmd": "/home/liumengjiao/Desktop/defects4j/framework/bin/defects4j",
  "dataDir": "data/changesInfo/",
  "properties": {
    "trigger.tests": "org.jfree.chart.axis.junit.LogAxisTests::testXYAutoRange1,org.jfree.chart.axis.junit.LogAxisTests::testXYAutoRange2,org.jfree.chart.axis.junit.NumberAxisTests::testXYAutoRange1,org.jfree.chart.axis.junit.NumberAxisTests::testXYAutoRange2,org.jfree.chart.axis.junit.ValueAxisTests::testAxisMargins,org.jfree.chart.junit.JFreeChartTests::testSerialization4,org.jfree.chart.junit.ScatterPlotTests::testDrawWithNullInfo,org.jfree.chart.junit.ScatterPlotTests::testSetSeriesToolTipGenerator,org.jfree.chart.junit.ScatterPlotTests::testReplaceDataset,org.jfree.chart.junit.TimeSeriesChartTests::testDrawWithNullInfo,org.jfree.chart.junit.TimeSeriesChartTests::testSetSeriesToolTipGenerator,org.jfree.chart.junit.TimeSeriesChartTests::testReplaceDataset,org.jfree.chart.junit.XYAreaChartTests::testDrawWithNullInfo,org.jfree.chart.junit.XYAreaChartTests::testSetSeriesToolTipGenerator,org.jfree.chart.junit.XYAreaChartTests::testReplaceDataset,org.jfree.chart.junit.XYStepAreaChartTests::testDrawWithNullInfo,org.jfree.chart.junit.XYStepAreaChartTests::testSetSeriesToolTipGenerator,org.jfree.chart.junit.XYStepAreaChartTests::testReplaceDataset,org.jfree.chart.junit.XYStepChartTests::testDrawWithNullInfo,org.jfree.chart.junit.XYStepChartTests::testSetSeriesToolTipGenerator,org.jfree.chart.junit.XYStepChartTests::testReplaceDataset,org.jfree.chart.plot.junit.XYPlotTests::testDrawRangeGridlines",
    "test.dir": "tests",
    "clz.modified": "org.jfree.chart.plot.XYPlot",
    "src.dir": "source"
  },
  "timeoutSecond": 100,
  "proj": "Chart",
  "id": "4",
  "workingDir": "../bugs/Chart_4_tmp",
  "bug_name": "Chart_4",
  "derive": "defects4j",
  "trigger_tests": [
    {
      "test_class": "org.jfree.chart.axis.junit.LogAxisTests",
      "test_function": "testXYAutoRange1",
      "assertion_line": "260",
      "exception": "java.lang.NullPointerException",
      "message": ""
    },
    {
      "test_class": "org.jfree.chart.axis.junit.LogAxisTests",
      "test_function": "testXYAutoRange2",
      "assertion_line": "288",
      "exception": "java.lang.NullPointerException",
      "message": ""
    },
    {
      "test_class": "org.jfree.chart.axis.junit.NumberAxisTests",
      "test_function": "testXYAutoRange1",
      "assertion_line": "354",
      "exception": "java.lang.NullPointerException",
      "message": ""
    },
    {
      "test_class": "org.jfree.chart.axis.junit.NumberAxisTests",
      "test_function": "testXYAutoRange2",
      "assertion_line": "382",
      "exception": "java.lang.NullPointerException",
      "message": ""
    },
    {
      "test_class": "org.jfree.chart.axis.junit.ValueAxisTests",
      "test_function": "testAxisMargins",
      "assertion_line": "234",
      "exception": "java.lang.NullPointerException",
      "message": ""
    },
    {
      "test_class": "org.jfree.chart.junit.JFreeChartTests",
      "test_function": "testSerialization4",
      "assertion_line": "448",
      "exception": "java.lang.NullPointerException",
      "message": ""
    },
    {
      "test_class": "org.jfree.chart.junit.ScatterPlotTests",
      "test_function": "testDrawWithNullInfo",
      "assertion_line": "181",
      "exception": "java.lang.NullPointerException",
      "message": ""
    },
    {
      "test_class": "org.jfree.chart.junit.ScatterPlotTests",
      "test_function": "testSetSeriesToolTipGenerator",
      "assertion_line": "181",
      "exception": "java.lang.NullPointerException",
      "message": ""
    },
    {
      "test_class": "org.jfree.chart.junit.ScatterPlotTests",
      "test_function": "testReplaceDataset",
      "assertion_line": "181",
      "exception": "java.lang.NullPointerException",
      "message": ""
    },
    {
      "test_class": "org.jfree.chart.junit.TimeSeriesChartTests",
      "test_function": "testDrawWithNullInfo",
      "assertion_line": "176",
      "exception": "java.lang.NullPointerException",
      "message": ""
    },
    {
      "test_class": "org.jfree.chart.junit.TimeSeriesChartTests",
      "test_function": "testSetSeriesToolTipGenerator",
      "assertion_line": "176",
      "exception": "java.lang.NullPointerException",
      "message": ""
    },
    {
      "test_class": "org.jfree.chart.junit.TimeSeriesChartTests",
      "test_function": "testReplaceDataset",
      "assertion_line": "176",
      "exception": "java.lang.NullPointerException",
      "message": ""
    },
    {
      "test_class": "org.jfree.chart.junit.XYAreaChartTests",
      "test_function": "testDrawWithNullInfo",
      "assertion_line": "178",
      "exception": "java.lang.NullPointerException",
      "message": ""
    },
    {
      "test_class": "org.jfree.chart.junit.XYAreaChartTests",
      "test_function": "testSetSeriesToolTipGenerator",
      "assertion_line": "178",
      "exception": "java.lang.NullPointerException",
      "message": ""
    },
    {
      "test_class": "org.jfree.chart.junit.XYAreaChartTests",
      "test_function": "testReplaceDataset",
      "assertion_line": "178",
      "exception": "java.lang.NullPointerException",
      "message": ""
    },
    {
      "test_class": "org.jfree.chart.junit.XYStepAreaChartTests",
      "test_function": "testDrawWithNullInfo",
      "assertion_line": "177",
      "exception": "java.lang.NullPointerException",
      "message": ""
    },
    {
      "test_class": "org.jfree.chart.junit.XYStepAreaChartTests",
      "test_function": "testSetSeriesToolTipGenerator",
      "assertion_line": "177",
      "exception": "java.lang.NullPointerException",
      "message": ""
    },
    {
      "test_class": "org.jfree.chart.junit.XYStepAreaChartTests",
      "test_function": "testReplaceDataset",
      "assertion_line": "177",
      "exception": "java.lang.NullPointerException",
      "message": ""
    },
    {
      "test_class": "org.jfree.chart.junit.XYStepChartTests",
      "test_function": "testDrawWithNullInfo",
      "assertion_line": "177",
      "exception": "java.lang.NullPointerException",
      "message": ""
    },
    {
      "test_class": "org.jfree.chart.junit.XYStepChartTests",
      "test_function": "testSetSeriesToolTipGenerator",
      "assertion_line": "177",
      "exception": "java.lang.NullPointerException",
      "message": ""
    },
    {
      "test_class": "org.jfree.chart.junit.XYStepChartTests",
      "test_function": "testReplaceDataset",
      "assertion_line": "177",
      "exception": "java.lang.NullPointerException",
      "message": ""
    },
    {
      "test_class": "org.jfree.chart.plot.junit.XYPlotTests",
      "test_function": "testDrawRangeGridlines",
      "assertion_line": "1056",
      "exception": "java.lang.NullPointerException",
      "message": ""
    }
  ],
  "fixing_changes": [
    {
      "changed_type": "UPDATE",
      "changed_class": [
        "source/org/jfree/chart/plot/XYPlot.java",
        "source/org/jfree/chart/plot/XYPlot.java"
      ],
      "changed_functions": [
        {
          "qualified_names": [
            "org.jfree.chart.plot.XYPlot:getDataRange:[ValueAxis axis]:Range"
          ],
          "num": 1
        },
        {
          "qualified_names": [
            "org.jfree.chart.plot.XYPlot:getDataRange:[ValueAxis axis]:Range"
          ],
          "num": 1
        }
      ],
      "changed_lines": [
        {
          "qualified_names": [
            "4493",
            "4502"
          ],
          "num": 2
        },
        {
          "qualified_names": [
            "4492",
            "4502"
          ],
          "num": 2
        }
      ],
      "diff": "diff --git a/source/org/jfree/chart/plot/XYPlot.java b/source/org/jfree/chart/plot/XYPlot.java\nindex 6536d1d..ec26162 100644\n--- a/source/org/jfree/chart/plot/XYPlot.java\n+++ b/source/org/jfree/chart/plot/XYPlot.java\n@@ -4490,7 +4490,6 @@\n                     }\r\n                 }\r\n                 \r\n-                if (r !\u003d null) {\r\n                     Collection c \u003d r.getAnnotations();\r\n                     Iterator i \u003d c.iterator();\r\n                     while (i.hasNext()) {\r\n@@ -4499,7 +4498,6 @@\n                             includedAnnotations.add(a);\r\n                         }\r\n                     }\r\n-                }\r\n             }\r\n         }\r\n \r\n",
      "operations": [
        {
          "type": "move-tree",
          "from": "",
          "to": ""
        },
        {
          "type": "move-tree",
          "from": "",
          "to": ""
        },
        {
          "type": "move-tree",
          "from": "",
          "to": ""
        },
        {
          "type": "delete-tree",
          "from": "InfixExpression [160953,160962]",
          "to": ""
        },
        {
          "type": "delete-node",
          "from": "Block [160964,161373]",
          "to": ""
        },
        {
          "type": "delete-node",
          "from": "IfStatement [160949,161373]",
          "to": ""
        }
      ]
    }
  ],
  "fixing_type": {
    "add_classes": {
      "qualified_names": [],
      "num": 0
    },
    "delete_classes": {
      "qualified_names": [],
      "num": 0
    },
    "add_functions": {
      "qualified_names": [],
      "num": 0
    },
    "delete_functions": {
      "qualified_names": [],
      "num": 0
    }
  }
}