{
  "logger": {
    "currentLogLevel": 20,
    "name": "root.bean.benchmarks.Defects4JBug"
  },
  "d4jCmd": "/home/liumengjiao/Desktop/defects4j/framework/bin/defects4j",
  "dataDir": "data/changesInfo/",
  "properties": {
    "trigger.tests": "org.jfree.data.time.junit.TimePeriodValuesTests::testGetMaxMiddleIndex",
    "test.dir": "tests",
    "clz.modified": "org.jfree.data.time.TimePeriodValues",
    "src.dir": "source"
  },
  "timeoutSecond": 100,
  "proj": "Chart",
  "id": "7",
  "workingDir": "../bugs/Chart_7_tmp",
  "bug_name": "Chart_7",
  "derive": "defects4j",
  "trigger_tests": [
    {
      "test_class": "org.jfree.data.time.junit.TimePeriodValuesTests",
      "test_function": "testGetMaxMiddleIndex",
      "assertion_line": "377",
      "exception": "junit.framework.AssertionFailedError",
      "message": "expected:\u003c1\u003e but was:\u003c3\u003e"
    }
  ],
  "fixing_changes": [
    {
      "changed_type": "UPDATE",
      "changed_class": [
        "source/org/jfree/data/time/TimePeriodValues.java",
        "source/org/jfree/data/time/TimePeriodValues.java"
      ],
      "changed_functions": [
        {
          "qualified_names": [
            "org.jfree.data.time.TimePeriodValues:updateBounds:[TimePeriod period, int index]:void"
          ],
          "num": 1
        },
        {
          "qualified_names": [
            "org.jfree.data.time.TimePeriodValues:updateBounds:[TimePeriod period, int index]:void"
          ],
          "num": 1
        }
      ],
      "changed_lines": [
        {
          "qualified_names": [
            "300",
            "302"
          ],
          "num": 2
        },
        {
          "qualified_names": [
            "300",
            "302"
          ],
          "num": 2
        }
      ],
      "diff": "diff --git a/source/org/jfree/data/time/TimePeriodValues.java b/source/org/jfree/data/time/TimePeriodValues.java\nindex 589c7ca..0a3e7a1 100644\n--- a/source/org/jfree/data/time/TimePeriodValues.java\n+++ b/source/org/jfree/data/time/TimePeriodValues.java\n@@ -297,9 +297,9 @@\n         }\r\n         \r\n         if (this.maxMiddleIndex \u003e\u003d 0) {\r\n-            long s \u003d getDataItem(this.maxMiddleIndex).getPeriod().getStart()\r\n+            long s \u003d getDataItem(this.minMiddleIndex).getPeriod().getStart()\r\n                 .getTime();\r\n-            long e \u003d getDataItem(this.maxMiddleIndex).getPeriod().getEnd()\r\n+            long e \u003d getDataItem(this.minMiddleIndex).getPeriod().getEnd()\r\n                 .getTime();\r\n             long maxMiddle \u003d s + (e - s) / 2;\r\n             if (middle \u003e maxMiddle) {\r\n",
      "operations": [
        {
          "type": "update-node",
          "from": "",
          "to": ""
        },
        {
          "type": "update-node",
          "from": "",
          "to": ""
        }
      ]
    }
  ],
  "fixing_type": {
    "add_classes": {
      "qualified_names": [],
      "num": 0
    },
    "delete_classes": {
      "qualified_names": [],
      "num": 0
    },
    "add_functions": {
      "qualified_names": [],
      "num": 0
    },
    "delete_functions": {
      "qualified_names": [],
      "num": 0
    }
  }
}