{
  "logger": {
    "currentLogLevel": 20,
    "name": "root.bean.benchmarks.Defects4JBug"
  },
  "d4jCmd": "/home/liumengjiao/Desktop/defects4j/framework/bin/defects4j",
  "dataDir": "data/changesInfo/",
  "properties": {
    "trigger.tests": "org.apache.commons.cli.TypeHandlerTest::testCreateValueInteger_failure",
    "test.dir": "src/test/java",
    "clz.modified": "org.apache.commons.cli.TypeHandler",
    "src.dir": "src/main/java"
  },
  "timeoutSecond": 100,
  "proj": "Cli",
  "id": "40",
  "workingDir": "../bugs/Cli_40_tmp",
  "bug_name": "Cli_40",
  "derive": "defects4j",
  "trigger_tests": [
    {
      "test_class": "org.apache.commons.cli.TypeHandlerTest",
      "test_function": "testCreateValueInteger_failure",
      "exception": "junit.framework.AssertionFailedError",
      "message": "Expected exception: org.apache.commons.cli.ParseException"
    }
  ],
  "fixing_changes": [
    {
      "changed_type": "UPDATE",
      "changed_class": [
        "src/main/java/org/apache/commons/cli/TypeHandler.java",
        "src/main/java/org/apache/commons/cli/TypeHandler.java"
      ],
      "changed_functions": [
        {
          "qualified_names": [
            "org.apache.commons.cli.TypeHandler:createValue:[final String str, final Class\u003cT\u003e clazz]:T"
          ],
          "num": 1
        },
        {
          "qualified_names": [
            "org.apache.commons.cli.TypeHandler:createValue:[final String str, final Class\u003cT\u003e clazz]:T"
          ],
          "num": 1
        }
      ],
      "changed_lines": [
        {
          "qualified_names": [
            "103"
          ],
          "num": 1
        },
        {
          "qualified_names": [
            "103"
          ],
          "num": 1
        }
      ],
      "diff": "diff --git a/src/main/java/org/apache/commons/cli/TypeHandler.java b/src/main/java/org/apache/commons/cli/TypeHandler.java\nindex 9ed8beb..6bd84b0 100644\n--- a/src/main/java/org/apache/commons/cli/TypeHandler.java\n+++ b/src/main/java/org/apache/commons/cli/TypeHandler.java\n@@ -100,7 +100,7 @@\n         }\n         else\n         {\n-            throw new ParseException(\"Unable to handle the class: \" + clazz);\n+            return null;\n         }\n     }\n \n",
      "operations": [
        {
          "type": "insert-tree",
          "from": "",
          "to": "ReturnStatement [3551,3563]"
        },
        {
          "type": "delete-tree",
          "from": "ThrowStatement [3551,3616]",
          "to": ""
        }
      ]
    }
  ],
  "fixing_type": {
    "add_classes": {
      "qualified_names": [],
      "num": 0
    },
    "delete_classes": {
      "qualified_names": [],
      "num": 0
    },
    "add_functions": {
      "qualified_names": [],
      "num": 0
    },
    "delete_functions": {
      "qualified_names": [],
      "num": 0
    }
  }
}