{
  "logger": {
    "currentLogLevel": 20,
    "name": "root.bean.benchmarks.Defects4JBug"
  },
  "d4jCmd": "/home/liumengjiao/Desktop/defects4j/framework/bin/defects4j",
  "dataDir": "data/changesInfo/",
  "properties": {
    "trigger.tests": "org.jsoup.select.QueryParserTest::testParsesSingleQuoteInContains,org.jsoup.select.QueryParserTest::exceptionOnUncloseAttribute",
    "test.dir": "src/test/java",
    "clz.modified": "org.jsoup.parser.TokenQueue,org.jsoup.select.QueryParser",
    "src.dir": "src/main/java"
  },
  "timeoutSecond": 100,
  "proj": "Jsoup",
  "id": "60",
  "workingDir": "../bugs/Jsoup_60_tmp",
  "bug_name": "Jsoup_60",
  "derive": "defects4j",
  "trigger_tests": [
    {
      "test_class": "org.jsoup.select.QueryParserTest",
      "test_function": "testParsesSingleQuoteInContains",
      "assertion_line": "44",
      "exception": "junit.framework.AssertionFailedError",
      "message": "Expected exception: org.jsoup.select.Selector$SelectorParseException"
    }
  ],
  "fixing_changes": [
    {
      "changed_type": "UPDATE",
      "changed_class": [
        "src/main/java/org/jsoup/parser/TokenQueue.java",
        "src/main/java/org/jsoup/parser/TokenQueue.java"
      ],
      "changed_functions": [
        {
          "qualified_names": [
            "org.jsoup.parser.TokenQueue:chompBalanced:[char open, char close]:String"
          ],
          "num": 1
        },
        {
          "qualified_names": [
            "org.jsoup.parser.TokenQueue:chompBalanced:[char open, char close]:String"
          ],
          "num": 1
        }
      ],
      "changed_lines": [
        {
          "qualified_names": [
            "289",
            "290",
            "291"
          ],
          "num": 3
        },
        {
          "qualified_names": [
            "288"
          ],
          "num": 1
        }
      ],
      "diff": "diff --git a/src/main/java/org/jsoup/parser/TokenQueue.java b/src/main/java/org/jsoup/parser/TokenQueue.java\nindex ffcb4a4..fc22b04 100644\n--- a/src/main/java/org/jsoup/parser/TokenQueue.java\n+++ b/src/main/java/org/jsoup/parser/TokenQueue.java\n@@ -286,9 +286,6 @@\n             last \u003d c;\n         } while (depth \u003e 0);\n         final String out \u003d (end \u003e\u003d 0) ? queue.substring(start, end) : \"\";\n-        if (depth \u003e 0) {// ran out of queue before seeing enough )\n-            Validate.fail(\"Did not find balanced maker at \" + out);\n-        }\n         return out;\n     }\n     \n",
      "operations": [
        {
          "type": "delete-tree",
          "from": "IfStatement [9050,9186]",
          "to": ""
        }
      ]
    },
    {
      "changed_type": "UPDATE",
      "changed_class": [
        "src/main/java/org/jsoup/select/QueryParser.java",
        "src/main/java/org/jsoup/select/QueryParser.java"
      ],
      "changed_functions": [
        {
          "qualified_names": [
            "org.jsoup.select.QueryParser:parse:[String query]:Evaluator"
          ],
          "num": 1
        },
        {
          "qualified_names": [
            "org.jsoup.select.QueryParser:parse:[String query]:Evaluator"
          ],
          "num": 1
        }
      ],
      "changed_lines": [
        {
          "qualified_names": [
            "38",
            "41",
            "42",
            "43"
          ],
          "num": 4
        },
        {
          "qualified_names": [
            "37"
          ],
          "num": 1
        }
      ],
      "diff": "diff --git a/src/main/java/org/jsoup/select/QueryParser.java b/src/main/java/org/jsoup/select/QueryParser.java\nindex d3a2041..923cfe9 100644\n--- a/src/main/java/org/jsoup/select/QueryParser.java\n+++ b/src/main/java/org/jsoup/select/QueryParser.java\n@@ -35,12 +35,8 @@\n      * @return Evaluator\n      */\n     public static Evaluator parse(String query) {\n-        try {\n             QueryParser p \u003d new QueryParser(query);\n             return p.parse();\n-        } catch (IllegalArgumentException e) {\n-            throw new Selector.SelectorParseException(e.getMessage());\n-        }\n     }\n \n     /**\n",
      "operations": [
        {
          "type": "move-tree",
          "from": "",
          "to": ""
        },
        {
          "type": "move-tree",
          "from": "",
          "to": ""
        },
        {
          "type": "delete-node",
          "from": "Block [1000,1093]",
          "to": ""
        },
        {
          "type": "delete-tree",
          "from": "CatchClause [1094,1211]",
          "to": ""
        },
        {
          "type": "delete-node",
          "from": "TryStatement [996,1211]",
          "to": ""
        }
      ]
    }
  ],
  "fixing_type": {
    "add_classes": {
      "qualified_names": [],
      "num": 0
    },
    "delete_classes": {
      "qualified_names": [],
      "num": 0
    },
    "add_functions": {
      "qualified_names": [],
      "num": 0
    },
    "delete_functions": {
      "qualified_names": [],
      "num": 0
    }
  }
}