{
  "logger": {
    "currentLogLevel": 20,
    "name": "root.bean.benchmarks.Defects4JBug"
  },
  "d4jCmd": "/home/liumengjiao/Desktop/defects4j/framework/bin/defects4j",
  "dataDir": "data/changesInfo/",
  "properties": {
    "trigger.tests": "org.mockito.internal.invocation.InvocationMatcherTest::shouldMatchCaptureArgumentsWhenArgsCountDoesNOTMatch,org.mockitousage.basicapi.UsingVarargsTest::shouldMatchEasilyEmptyVararg",
    "test.dir": "test",
    "clz.modified": "org.mockito.internal.invocation.InvocationMatcher",
    "src.dir": "src"
  },
  "timeoutSecond": 100,
  "proj": "Mockito",
  "id": "34",
  "workingDir": "../bugs/Mockito_34_tmp",
  "bug_name": "Mockito_34",
  "derive": "defects4j",
  "trigger_tests": [
    {
      "test_class": "org.mockito.internal.invocation.InvocationMatcherTest",
      "test_function": "shouldMatchCaptureArgumentsWhenArgsCountDoesNOTMatch",
      "assertion_line": "152",
      "exception": "java.lang.ArrayIndexOutOfBoundsException",
      "message": "0"
    },
    {
      "test_class": "org.mockitousage.basicapi.UsingVarargsTest",
      "test_function": "shouldMatchEasilyEmptyVararg",
      "assertion_line": "175",
      "exception": "java.lang.ArrayIndexOutOfBoundsException",
      "message": "0"
    }
  ],
  "fixing_changes": [
    {
      "changed_type": "UPDATE",
      "changed_class": [
        "src/org/mockito/internal/invocation/InvocationMatcher.java",
        "src/org/mockito/internal/invocation/InvocationMatcher.java"
      ],
      "changed_functions": [
        {
          "qualified_names": [
            "org.mockito.internal.invocation.InvocationMatcher:captureArgumentsFrom:[Invocation i]:void"
          ],
          "num": 1
        },
        {
          "qualified_names": [
            "org.mockito.internal.invocation.InvocationMatcher:captureArgumentsFrom:[Invocation i]:void"
          ],
          "num": 1
        }
      ],
      "changed_lines": [
        {
          "qualified_names": [
            "106"
          ],
          "num": 1
        },
        {
          "qualified_names": [
            "106"
          ],
          "num": 1
        }
      ],
      "diff": "diff --git a/src/org/mockito/internal/invocation/InvocationMatcher.java b/src/org/mockito/internal/invocation/InvocationMatcher.java\nindex f15b9d4..c72b119 100644\n--- a/src/org/mockito/internal/invocation/InvocationMatcher.java\n+++ b/src/org/mockito/internal/invocation/InvocationMatcher.java\n@@ -103,7 +103,7 @@\n     public void captureArgumentsFrom(Invocation i) {\n         int k \u003d 0;\n         for (Matcher m : matchers) {\n-            if (m instanceof CapturesArguments \u0026\u0026 i.getArguments().length \u003e k) {\n+            if (m instanceof CapturesArguments) {\n                 ((CapturesArguments) m).captureFrom(i.getArguments()[k]);\n             }\n             k++;\n",
      "operations": [
        {
          "type": "move-tree",
          "from": "",
          "to": ""
        },
        {
          "type": "delete-node",
          "from": "INFIX_EXPRESSION_OPERATOR: \u0026\u0026 [3533,3535]",
          "to": ""
        },
        {
          "type": "delete-tree",
          "from": "InfixExpression [3536,3563]",
          "to": ""
        },
        {
          "type": "delete-node",
          "from": "InfixExpression [3502,3563]",
          "to": ""
        }
      ]
    }
  ],
  "fixing_type": {
    "add_classes": {
      "qualified_names": [],
      "num": 0
    },
    "delete_classes": {
      "qualified_names": [],
      "num": 0
    },
    "add_functions": {
      "qualified_names": [],
      "num": 0
    },
    "delete_functions": {
      "qualified_names": [],
      "num": 0
    }
  }
}